LGU_clean,election_year,incumbent_name,dynasty,ira_share,local_rev_pc,enc_gol,income_class,region,health_mn_post3,educ_mn_post3,pubwelf_mn_post3,socserv_mn_post3,econdev_mn_post3,labor_mn_post3,housing_mn_post3,gov_mn_post3,totexp_mn_post3,health_mn_pre3,educ_mn_pre3,pubwelf_mn_pre3,socserv_mn_pre3,econdev_mn_pre3,labor_mn_pre3,housing_mn_pre3,gov_mn_pre3,totexp_mn_pre3
ABRA,1992.0,"VALERA, VICENTE P.",0,0.9713652729988098,1.194074034690857,1.8491697311401367,3,CAR,0.0,0.0,9.614391485850016,0.0,25.4559752146403,0.0,0.0,20.098226229349773,76.32127126057942,,,,,,,,,
ABRA,1995.0,"VALERA, VICENTE YSIDRO P.",1,0.971737265586853,3.0223870277404785,1.0989365577697754,3,CAR,0.0,0.0,19.44719918568929,0.0,33.74836858113607,0.0,0.0,30.429821014404297,131.0827433268229,0.0,0.0,7.4050685067971544,0.0,21.006107330322266,0.0,0.0,17.130192120869953,61.93040211995443
ABRA,1998.0,"VALERA, MA. ZITA CLAUSTRO",1,0.720106303691864,60.83515167236328,1.9435614347457886,3,CAR,24.752644856770832,0.3524893522262573,87.72688547770183,1.5858303705851238,48.42503229777018,0.0,0.0,56.91417694091797,286.6509501139323,0.0,0.0,7.066813945770264,0.0,29.322189331054688,0.0,0.0,25.348583221435547,84.82135009765625
ABRA,2001.0,"VALERA, VICENTE P.",1,0.7494106292724609,12.709433555603027,1.5489224195480347,3,CAR,87.7630844116211,1.3307931174834569,161.7084757486979,5.204718112945557,55.246255238850914,0.0,0.0,67.40987777709961,347.32672119140625,0.0,0.0,53.222320556640625,0.0,44.832892100016274,0.0,0.0,47.8953488667806,258.8397725423177
ABRA,2004.0,"VALERA, VICENTE P.",1,0.7019723653793335,28.07851219177246,1.3217536211013794,3,CAR,128.00233205159506,1.9244939982891083,221.39258321126303,5.314695835113525,103.13689676920573,0.0,0.0,86.15106455485027,499.1756184895833,82.26456451416016,0.8848159462213516,155.25762939453125,4.88038698832194,54.16788864135742,0.0,0.0,67.22786331176758,328.6144307454427
ABRA,2007.0,"BERSAMIN, EUSTAQUIO PURUGGANAN",0,0.6864194273948669,27.399410247802734,1.6443742513656616,3,CAR,112.88697306315105,2.1403429905573526,81.84367116292317,10.76172145207723,117.94836934407552,0.0,0.0,162.25164286295572,470.4496256510417,116.78360239664714,2.189302533864975,205.89335123697916,5.283044656117757,85.78901799519856,0.0,0.0,81.6374028523763,456.11768595377606
ABRA,2010.0,"BERSAMIN, EUSTAQUIO PURUGGANAN",1,0.6387047171592712,33.210941314697266,1.0463632345199585,3,CAR,147.59911092122397,2.734628995259603,118.61344559987386,23.4321387608846,121.7742411295573,0.0,0.0,346.46973673502606,668.0571899414062,114.79141743977864,1.8016270001729329,107.79455312093098,7.901605606079102,126.14967346191406,0.0,0.0,110.30965169270833,474.3686014811198
ABRA,2013.0,"BERSAMIN, EUSTAQUIO PURUGGANAN",1,0.6478574275970459,40.51002502441406,1.2446894645690918,3,CAR,159.8714141845703,4.407881498336792,231.52953084309897,18.21440823872884,124.1368408203125,0.0,0.0,177.18900044759116,551.8031616210938,133.18737284342447,2.431761105855306,159.37537638346353,23.7562468846639,105.31656392415364,0.0,0.0,317.31414286295575,608.8214619954427
ABRA,2016.0,"BERNOS, MARIA JOCELYN VALERA",0,0.640135645866394,120.55709838867188,1.939278483390808,3,CAR,319.81048075358075,4.1124541362126665,349.06895955403644,25.146027247111004,129.9506047566732,0.0,0.0,443.70765177408856,933.4615478515625,136.3711954752604,3.616501967112223,148.80538590749106,14.93429152170817,121.32614135742188,0.0,0.0,217.19082641601562,561.4206746419271
ABRA,2019.0,"BERNOS, MARIA JOCELYN VALERA",1,0.9420928955078125,62.74435806274414,1.325655221939087,3,CAR,210.9716796875,9.884470224380493,381.2784423828125,37.97998062769572,264.13218688964844,0.0,0.0,522.5222981770834,1180.7264404296875,319.16994222005206,5.8430148760477705,349.1356913248698,24.122732798258465,142.44667307535806,0.0,0.0,402.1759490966797,907.1588134765625
ABRA,2022.0,"VALERA, DOMINIC BOSUEGO",0,0.5466043949127197,45.11509323120117,2.03773832321167,3,CAR,,,,,,,,,,183.6037851969401,5.2204142808914185,339.4328206380208,28.166306336720783,259.9922409057617,0.0,0.0,437.3688659667969,1049.4664510091145
AGUSAN DEL NORTE,1992.0,"RAMA, EDUARDO L.",0,0.9123236536979675,3.3134539127349854,2.195413112640381,3,Northern Mindanao,0.0,0.0,25.981421152750652,0.0,12.019768397013346,0.0,0.0,16.270557085673016,107.79740905761719,,,,,,,,,
AGUSAN DEL NORTE,1998.0,"AMANTE, MA. ANGELICA ROSEDEL M.",0,0.8666124939918518,26.187528610229492,1.3978537321090698,3,CARAGA,24.29014841715495,1.5766619046529133,95.23484293619792,0.7156737645467123,31.8160400390625,0.0,0.0,56.75834274291992,264.55577087402344,0.0,0.0,45.748565673828125,0.0,18.710307439168293,0.0,0.0,27.927254994710285,148.45127868652344
AGUSAN DEL NORTE,2001.0,"AMANTE, MA. ANGELICA ROSEDEL M.",1,0.8825214505195618,24.241641998291016,1.7060596942901611,3,CARAGA,79.21876525878906,4.911719083786011,155.04244995117188,2.4548195203145347,34.18577321370443,0.0,0.0,68.45715077718098,283.2069803873698,0.0,0.0,68.44318008422852,0.0,28.59414291381836,0.0,0.0,48.127604166666664,244.50134785970053
AGUSAN DEL NORTE,2004.0,"AMANTE, ERLPE JOHN MALBAS",1,0.8529312014579773,46.48041534423828,1.9312349557876587,3,CARAGA,90.3401590983073,6.023196856180827,176.45850118001303,3.1892069975535073,37.97994486490885,0.0,0.0,76.90593973795573,317.61875406901044,76.31055450439453,4.135044972101848,149.77447509765625,2.3043034076690674,34.79657491048177,0.0,0.0,67.02457427978516,271.01597086588544
AGUSAN DEL NORTE,2007.0,"AMANTE, ERLPE JOHN MALBAS",1,0.8223384618759155,73.7529296875,1.683421015739441,3,CARAGA,103.3436991373698,6.692599773406982,82.77908070882161,7.998445272445679,46.445699055989586,0.0,0.0,117.2689208984375,324.8412577311198,85.46903737386067,6.429290135701497,164.8451131184896,2.8164562384287515,35.381097157796226,0.0,0.0,70.13033294677734,296.70440673828125
AGUSAN DEL NORTE,2010.0,"AMANTE, ERLPE JOHN MALBAS",1,0.8800057172775269,60.4844970703125,1.242190957069397,3,CARAGA,121.20426432291667,5.50476090113322,115.73641586303711,31.623602549235027,68.65697860717773,0.0,0.0,157.30835469563803,389.50181070963544,101.17522939046223,6.944760640462239,108.60221354166667,6.210372130076091,41.814919789632164,0.0,0.0,98.95472462972005,336.04701741536456
AGUSAN DEL NORTE,2013.0,"AMANTE, MA. ANGELICA ROSEDEL M.",1,0.8599756360054016,85.57738494873047,1.0,3,CARAGA,162.5146026611328,9.72693920135498,267.7010752360026,120.42193857828777,57.49250411987305,0.0,0.0,143.0891596476237,484.29637654622394,115.1118672688802,4.933977444966634,134.2731196085612,14.227275212605795,65.99924723307292,0.0,0.0,157.25121561686197,361.3748270670573
AGUSAN DEL NORTE,2016.0,"MATBA, MA. ANGELICA ROSEDELL AMANTE",0,0.8222081065177917,150.7909393310547,1.8534015417099,3,CARAGA,199.14152018229166,13.996487140655518,282.31951904296875,66.45869827270508,67.64851379394531,2.722808917363485,0.0,241.81378173828125,604.9023844401041,146.40556844075522,10.201668580373129,192.59215927124023,103.5435396830241,56.99414825439453,0.0,0.0,138.67747243245444,444.52491251627606
AGUSAN DEL NORTE,2019.0,"CORVERA, DALE BOKINGO",0,0.8640590906143188,148.10487365722656,1.5923088788986206,3,CARAGA,172.27823893229166,24.052037556966145,384.44102986653644,68.41389465332031,81.78182474772136,0.2838151653607686,0.0,385.38660685221356,861.4732259114584,173.97515360514322,9.71383539835612,271.3737080891927,86.03277587890625,64.99852244059245,1.651942253112793,0.0,205.2545369466146,556.6380004882812
AGUSAN DEL NORTE,2022.0,"AMANTE, MA. ANGELICA ROSEDELL MALBAS",0,0.8476231098175049,253.21925354003906,1.2372455596923828,3,CARAGA,,,,,,,,,,167.74486796061197,18.09980646769206,358.4051106770833,51.934609731038414,76.91284688313802,1.212774246931076,0.0,336.97667439778644,782.6552937825521
AGUSAN DEL SUR,1995.0,"PLAZA, DEMOCRITO OTAZA",0,0.623515248298645,95.56110382080078,1.8053345680236816,3,Northern Mindanao,0.0,0.0,58.42697779337565,0.0,41.68766657511393,0.0,0.0,57.72252400716146,282.7798309326172,0.0,0.0,20.297653754552204,0.0,27.290817896525066,0.0,0.0,31.152795791625977,158.02379862467447
AGUSAN DEL SUR,1998.0,"PLAZA, VALENTINA GALIDO",1,0.880763828754425,36.94880294799805,1.8849235773086548,3,CARAGA,20.242581685384113,2.803668657938639,135.99275716145834,1.878883679707845,44.11286290486654,0.4884481430053711,0.0,126.6038106282552,400.23032633463544,0.0,0.0,57.12270736694336,0.0,40.485642751057945,0.0,0.0,48.66427103678385,271.7807312011719
AGUSAN DEL SUR,2001.0,"PLAZA, ADOLPH EDWARD",1,0.7959001660346985,24.535560607910156,1.5477304458618164,3,CARAGA,81.88099924723308,6.221309185028076,273.6706949869792,6.985592524210612,60.74797439575195,0.0,0.0,178.58279927571616,502.3190612792969,0.0,0.0,77.52041880289714,0.0,45.38226191202799,0.0,0.0,94.76891581217448,384.0020243326823
AGUSAN DEL SUR,2004.0,"PLAZA, ADOLPH EDWARD",1,0.8779965043067932,69.8139877319336,1.5462841987609863,3,CARAGA,89.95082728068034,8.705423990885416,395.7479756673177,6.532501856486003,69.23665110270183,0.0,0.0,290.55921427408856,731.9266153971354,74.4264907836914,6.381597836812337,255.33529154459634,6.6872304280598955,52.672767639160156,0.4884481430053711,0.0,167.35152180989584,422.48203531901044
AGUSAN DEL SUR,2007.0,"CORNELIO, MARIA VALENTINA PLAZA",0,0.8353304266929626,107.21936798095703,1.608354926109314,3,CARAGA,125.71060943603516,10.448390324910482,130.9836222330729,39.27115488052368,167.8524373372396,0.0,0.013518153379360834,478.80565388997394,919.1262003580729,78.47700881958008,8.38049586613973,356.93332926432294,6.388917128245036,65.0284423828125,0.0,0.0,263.68690999348956,667.5420532226562
AGUSAN DEL SUR,2010.0,"PLAZA, ADOLPH EDWARD",0,0.864841878414154,124.50572204589844,1.4888403415679932,3,CARAGA,145.43204243977866,12.649596214294434,179.60427856445312,82.8050028483073,301.1815643310547,0.0,0.0015066666528582573,440.9134826660156,990.6525675455729,124.19976806640625,9.709334055582682,195.0032755533854,13.827787081400553,111.01318359375,0.0,0.0,407.86163330078125,855.0024820963541
AGUSAN DEL SUR,2013.0,"PLAZA, ADOLPH EDWARD",1,0.8488130569458008,173.14195251464844,1.5535906553268433,3,CARAGA,139.1456756591797,8.642898241678873,323.28672281901044,81.1833683649699,263.22450256347656,0.5054338773091634,0.0,316.51153564453125,908.76123046875,130.88792165120444,10.298961321512857,221.61761474609375,80.41570790608723,257.76036071777344,0.0,0.015024820032219091,442.19443766276044,928.9134521484375
AGUSAN DEL SUR,2016.0,"PLAZA, ADOLPH EDWARD GALIDO",1,0.8680391311645508,230.2606964111328,1.0,3,CARAGA,291.7291717529297,21.04165045420329,402.2413838704427,89.4705581665039,248.5349375406901,0.0,0.0,494.0049336751302,1146.7299194335938,122.86710103352864,12.2871732711792,253.45109049479166,85.26590315500896,313.8391825358073,0.5054338773091634,0.0,346.08542887369794,981.549072265625
AGUSAN DEL SUR,2019.0,"CANE, SANTIAGO, JR BARRIGA",0,0.8608618974685669,309.9277038574219,2.062760353088379,3,CARAGA,382.2180582682292,20.6637446085612,662.1733805338541,48.36473592122396,246.32145182291666,0.0,0.0,903.5270182291666,1821.377197265625,246.0230967203776,17.57926336924235,348.3197835286458,84.71741739908855,236.6837361653646,0.0,0.0,444.09918212890625,1032.228251139323
AGUSAN DEL SUR,2022.0,"CANE, SANTIAGO JR. BARRIGA",1,0.8902277946472168,362.2568359375,1.0,3,CARAGA,,,,,,,,,,308.3195495605469,16.207983652750652,590.4608357747396,55.00646718343099,257.6984456380208,0.0,0.0,741.2351888020834,1594.9455159505208
AKLAN,1992.0,"CABAGNOT, CORAZON L.",0,0.8519683480262756,7.191634178161621,2.226304531097412,3,Western Visayas,0.0,0.0,37.118956883748375,0.0,16.232427914937336,0.0,0.0,24.099951426188152,115.2652104695638,,,,,,,,,
AKLAN,1998.0,"MIRAFLORES, FLORENCIO T.",0,0.8915022611618042,20.557161331176758,1.6763910055160522,3,Western Visayas,27.470242818196613,2.098866621653239,101.39391835530598,0.5362866719563802,31.34362284342448,0.0,0.0,50.6647097269694,257.9463144938151,0.0,0.0,50.11912409464518,0.0,22.222389856974285,0.0,0.0,31.84654362996419,149.79574584960938
AKLAN,2001.0,"MIRAFLORES, FLORENCIO T.",1,0.8988823890686035,27.644140243530273,1.4459803104400635,3,Western Visayas,99.93937174479167,7.093760013580322,192.25865681966147,0.7272866566975912,39.29000918070475,0.0,0.0,84.49824523925781,317.1719970703125,0.0,0.0,75.0030746459961,0.0,29.647877375284832,0.0,0.0,44.560404459635414,227.93409220377603
AKLAN,2004.0,"MARQUEZ, CARLITO S.",0,0.8771908283233643,40.413299560546875,2.6129634380340576,3,Western Visayas,48.55383427937826,6.599599997202556,164.80548604329428,1.367733319600423,134.9535140991211,0.0,0.0,108.28431447347005,359.43614705403644,86.41886393229167,7.28807004292806,170.07994588216147,1.0098233222961426,34.70762316385905,0.0,0.0,75.36319351196289,293.90174357096356
AKLAN,2007.0,"MARQUEZ, CARLITO S.",1,0.7050895690917969,153.78392028808594,2.3545081615448,3,Western Visayas,20.627127647399902,13.951362609863281,25.35379473368327,2.1561144590377808,234.62052408854166,0.0,0.0,209.3810043334961,511.3843078613281,81.02562141418457,6.250999927520752,186.50957234700522,1.0127933422724407,82.81401952107747,0.0,0.0,98.22015635172527,331.7141621907552
AKLAN,2010.0,"MARQUEZ, CARLITO S.",1,0.6376474499702454,293.792724609375,1.2888436317443848,3,Western Visayas,49.968187967936196,14.786367098490397,49.99506870905558,6.278092384338379,302.7214660644531,0.0,0.0,253.16992696126303,638.5982055664062,25.42213757832845,10.126005172729492,64.29347229003906,1.962806224822998,216.63263448079428,0.0,0.0,169.7238515218099,472.24485270182294
AKLAN,2013.0,"MIRAFLORES, FLORENCIO T.",0,0.5262776017189026,533.5352172851562,1.8089228868484497,3,Western Visayas,118.45116806030273,19.617245197296143,97.03790791829427,9.63511355717977,459.62571207682294,0.0,0.0,368.538818359375,948.6729736328125,36.376471519470215,17.142974217732746,58.211357752482094,4.691913525263469,264.7981872558594,0.0,0.0,239.24365743001303,577.1636149088541
AKLAN,2016.0,"MIRAFLORES, FLORENCIO TUMBOCON",1,0.5633602738380432,642.0301513671875,1.8425787687301636,3,Western Visayas,100.24553934733073,32.588162104288735,145.24964396158853,12.415939331054688,657.2724812825521,0.0,0.0,506.06275431315106,1324.5091959635417,112.65604146321614,10.754468441009521,60.80194203058878,9.09462865193685,405.1779378255208,0.0,0.0,290.37366739908856,796.6597696940104
AKLAN,2019.0,"MIRAFLORES, FLORENCIO TUMBOCON",1,0.5895368456840515,746.6787109375,1.9879405498504639,3,Western Visayas,92.56937646865845,3.4777873754501343,106.07643636067708,26.422022501627605,378.8487141927083,0.6666666666666666,0.0,336.9098714192708,834.3365071614584,85.49826558430989,34.53319231669108,131.45166778564453,11.420207341512045,607.8093465169271,0.0,0.0,488.60558064778644,1245.6578369140625
AKLAN,2022.0,"MIRAFLORES, JOSE ENRIQUE MARTIN",1,0.7102347612380981,724.290771484375,1.6017628908157349,3,Western Visayas,,,,,,,,,,84.77168003718059,12.400317708651224,105.46033732096355,24.681090037027996,416.75620524088544,0.6666666666666666,0.0,355.8240152994792,889.8494873046875
ALBAY,1992.0,"SALALIMA, ROMEO R.",0,0.48758089542388916,48.67290115356445,2.144606113433838,3,Bicol Region,0.0,0.0,38.53393967946371,0.0,37.21259593963623,0.0,0.0,97.21435292561848,248.37207539876303,,,,,,,,,
ALBAY,1998.0,"BICHARA, AL FRANCIS C.",0,0.7964957356452942,60.64497375488281,1.6965761184692383,3,Bicol Region,24.0923334757487,3.2033332188924155,146.37479654947916,4.248999913533528,118.1675516764323,0.0,0.0,111.34178415934245,431.00855509440106,0.0,0.0,78.25394439697266,0.0,55.70832824707031,0.0,0.0,87.06695556640625,332.1313171386719
ALBAY,2001.0,"BICHARA, AL FRANCIS C.",1,0.8191326856613159,47.17499923706055,1.5764073133468628,3,Bicol Region,75.37692260742188,13.436372756958008,261.6322072347005,13.68212636311849,132.123659769694,0.3113333384195964,0.0,158.82544962565103,503.4424336751302,0.0,0.0,97.00859069824219,0.0,74.93731689453125,0.0,0.0,91.7174555460612,380.11058553059894
ALBAY,2004.0,"GONZALES, FERNANDO VALLEJO",0,0.849984347820282,49.51484298706055,2.5834193229675293,3,Bicol Region,77.58535512288411,8.705366293589273,306.76356506347656,15.017952919006348,183.2535629272461,0.0,0.0,205.45488484700522,645.3540852864584,74.60733540852864,13.562666257222494,253.65233357747397,14.446999867757162,164.83967081705728,0.3113333384195964,0.0,150.7239990234375,492.649658203125
ALBAY,2007.0,"SALCEDA, JOSE MA CLEMENTE SARTE",0,0.8473193645477295,75.20183563232422,1.9087332487106323,3,Bicol Region,96.75467427571614,76.64017470677693,242.472900390625,104.43053436279297,235.9792734781901,0.0,0.0,282.64990234375,844.9658610026041,76.35691579182942,10.310849825541178,271.63746134440106,10.711508750915527,134.0982666015625,0.0,0.0,174.2581787109375,561.0276082356771
ALBAY,2010.0,"SALCEDA, JOSE MA CLEMENTE SARTE",1,0.7041335105895996,175.73431396484375,1.0501995086669922,3,Bicol Region,125.42451477050781,128.67760467529297,294.4720967610677,107.48399607340495,147.85619608561197,0.0,0.0,317.50596110026044,849.5145263671875,85.63743082682292,14.49922784169515,217.33346557617188,67.90213521321614,245.27277119954428,0.0,0.0,268.6405334472656,778.9747314453125
ALBAY,2013.0,"SALCEDA, JOSE MA CLEMENTE SARTE",1,0.8563478589057922,150.9659881591797,1.0,3,Bicol Region,168.44095357259116,44.557202657063804,354.39964803059894,91.42538388570149,174.50377909342447,0.0,0.0,405.38446044921875,963.0083618164062,120.05730692545573,167.75089263916016,410.5031331380208,122.6949234008789,173.91214497884116,0.0,0.0,306.8826497395833,903.3909098307291
ALBAY,2016.0,"BICHARA, AL FRANCIS DEL CASTILLO",0,0.8600000143051147,209.1769561767578,1.0968161821365356,3,Bicol Region,295.28465270996094,47.31762949625651,397.89931233723956,53.43888473510742,287.2614491780599,0.0,1.858142614364624,485.61668904622394,1208.7245483398438,134.63534291585287,44.723986307779946,257.8169657389323,95.59554990132649,158.3207753499349,0.0,0.0,383.6611328125,892.7184041341146
ALBAY,2019.0,"BICHARA, AL FRANCIS DEL CASTILLO",1,0.8376409411430359,339.4347229003906,2.090888500213623,3,Bicol Region,297.9846661885579,20.203033953905106,527.5220235188802,80.40638224283855,320.947509765625,0.5,4.711901664733887,693.8819173177084,1570.7831624348958,246.71205139160156,50.3473866780599,357.15122477213544,59.400230407714844,223.9188028971354,0.0,0.6915565331776937,423.8846435546875,1044.1193033854167
ALBAY,2022.0,"ROSAL, NOEL EBRIEGA",0,0.8787230849266052,391.11480712890625,1.532371997833252,3,Bicol Region,,,,,,,,,,277.1117312113444,31.490199277798336,498.75950113932294,62.16900507609049,333.30568440755206,0.5,3.7725369135538735,635.7945963541666,1498.529296875
ANTIQUE,1992.0,"PLAMERAS, JOVITO JR. C.",0,0.8243933320045471,8.781292915344238,3.7661850452423096,3,Western Visayas,0.0,0.0,43.95247141520182,0.0,24.69036865234375,0.0,0.0,23.12914276123047,115.32975006103516,,,,,,,,,
ANTIQUE,1995.0,"PLAMERAS, JOVITO JR. CHAVOSO",1,0.8686543107032776,17.666040420532227,1.6241366863250732,3,Western Visayas,0.0,0.0,83.16330973307292,0.0,41.68267059326172,0.0,0.0,34.363952000935875,188.45658365885416,0.0,0.0,26.763780117034912,0.0,19.06918938954671,0.0,0.0,19.248682657877605,82.55589294433594
ANTIQUE,1998.0,"JAVIER, EXEQUIEL B. ",0,0.8739137649536133,26.322959899902344,2.141839027404785,3,Western Visayas,33.12300109863281,3.318999926249186,139.17263793945312,2.24399995803833,64.04010391235352,0.0,1.5893333752950032,58.181329091389976,260.4667256673177,0.0,0.0,73.46596908569336,0.0,37.023406982421875,0.0,0.0,31.005421956380207,165.74636840820312
ANTIQUE,2001.0,"PEREZ, SALVACION ZALDIVAR",0,0.8628294467926025,29.989999771118164,2.294604539871216,3,Western Visayas,103.1434555053711,10.911309878031412,213.55848185221353,4.030733346939087,51.680259704589844,0.0,0.0,95.47297922770183,316.40111287434894,0.0,0.0,100.96328735351562,0.0,54.239785512288414,0.0,0.0,43.673535664876304,236.97399393717447
ANTIQUE,2004.0,"PEREZ, SALVACION ZALDIVAR",1,0.8941748738288879,37.576629638671875,1.8180102109909058,3,Western Visayas,76.44485155741374,11.431636810302734,198.63672892252603,2.4650533199310303,99.66101964314778,0.0,0.0,108.29518636067708,372.43613688151044,99.45259348551433,10.53079636891683,207.4496612548828,5.50149663289388,61.35576883951823,0.0,1.5893333752950032,90.37544250488281,303.5737711588542
ANTIQUE,2007.0,"PEREZ, SALVACION ZALDIVAR",1,0.886834979057312,51.71942138671875,2.697556972503662,3,Western Visayas,17.789751688639324,9.90807294845581,41.6379763285319,23.675158898035686,251.2447713216146,0.0,0.0,248.3921661376953,584.273183186849,108.42190806070964,11.040483474731445,222.4657185872396,2.4307566483815513,53.839239756266274,0.0,0.0,100.57256571451823,338.4989522298177
ANTIQUE,2010.0,"JAVIER, EXEQUIEL BELLAFLOR",0,0.7092499136924744,78.38319396972656,1.7984797954559326,3,Western Visayas,192.1024627685547,10.354217211405436,158.97430419921875,24.868370056152344,109.13267517089844,0.0,0.0,152.81640625,489.2742919921875,15.164470672607422,9.194238503774008,73.65380350748698,19.106278896331787,211.48407999674478,0.0,0.0,181.6858927408854,500.63840738932294
ANTIQUE,2013.0,"JAVIER, EXEQUIEL BELLAFLOR",1,0.7235366702079773,131.5625762939453,1.9178204536437988,3,Western Visayas,256.44615681966144,12.141053835550943,280.3784434000651,25.67525863647461,150.11400095621744,0.0,0.0,198.20003255208334,628.6924641927084,134.3837490081787,11.988774617513021,166.68274052937826,20.310218175252277,164.45059204101562,0.0,0.0,203.84936014811197,534.9842732747396
ANTIQUE,2016.0,"CADIAO, RHODORA JAVIER",0,0.7388774752616882,175.80023193359375,1.7618800401687622,3,Western Visayas,357.95546468098956,14.036757310231527,393.07325236002606,21.081042289733887,118.4000981648763,0.0,0.0,303.5923563639323,815.0657145182291,230.2493133544922,11.570041020711264,180.68246459960938,21.097872416178387,152.12246449788412,0.0,0.0,175.76851399739584,576.9243367513021
ANTIQUE,2019.0,"CADIAO, RHODORA JAVIER",1,0.6826021671295166,189.3709259033203,1.5032687187194824,3,Western Visayas,428.4097418785095,2.8263821663955846,609.273915608724,21.494548797607422,153.54603068033853,1.3324840068817139,0.019999999552965164,535.2407430013021,1298.0606689453125,308.535400390625,14.731575806935629,353.9062194824219,30.639259974161785,119.97023264567058,0.0,0.0,270.7174326578776,744.5938924153646
ANTIQUE,2022.0,"CADIAO, RHODORA JAVIER",1,0.7247464656829834,185.6474151611328,1.331579327583313,3,Western Visayas,,,,,,,,,,355.69375880559284,4.464769210666418,536.5291137695312,19.827348391215008,140.13890584309897,1.3324840068817139,0.019999999552965164,437.1114908854167,1113.7795003255208
APAYAO,1998.0,"LAOAT, BATARA P.",0,0.6521263122558594,71.97232055664062,1.0,3,CAR,12.394176483154297,0.14689770340919495,63.80282211303711,2.7062931060791016,44.69049962361654,0.0,5.838345209757487,41.81373977661133,180.1952870686849,0.0,0.0,19.63168239593506,0.0,9.777165492375692,0.0,0.0,13.332347393035889,67.06960423787434
APAYAO,2001.0,"BULUT, ELIAS SR. KIRTUG",0,0.6544384360313416,4.094660758972168,1.2750855684280396,3,CAR,37.22152837117513,0.2937477429707845,126.76928456624348,4.746787786483765,20.324537595113117,0.0,10.33884302775065,74.16837565104167,229.3506876627604,0.0,0.0,37.696197509765625,0.0,32.07540321350098,0.0,0.0,34.33053080240885,171.30733744303384
APAYAO,2004.0,"BULUT, ELIAS SR. KIRTUG",1,0.8360115885734558,1.9415963888168335,1.0872541666030884,3,CAR,45.3731320699056,0.0,134.71407318115234,3.690666437149048,21.652816772460938,0.0,0.0,85.65027618408203,252.03418477376303,37.60446294148763,0.3864787817001343,121.77243550618489,6.297842661539714,28.822712262471516,0.0,16.177188237508137,61.30645751953125,217.95905049641928
APAYAO,2007.0,"BULUT, ELIAS SR. KIRTUG",1,0.7319913506507874,2.3564693927764893,1.1084381341934204,3,CAR,55.587327321370445,0.2502399484316508,52.003649393717446,13.277336200078329,51.898942947387695,0.0,0.0,125.83519744873047,280.0387471516927,41.67461649576823,0.054166664679845176,116.36938730875652,3.444408734639486,24.105457305908203,0.0,0.0,71.19619750976562,248.73387145996094
APAYAO,2010.0,"BULUT, ELIAS, JR. CAYABA",1,0.9756720066070557,11.014983177185059,1.1026338338851929,3,CAR,70.20622253417969,1.8329679171244304,69.11224555969238,20.627673784891766,75.70780563354492,0.0,0.0,148.46700541178384,331.92674763997394,51.19254048665365,0.0,82.24007415771484,4.115657567977905,42.4873898824056,0.0,0.0,125.6699701944987,270.96949259440106
APAYAO,2013.0,"BULUT, ELIAS JR. CAYABA",1,0.9542116522789001,23.898380279541016,1.0714080333709717,3,CAR,79.26814270019531,6.6732602914174395,87.07854715983073,16.179256121317547,71.90121078491211,0.0,0.0,186.23418172200522,353.47401936848956,67.43164189656575,1.407715896765391,92.58285522460938,23.743499437967937,68.457945505778,0.0,0.0,136.3209025065104,313.37725830078125
APAYAO,2016.0,"BULUT, ELIAS JR. CAYABA",1,0.8900361061096191,65.60882568359375,1.0,3,CAR,102.23107655843098,26.098339160283405,165.1555938720703,36.82617314656576,113.15342712402344,0.0,0.0,224.22224934895834,504.18284098307294,79.31877899169922,6.389249722162883,65.00998878479004,17.898688316345215,77.65416463216145,0.0,0.0,181.04291788736978,359.6455891927083
APAYAO,2019.0,"BEGTANG, ELEANOR BULUT",0,0.9105358719825745,92.5954818725586,1.0,3,CAR,108.84444173177083,40.14745839436849,329.56081136067706,82.25669860839844,128.17221323649088,0.0,0.0,285.6613311767578,743.3943481445312,88.55766296386719,10.211379448572794,126.85309600830078,28.08405049641927,92.70351028442383,0.0,0.0,212.6551513671875,435.2237040201823
APAYAO,2022.0,"BULUT, ELIAS JR CAYABA",0,0.6428989171981812,80.6072769165039,1.0,3,CAR,,,,,,,,,,90.9241231282552,36.9201914469401,288.67637634277344,62.51984405517578,124.12958017985027,0.0,0.0,258.02540588378906,671.0125732421875
AURORA,1992.0,"ONG, EDGARDO L.",0,0.890955924987793,3.0460259914398193,3.433574676513672,3,Central Luzon,0.0,0.0,9.756237188975016,0.0,29.138936360677082,0.0,0.0,19.91198984781901,85.94487635294597,,,,,,,,,
AURORA,1998.0,"ONG, EDGARDO L.",1,0.7878654599189758,34.87319564819336,1.49442458152771,3,Central Luzon,11.593666076660156,1.3339999516805012,62.21485392252604,1.8700000445048015,62.3384157816569,0.0,0.0,49.38034693400065,196.35525512695312,0.0,0.0,25.171631813049316,0.0,32.56175931294759,0.0,0.0,33.06903076171875,122.48250834147136
AURORA,2001.0,"ONG, RAMONCITA P.",1,0.9289419651031494,8.614999771118164,2.2799367904663086,3,Central Luzon,36.282562255859375,4.095850149790446,108.01065063476562,3.1261367003122964,59.79833094278971,0.3951749950647354,0.0,64.11092758178711,193.7431437174479,0.0,0.0,39.57253646850586,0.0,40.77008819580078,0.0,0.0,41.26591873168945,176.70006306966147
AURORA,2004.0,"CASTILLO, BELLAFLOR ANGARA",0,0.9330618381500244,13.336186408996582,1.6193301677703857,3,Central Luzon,49.72569783528646,7.247207164764404,169.8219757080078,4.021082003911336,67.38838704427083,0.3974239428838094,0.0,108.43056233723958,318.27117919921875,33.86800003051758,3.8706666628519693,101.71399943033855,3.993666648864746,73.40833282470703,0.06599999964237213,0.0,59.91566721598307,188.46566772460938
AURORA,2007.0,"ANGARA-CASTILLO, BELLAFLOR",0,0.8710184693336487,38.95569610595703,1.2859362363815308,3,Central Luzon,69.8510971069336,9.252206961313883,89.1843490600586,32.33828687667847,130.05419921875,0.0,0.0,173.09481302897134,453.76873779296875,46.26613998413086,5.249211470286052,145.79689280192056,3.79127566019694,62.352133433024086,0.7265989383061727,0.0,89.76366424560547,262.8578694661458
AURORA,2010.0,"CASTILLO, BELLAFLOR ANGARA",0,0.8414326906204224,77.56221008300781,1.8008747100830078,3,Central Luzon,105.65102132161458,7.508345762888591,110.25322977701823,27.01693328221639,85.1676025390625,1.0619362990061443,0.0,173.7679901123047,400.17307535807294,58.564239501953125,9.700953642527262,106.75852711995442,17.459415753682453,97.08770243326823,0.0,0.0,140.34588114420572,401.51446533203125
AURORA,2013.0,"NOVERAS, GERARDO ANGALA",0,0.8988403677940369,51.03408432006836,1.7751460075378418,3,Central Luzon,71.50744756062825,26.207163492838543,107.99109395345052,24.945491313934326,49.576029459635414,2.5301539103190103,0.0,150.3913116455078,308.05678304036456,105.18799845377605,8.84943962097168,142.0683568318685,26.968985080718994,111.50115712483723,1.0619362990061443,0.0,184.79395039876303,438.36346435546875
AURORA,2016.0,"NOVERAS, GERARDO ANGALA",1,0.9192435145378113,57.506431579589844,1.0,3,Central Luzon,54.08858998616537,7.965784231821696,80.5772705078125,14.704615910847982,43.22062428792318,3.818280061086019,0.0,171.80809020996094,295.95921834309894,80.06996027628581,24.66085449854533,86.35971577962239,27.282915274302166,61.50892893473307,2.5301539103190103,0.0,159.75867716471353,338.611572265625
AURORA,2019.0,"NOVERAS, GERARDO ANGALA",1,0.9198079109191895,78.49378204345703,1.6806166172027588,3,Central Luzon,94.7058817545573,1.8966445922851562,183.00919087727866,43.88261032104492,94.9032974243164,14.842857360839844,0.0,318.2586669921875,596.1711730957031,44.81786346435547,4.588548183441162,72.42300160725911,21.15167299906413,38.75845082600912,1.8649169603983562,0.0,137.9573771158854,249.52798461914062
AURORA,2022.0,"NOVERAS, CHRISTIAN MANUSON",1,0.9352602362632751,104.3935775756836,1.592849612236023,3,Central Luzon,,,,,,,,,,77.27882130940755,7.6392059326171875,159.76571655273438,37.79170227050781,82.71678670247395,9.374791781107584,0.0,295.1181945800781,537.6631368001302
BASILAN,1995.0,"SALAPUDDIN, GERRY AJUL",0,0.9839388728141785,0.8349609971046448,1.4856501817703247,3,Zamboanga Peninsula,0.0,0.0,21.0399112701416,0.0,34.629119237264,0.0,0.0,47.399234771728516,140.36327107747397,0.0,0.0,1.2273553212483723,0.0,5.566062291463216,0.0,0.0,6.26133918762207,17.35150909423828
BASILAN,1998.0,"AKBAR, WAHAB M.",0,0.8015484809875488,32.23160171508789,2.609924554824829,3,Zamboanga Peninsula,6.036954243977864,0.07248340050379436,54.832427978515625,0.7519153753916422,39.6425666809082,0.0,0.0,76.4686991373698,229.6309611002604,0.0,0.0,17.479962984720867,0.0,30.617876052856445,0.0,0.0,40.08037439982096,114.61164093017578
BASILAN,2001.0,"AKBAR, WAHAB M.",1,0.9657905101776123,2.1874592304229736,2.1984949111938477,3,Zamboanga Peninsula,14.362382570902506,0.12356989365071058,115.84840647379558,3.001110315322876,46.25004577636719,0.0,0.0,98.36134338378906,237.74007161458334,0.0,0.0,29.315773010253906,0.0,35.78029441833496,0.0,0.0,66.81220245361328,213.00259908040366
BASILAN,2004.0,"WAHAB, AKBAR MUHTAMAD",0,0.8496784567832947,1.8906985521316528,1.0,3,Zamboanga Peninsula,11.963364601135254,0.0560000017285347,243.44398498535156,1.9241674741109211,43.140725453694664,0.0,0.0,229.50045776367188,353.80124918619794,15.671249707539877,0.15568404427419105,107.96695200602214,3.013596693674723,47.374396006266274,0.0,0.0,89.12642161051433,221.15939331054688
BASILAN,2007.0,"AKBAR, JUM JAINUDDIN",0,0.7815539240837097,0.7864904999732971,1.9819512367248535,3,Zamboanga Peninsula,20.99008019765218,0.0,37.13494110107422,21.972065687179565,72.44829177856445,0.0,0.0,248.4391072591146,392.87819417317706,11.625360488891602,0.09636925160884857,188.87572224934897,1.902482271194458,43.44218953450521,0.0,0.0,175.25151824951172,303.44285074869794
BASILAN,2010.0,"AKBAR, JUM JAINUDDIN",1,0.971393883228302,9.697644233703613,2.3345751762390137,3,BARMM,26.51479975382487,0.0,62.80817413330078,45.74911626180013,80.9178695678711,0.0,0.0,263.3039143880208,416.9029947916667,18.5869566599528,0.0,116.7394307454427,13.079956213633219,63.07123819986979,0.0,0.0,234.27822875976562,387.07366943359375
BASILAN,2013.0,"AKBAR, JUM JAINUDDIN",1,0.8829587697982788,52.10149383544922,1.412053108215332,3,BARMM,41.577187856038414,0.7127791941165924,91.57723744710286,108.83660125732422,128.59156290690103,0.0,4.444871584574382,331.1587320963542,556.3785298665365,24.5282719930013,0.0,67.57261657714844,43.04434331258138,68.8901596069336,0.0,0.0,287.4138895670573,424.29529825846356
BASILAN,2016.0,"SALLIMAN, HADJIMAN SABBIHI",0,0.9726828932762146,1.0849696397781372,1.4868067502975464,3,BARMM,56.5201301574707,0.26561667025089264,84.96471913655598,28.178970336914062,171.389404296875,0.0,0.0,538.4271952311198,797.1661987304688,37.874399185180664,0.7127791941165924,62.66878763834635,93.08668263753255,115.16706085205078,0.0,4.444871584574382,288.1636657714844,478.6107584635417
BASILAN,2019.0,"SALLIMAN, HADJIMAN SABBIHI",1,0.9617781639099121,17.75255012512207,2.024184226989746,3,BARMM,86.83465576171875,0.0,196.02411397298178,59.54107666015625,188.94857279459634,0.0,0.0,868.8874308268229,1259.345947265625,47.87654240926107,0.26561667025089264,94.42748514811198,46.28532473246256,163.91185506184897,0.0,0.0,458.20037841796875,720.3424072265625
BASILAN,2022.0,"HATAMAN-SALLIMAN, HADJIMAN SABBIHI ",0,0.9860422611236572,17.384912490844727,1.7023870944976807,3,BARMM,,,,,,,,,,65.21944681803386,0.0,154.63992818196616,39.77209917704264,167.14151509602866,0.0,0.0,751.2694702148438,1077.4254150390625
BATAAN,1995.0,"ROMAN, LEONARDO BANZON",0,0.45651328563690186,148.71958923339844,1.6864346265792847,3,Central Luzon,0.0,0.0,115.28511555989583,0.0,48.80899429321289,0.0,0.0,85.94720967610677,364.7447764078776,0.0,0.0,48.333109537760414,0.0,26.483651002248127,0.0,0.0,32.18431027730306,141.56329345703125
BATAAN,1998.0,"ROMAN, LEONARDO B.",1,0.3994871973991394,284.4986877441406,2.009570598602295,3,Central Luzon,20.060298919677734,35.93581899007162,264.8317413330078,2.9530064264933267,90.68580373128255,0.9116357167561849,16.919124603271484,168.67056274414062,634.6835021972656,0.0,0.0,118.82745869954427,0.0,45.20900090535482,0.0,0.0,70.22050348917644,298.510747273763
BATAAN,2001.0,"ROMAN, LEONARDO B.",1,0.5165744423866272,225.81533813476562,1.0,3,Central Luzon,59.13109334309896,67.7027359008789,300.34900919596356,5.764857530593872,59.034478505452476,2.674427032470703,17.51582209269206,147.56006876627603,453.4059143066406,0.0,0.0,168.04535166422525,0.0,77.57796478271484,0.0,0.0,149.98151143391928,614.7888793945312
BATAAN,2004.0,"GARCIA, ENRIQUE JR. TUASON",0,0.5811400413513184,191.57720947265625,1.96860933303833,3,Central Luzon,38.75317780176798,140.14964548746744,347.0244445800781,2.935314337412516,83.96839904785156,2.2721920808156333,0.0,162.91412353515625,783.2036946614584,59.57828267415365,87.83579508463542,350.6434834798177,7.497745196024577,70.76975758870442,2.813724915186564,34.43494669596354,158.48298136393228,485.24170939127606
BATAAN,2007.0,"GARCIA, ENRIQUE JR. TUASON",1,0.34572193026542664,294.6916198730469,1.6777782440185547,3,Central Luzon,16.266586462656658,87.24161529541016,68.1312993367513,3.468074639638265,108.1136957804362,2.8052879174550376,0.0,380.3602549235026,863.100830078125,57.19440714518229,117.07158660888672,335.5900370279948,3.2484007676442466,70.91826248168945,2.353996515274048,0.0,155.7216542561849,577.5060831705729
BATAAN,2010.0,"GARCIA, ENRIQUE, JR. TUASON",1,0.517661452293396,457.1672668457031,1.6286417245864868,3,Central Luzon,26.338090896606445,89.4612325032552,84.01802841822307,5.2727274894714355,123.82226308186848,3.1576055685679116,0.0,516.6728108723959,814.4664306640625,9.799426714579264,102.03455352783203,126.20928955078125,2.9116083780924478,98.80953979492188,2.437499682108561,0.0,268.5796203613281,950.508544921875
BATAAN,2013.0,"GARCIA, ALBERT RAYMOND ",1,0.519317090511322,532.7914428710938,1.34071946144104,3,Central Luzon,273.5453643798828,106.24934514363606,175.20604960123697,166.81535530090332,57.476219177246094,10.772194862365723,0.0,580.4948323567709,844.3089599609375,25.025163650512695,83.2758280436198,116.49930063883464,4.968757152557373,125.12127176920573,3.2295498847961426,0.0,502.79212443033856,799.4447224934896
BATAAN,2016.0,"GARCIA, ALBERT RAYMOND SANDEJAS",1,0.5070974826812744,851.2210693359375,1.0,3,Central Luzon,158.55209350585938,146.91090774536133,327.1472574869792,11.43079408009847,101.83985900878906,10.253455003102621,0.0,1042.4201253255208,1496.4191080729167,248.58760515848795,111.90539677937825,113.4275844891866,166.23827648162842,74.51266225179036,9.084148645401001,0.0,561.2819417317709,829.8197021484375
BATAAN,2019.0,"GARCIA, ALBERT RAYMOND SANDEJAS",1,0.3986436426639557,1652.135498046875,1.3886325359344482,3,Central Luzon,212.2655029296875,108.63800048828125,567.9385986328125,119.76742617289226,145.76609802246094,4.679676691691081,1.4776808420817058,1454.9517008463542,2250.7591145833335,124.40055592854817,112.77771377563477,257.16254170735675,8.916905879974365,84.32259623209636,11.067360560099283,0.0,830.0327758789062,1185.8696899414062
BATAAN,2022.0,"GARCIA, JOSE ENRIQUE III SANDEJAS",1,0.5076196789741516,1680.9866943359375,1.0,3,Central Luzon,,,,,,,,,,174.1940155029297,113.06942749023438,480.7927551269531,67.47978973388672,131.74151102701822,4.200356324513753,0.7388404210408529,1388.3976236979167,2073.7820638020835
BATANES,1992.0,"CASTILLEJOS, TELESFORO F.",0,0.8555715680122375,2.012331962585449,2.201939105987549,3,Cagayan Valley,0.0,0.0,14.498399416605631,0.0,8.981188933054606,0.0,0.0,8.36888853708903,39.72443644205729,,,,,,,,,
BATANES,1995.0,"CASTILLEJOS, TELESFORO FALCES",1,0.8897088170051575,5.8630690574646,1.9054932594299316,3,Cagayan Valley,0.0,0.0,26.411770502726238,0.0,16.151780764261883,0.0,0.0,14.654434521993002,69.40408070882161,0.0,0.0,8.523061007261276,0.0,5.266701539357503,0.0,0.0,6.984309196472168,26.48682912190755
BATANES,1998.0,"GATO, VICENTE DE SAGON",0,0.9250254034996033,5.754948139190674,1.4246091842651367,3,Cagayan Valley,5.589666366577148,0.31166666746139526,37.33496856689453,0.7320000330607096,30.03096644083659,0.0,0.0,29.283491770426433,87.98837788899739,0.0,0.0,23.056026458740234,0.0,14.070090611775717,0.0,0.0,11.22222932179769,58.98254267374674
BATANES,2001.0,"GATO, VICENTE DE SAGON",1,0.9672099947929382,3.3580000400543213,1.949558973312378,3,Cagayan Valley,17.321666717529297,0.57000000278155,65.10299936930339,2.237000068028768,23.34166653951009,0.0,0.0,44.97433344523112,107.60066986083984,0.0,0.0,26.363515853881836,0.0,24.191619873046875,0.0,0.0,22.10942268371582,81.92957305908203
BATANES,2004.0,"GATO, VICENTE DE SAGON",1,0.9589953422546387,4.978000164031982,1.6616557836532593,3,Cagayan Valley,21.54800033569336,0.5613333433866501,83.04433186848958,2.7786666552225747,27.682999928792317,0.0,0.0,58.1563351949056,149.0286661783854,17.01799964904785,0.7476666669050852,63.84266662597656,2.242000102996826,27.59166653951009,0.0,0.0,43.835000356038414,103.32933553059895
BATANES,2007.0,"CASTILLEJOS, TELESFORO FALCES",0,0.8807442784309387,7.235000133514404,1.6286531686782837,3,Cagayan Valley,24.848942438761394,0.7769188284873962,21.588106155395508,4.320244868596395,37.939047495524086,0.0,0.0,84.8833719889323,163.02269999186197,20.18233362833659,0.4703333427508672,74.61033121744792,2.631666660308838,26.24633280436198,0.0,0.0,51.32600021362305,139.05633544921875
BATANES,2010.0,"GATO, VICENTE DE SAGON",0,0.9442351460456848,12.578739166259766,2.542309522628784,3,Cagayan Valley,25.28318977355957,0.6043906311194102,20.004325707753498,4.816415707270305,36.12917518615723,0.0,0.0,112.2557856241862,180.49298604329428,23.540143330891926,0.45000000794728595,40.71391741434733,3.2827744483947754,30.50290044148763,0.0,0.0,78.92219797770183,151.42867533365884
BATANES,2013.0,"GATO, VICENTE DE SAGON",1,0.9235260486602783,19.964967727661133,2.3492116928100586,3,Cagayan Valley,106.28266461690266,8.111177563667297,52.7680778503418,18.600180625915527,53.7678476969401,0.0,0.0,102.98896026611328,211.5395965576172,23.449500401814777,0.8581277628739675,28.730846405029297,4.423217852910359,39.20904350280762,0.0,0.0,95.51072184244792,167.00634256998697
BATANES,2016.0,"CAYCO, MARILOU HORLINA",0,0.9678833484649658,11.126639366149902,3.01999831199646,3,Cagayan Valley,31.046504974365234,0.7633701463540395,63.86449178059896,32.054616928100586,68.65667088826497,0.0,0.0,162.11983235677084,295.43446858723956,105.73566436767578,8.022533535957336,34.94184732437134,12.109265168507894,45.01107915242513,0.0,0.0,112.87806447347005,205.79559834798178
BATANES,2019.0,"CAYCO, MARILOU HORLINA",1,0.96037358045578,18.171066284179688,1.6165478229522705,3,Cagayan Valley,28.83603486418724,0.45609887440999347,78.78554280598958,29.92579174041748,85.22449493408203,0.0,0.0,214.72942097981772,378.8125813802083,33.062788009643555,1.002518614133199,61.03679275512695,26.971485137939453,65.22748438517253,0.0,0.0,138.21603393554688,265.59564208984375
BATANES,2022.0,"CAYCO, MARILOU HORLINA",1,0.9803243279457092,14.620933532714844,1.6383110284805298,3,Cagayan Valley,,,,,,,,,,23.403336932261784,0.430940181016922,73.73106384277344,30.329169273376465,81.07950083414714,0.0,0.0,193.2928721110026,348.3416239420573
BATANGAS,1992.0,"MAYO, VICENTE A.",0,0.6105660200119019,48.14226531982422,2.3084399700164795,3,CALABARZON,0.0,0.0,123.53312174479167,0.0,57.24139149983724,0.0,0.0,42.58987299601237,273.40288798014325,,,,,,,,,
BATANGAS,1998.0,"MANDANAS, HERMILANDO I.",0,0.6480426788330078,205.49691772460938,1.392603874206543,3,CALABARZON,65.78499857584636,35.308667500813804,428.94056701660156,17.07366689046224,105.22582244873047,0.0,51.73766581217448,144.7106196085612,763.05126953125,0.0,0.0,167.8814951578776,0.0,84.81568908691406,0.0,0.0,65.63211568196614,397.7839660644531
BATANGAS,2001.0,"MANDANAS, HERMILANDO I.",1,0.6423088908195496,279.5469970703125,1.1505978107452393,3,CALABARZON,164.27754974365234,99.14569600423177,565.3268636067709,28.414377053578693,185.26160430908203,0.0,19.875681400299072,253.61356099446616,861.4667561848959,0.0,0.0,269.2224985758464,0.0,100.56881459554036,0.0,0.0,100.30086517333984,648.4993896484375
BATANGAS,2004.0,"SANCHEZ, ARMANDO CARPIO",0,0.5778478980064392,287.0243835449219,3.0855002403259277,3,CALABARZON,236.88121541341147,172.56112162272134,879.6716105143229,5.469054698944092,102.83753967285156,0.0,154.6777826944987,310.0824381510417,1039.6096598307292,163.43466440836588,100.91233317057292,604.2476603190104,43.83600044250488,188.3689982096354,0.0,69.36533260345459,226.69933573404947,879.4423217773438
BATANGAS,2007.0,"RECTO, ROSA VILMA SANTOS",0,0.6840155720710754,422.65093994140625,1.8690471649169922,3,CALABARZON,294.13768513997394,114.26259485880534,462.16534423828125,95.4748797416687,147.47222646077475,0.0,175.10713704427084,438.48033650716144,1289.5684000651042,207.2427215576172,143.90021514892578,741.4083658854166,5.0624680519104,100.75600687662761,0.0,100.63678566614787,284.56617228190106,925.9423828125
BATANGAS,2010.0,"RECTO, ROSA VILMA SANTOS",1,0.6321091055870056,772.7985229492188,1.6956557035446167,3,CALABARZON,408.8904724121094,81.11052958170573,581.8906707763672,162.80969746907553,174.88259887695312,0.0,135.1784464518229,545.8743489583334,1555.640380859375,285.4041748046875,156.32039388020834,562.5201619466146,48.47089799245199,126.70454406738281,0.0,161.20116170247397,421.82899983723956,1231.9141845703125
BATANGAS,2013.0,"RECTO, ROSA VILMA SANTOS",1,0.648764431476593,831.0682373046875,1.0703121423721313,3,CALABARZON,427.1786804199219,63.50621795654297,783.1318969726562,160.9033991495768,229.44088236490884,0.08994332949320476,78.92019025484721,683.1171264648438,1731.04833984375,373.70311482747394,75.13028081258138,776.2842000325521,161.86321004231772,167.6453653971354,0.0,165.58759053548178,497.2896016438802,1473.7289632161458
BATANGAS,2016.0,"MANDANAS, HERMILANDO INGCO",0,0.7045274376869202,911.8538818359375,3.777630567550659,3,CALABARZON,619.7024230957031,65.38906860351562,1030.6210327148438,266.063481648763,299.462163289388,0.0,79.46605555216472,999.4399820963541,2351.624552408854,397.11419677734375,78.92193857828777,524.3572235107422,125.86584218343098,208.28398640950522,0.08994332949320476,75.93031191825867,622.6178181966146,1604.6188151041667
BATANGAS,2019.0,"MANDANAS, HERMILANDO INGCO",1,0.677118182182312,1422.26220703125,1.0358834266662598,3,CALABARZON,626.0080224672953,46.603820795814194,1532.3766682942708,369.07158756256104,508.20091756184894,0.0,76.82494099934895,1383.6634928385417,3435.7596842447915,540.5078633626302,39.01428731282552,912.2435913085938,243.63622029622397,267.6971028645833,0.0,89.08523432413737,840.5278116861979,2049.737589518229
BATANGAS,2022.0,"MANDANAS, HERMILANDO INGCO",1,0.7505729794502258,1580.7855224609375,1.5688824653625488,3,CALABARZON,,,,,,,,,,563.2783064842224,60.396980280677475,1401.5781656901042,292.4655694961548,428.4592997233073,0.0,71.56901295979817,1299.447265625,3141.6156412760415
BENGUET,1992.0,"PANGANIBAN, JAIME PAUL B.",0,0.7160252928733826,15.75815486907959,3.774681568145752,3,CAR,0.0,0.0,41.78503545125326,0.0,22.8902587890625,0.0,0.0,20.755478541056316,97.95296223958333,,,,,,,,,
BENGUET,1998.0,"MOLINTAS, RAUL M.",0,0.776647686958313,46.10197830200195,2.546830892562866,3,CAR,9.192111333211264,3.543945630391439,104.54621124267578,1.5406417846679688,57.74966812133789,0.0,0.0,54.29595692952474,260.0253143310547,0.0,0.0,65.83486684163411,0.0,35.979469299316406,0.0,0.0,33.02443186442057,164.46100616455078
BENGUET,2001.0,"MOLINTAS, RAUL M.",1,0.8088303208351135,51.00743103027344,1.904269814491272,3,CAR,83.23716481526692,11.26010545094808,181.19987996419272,4.367182811101277,59.58076858520508,0.0,0.0,82.3354263305664,285.2377217610677,0.0,0.0,93.26521809895833,0.0,46.64574940999349,0.0,0.0,39.52102788289388,249.84407552083334
BENGUET,2004.0,"MELCHOR, BORROMEO PINAS",0,0.7772935628890991,65.52262878417969,2.838792324066162,3,CAR,59.801666259765625,12.606517473856607,162.32950337727866,3.4272406895955405,117.44166056315105,0.0,0.0,86.49407704671223,352.1510721842448,64.23226483662923,11.577981948852539,161.26330057779947,4.779512723286946,70.75478871663411,0.0,0.0,80.67353820800781,284.3711344401042
BENGUET,2007.0,"FONGWAN, NESTOR BAGTANG",0,0.6658260822296143,171.19500732421875,2.350346088409424,3,CAR,51.25292078653971,17.89708360036214,55.374524434407554,7.252121686935425,191.038818359375,0.0,0.0,154.64346567789713,453.21421305338544,73.41468811035156,10.668495814005533,172.77197774251303,3.2760308583577475,84.51357650756836,0.0,0.0,85.41276041666667,310.90517171223956
BENGUET,2010.0,"FONGWAN, NESTOR BAGTANG",1,0.7403435111045837,156.302978515625,1.791269302368164,3,CAR,84.0240961710612,17.782172838846844,76.27222696940105,13.684239705403646,257.2353261311849,0.0,0.0,249.74080403645834,622.4651082356771,45.861376444498696,17.339271545410156,78.79329427083333,5.4235711097717285,158.1354777018229,0.0,0.0,121.33839416503906,410.3576965332031
BENGUET,2013.0,"FONGWAN, NESTOR BAGTANG",1,0.6703517436981201,246.29367065429688,1.3541440963745117,3,CAR,120.4716084798177,13.357915878295898,129.0721435546875,13.28826347986857,258.59125264485675,0.0,0.0,248.97283426920572,636.6362508138021,72.01458104451497,16.27084191640218,98.9310073852539,10.645583470662435,245.4634755452474,0.0,0.0,231.69433085123697,576.0888061523438
BENGUET,2016.0,"PACALSO, CRESENCIO CARIÑO",0,0.6784116625785828,352.90533447265625,2.953258514404297,3,CAR,132.55151875813803,13.838801066080729,179.32915242513022,32.93883450826009,333.5012919108073,0.0,0.0,352.61928304036456,865.4497273763021,118.40044657389323,17.350697835286457,92.92921956380208,14.44200086593628,261.8843129475911,0.0,0.0,241.61127726236978,635.6415812174479
BENGUET,2019.0,"DICLAS, MELCHOR DAGUINES",0,0.7230246067047119,382.6960754394531,1.7031883001327515,3,CAR,145.16067098081112,9.843122574190298,306.11130777994794,73.46215883890788,457.28382364908856,0.0,0.0,527.3177591959635,1290.7129313151042,115.36106618245442,11.73173713684082,147.39359029134116,20.30078951517741,291.32249959309894,0.0,0.0,300.79164632161456,739.5077514648438
BENGUET,2022.0,"DICLAS, MELCHOR DAGUINES",1,0.7250650525093079,600.4906616210938,1.8367220163345337,3,CAR,,,,,,,,,,123.86033223569393,10.288441432019075,270.03379821777344,58.23966916402181,427.2061258951823,0.0,0.0,486.8579508463542,1184.097900390625
BILIRAN,1995.0,"JARO, WAYNE MCFARLAND",0,0.7665700316429138,18.70088768005371,2.3682844638824463,3,Eastern Visayas,0.0,0.0,29.002667744954426,0.0,14.144694646199545,0.0,0.0,21.075042406717937,82.0660883585612,0.0,0.0,8.019079128901163,0.0,5.138161659240723,0.0,0.0,9.109120686848959,30.416183471679688
BILIRAN,1998.0,"PARILLA, DANILO M.",0,0.926033616065979,7.35607385635376,1.8075308799743652,3,Eastern Visayas,10.998332977294922,0.6723333199818929,53.68792470296224,1.843666712443034,19.836194674173992,0.6023333470026652,0.2833333412806193,39.61214828491211,118.46465301513672,0.0,0.0,24.47753969828288,0.0,12.898969332377115,0.0,0.0,17.982932408650715,75.51227060953777
BILIRAN,2001.0,"ESPINA, ROGELIO JIMENEZ",0,0.8993058204650879,18.27199935913086,2.4747474193573,3,Eastern Visayas,19.333415349324543,1.3778433005015056,97.71191660563152,15.468521356582642,18.92734654744466,0.0,0.0,61.53213755289713,168.367067972819,0.0,0.0,28.85235850016276,0.0,15.927234967549643,0.0,0.0,26.529014587402344,96.30402374267578
BILIRAN,2004.0,"ESPINA, ROGELIO JIMENEZ",1,0.9203685522079468,13.767322540283203,1.3806263208389282,3,Eastern Visayas,31.145047505696613,1.66762908299764,86.48608907063802,3.232072671254476,16.028377850850422,0.0,0.0,50.441341400146484,141.3796615600586,20.221999486287434,1.6094553073247273,108.03419494628906,16.276334365208943,21.850853602091473,0.6023333470026652,0.2833333412806193,69.04073842366536,183.56956990559897
BILIRAN,2007.0,"ESPINA, ROGELIO JIMENEZ",1,0.9220068454742432,17.150312423706055,1.4619499444961548,3,Eastern Visayas,72.36320241292317,3.151885191599528,73.91085561116536,11.805657704671225,26.758463541666668,0.0,0.0,100.3453369140625,227.69298807779947,29.62415313720703,1.4200756152470906,80.01588185628255,3.1769537925720215,17.087279319763184,0.0,0.0,45.794699350992836,130.4576161702474
BILIRAN,2010.0,"ESPINA, GERARDO, JR. JIMENEZ",1,0.8884276151657104,25.735002517700195,2.639082193374634,3,Eastern Visayas,97.08200327555339,2.560573856035868,76.62714703877766,8.488729159037272,24.595355987548828,0.0,0.0,138.5221964518229,276.7710367838542,53.57873789469401,2.2293835481007895,69.9136454264323,8.870709101359049,20.651862462361652,0.0,0.0,77.65755716959636,188.6849568684896
BILIRAN,2013.0,"ESPINA, GERARDO JR. JIMENEZ",1,0.9210714101791382,28.010757446289062,1.5919514894485474,3,Eastern Visayas,156.64312744140625,2.9123337666193643,139.71721903483072,6.970030148824056,33.52140363057455,0.0,2.0818630854288735,134.2989069620768,313.1167297363281,96.63294728597005,3.5313562552134194,109.8924560546875,9.728153228759766,27.01903533935547,0.0,0.0,129.81402333577475,267.14560953776044
BILIRAN,2016.0,"ESPINA, GERARDO JR. JIMENEZ",1,0.8520849943161011,74.6973648071289,1.0,3,Eastern Visayas,146.92965189615884,2.2966414292653403,160.8241729736328,11.597883860270182,43.54832967122396,0.0,0.0,157.95348612467447,363.52260335286456,141.56752268473306,3.0100329319636026,92.96686108907063,6.701739311218262,30.614234288533527,0.0,2.0818630854288735,138.5864232381185,303.6090087890625
BILIRAN,2019.0,"ESPINA, ROGELIO JIMENEZ",1,0.9105274081230164,58.87771987915039,1.5403302907943726,3,Eastern Visayas,175.5622762044271,0.9736173947652181,265.73749287923175,12.30472183227539,60.517477671305336,0.0,0.0,236.7493693033854,564.0516764322916,138.6466064453125,2.0357948541641235,150.55343627929688,9.871031125386557,39.45175552368164,0.0,0.0,141.35918680826822,333.4186503092448
BILIRAN,2022.0,"ESPINA, GERARD ROGER MENDIOLA",1,0.9056509137153625,102.62384796142578,1.1209814548492432,3,Eastern Visayas,,,,,,,,,,142.0039520263672,1.2899501323699951,231.1247762044271,10.934001604715982,56.022202809651695,0.0,0.0,212.92623901367188,501.1625264485677
BOHOL,1992.0,"TIROL, DAVID B.",0,0.5190097093582153,68.29270935058594,2.3784992694854736,3,Central Visayas,0.0,0.0,55.9763069152832,0.0,43.57897186279297,0.0,0.0,52.323333740234375,245.14412434895834,,,,,,,,,
BOHOL,1998.0,"RELAMPAGOS, RENE L.",0,0.5469188690185547,249.85389709472656,1.2497429847717285,3,Central Visayas,47.81548055013021,6.405996322631836,233.08198038736978,17.31213887532552,94.27385965983073,0.0,1.7341561317443848,136.3188273111979,645.8278198242188,0.0,0.0,84.77506256103516,0.0,56.688924153645836,0.0,0.0,71.29941813151042,390.35106404622394
BOHOL,2001.0,"AUMENTADO, ERICO BOYLES",0,0.581969678401947,291.938232421875,1.8276832103729248,3,Central Visayas,115.80473073323567,16.8309113184611,339.6973876953125,9.585207303365072,77.97220357259114,0.0,0.0,197.47654724121094,561.0248209635416,0.0,0.0,131.09580739339194,0.0,78.01089477539062,0.0,0.0,98.83772277832031,601.8011271158854
BOHOL,2004.0,"AUMENTADO, ERICO BOYLES",1,0.894680380821228,63.65022277832031,1.8430219888687134,3,Central Visayas,139.63610331217447,17.232667605082195,385.72544352213544,16.39424006144206,99.35885620117188,0.0,0.0,212.4624277750651,651.0203043619791,123.27631123860677,18.061787287394207,363.3125508626302,24.504653612772625,92.82814534505208,0.0,1.7341561317443848,195.73564656575522,592.6787719726562
BOHOL,2007.0,"AUMENTADO, ERICO BOYLES",1,0.9104207158088684,68.62179565429688,1.0742270946502686,3,Central Visayas,255.87322489420572,23.131751378377277,231.4545694986979,20.39522139231364,147.40421040852866,1.3955523173014324,0.0,288.2542215983073,802.2381184895834,128.25064341227213,16.522132873535156,364.79640706380206,7.060770670572917,89.14532216389973,0.0,0.0,212.96285502115884,606.7522989908854
BOHOL,2010.0,"CHATTO, EDGARDO MIGRIÑO",0,0.8827086091041565,130.72073364257812,2.6381771564483643,3,Central Visayas,252.1504669189453,35.8768196105957,186.34635734558105,10.225227038065592,136.43878682454428,0.0,0.0,441.81382242838544,881.2254028320312,240.85022989908853,21.462621053059895,289.5341796875,27.026342391967773,131.9975331624349,1.3955523173014324,0.0,235.63086954752603,789.9310302734375
BOHOL,2013.0,"CHATTO, EDGARDO MIGRIÑO",1,0.8557268381118774,184.87249755859375,1.4748986959457397,3,Central Visayas,364.25023396809894,49.16743914286295,440.1405029296875,90.36934407552083,154.28453063964844,0.0,0.002000000017384688,503.84423828125,1101.7340494791667,220.93647257486978,29.49179458618164,259.14243570963544,8.714165369669596,133.79535420735678,0.0,0.0,419.72544352213544,816.2018432617188
BOHOL,2016.0,"CHATTO, EDGARDO MIGRIÑO",1,0.8377941846847534,297.639404296875,1.7440298795700073,3,Central Visayas,498.5180257161458,17.259275913238525,603.0066630045573,73.76379585266113,230.5471420288086,10.550599766274294,2.9149593164523444,561.3434244791666,1394.897216796875,339.07110595703125,57.57391611735026,284.46119499206543,63.36884625752767,163.70747884114584,0.0,0.002000000017384688,515.581044514974,1078.9943440755208
BOHOL,2019.0,"YAP, ARTHUR CUA",0,0.8532794117927551,342.1945495605469,2.0504369735717773,3,Central Visayas,631.1673177083334,18.46239471435547,956.7860921223959,58.782185872395836,309.61452229817706,50.805643717447914,0.0,1102.5025227864583,2368.9031982421875,440.62354532877606,20.72171688079834,523.2938639322916,58.39253679911295,167.64818064371744,0.6411028231183687,2.9149593164523444,503.607421875,1195.8574625651042
BOHOL,2022.0,"AUMENTADO, ERICO ARISTOTLE CABAGNOT",0,0.8760760426521301,466.03704833984375,1.6301050186157227,3,Central Visayas,,,,,,,,,,496.6236165364583,11.302089850107828,819.175537109375,78.36895243326823,324.73998006184894,35.31231880187988,0.0,853.0200398763021,1996.935546875
BUKIDNON,1992.0,"FORTICH, CARLOS O.",0,0.8030831813812256,21.653627395629883,3.7809998989105225,3,Northern Mindanao,0.0,0.0,55.74928283691406,0.0,28.63813654581706,0.0,0.0,26.59169642130534,179.7070744832357,,,,,,,,,
BUKIDNON,1995.0,"FORTICH, CARLOS OZAMIZ",1,0.8235859274864197,49.90812683105469,1.4837123155593872,3,Northern Mindanao,0.0,0.0,72.47709528605144,0.0,41.93105181058248,0.0,0.0,58.85817337036133,360.5707702636719,0.0,0.0,36.6036319732666,0.0,23.14982541402181,0.0,0.0,25.55349858601888,119.70430755615234
BUKIDNON,1998.0,"FORTICH, CARLOS O.",1,0.8457029461860657,61.629676818847656,1.4279389381408691,3,Northern Mindanao,27.690999348958332,4.3426666259765625,221.9155756632487,2.6679999033610025,53.60562006632487,0.0,0.33166666825612384,129.64708455403647,497.9123942057292,0.0,0.0,58.41389846801758,0.0,17.014481782913208,0.0,0.0,41.228569666544594,315.19191487630206
BUKIDNON,2001.0,"ZUBIRI, JOSE MA. JR. RUBIN",0,0.8783926963806152,67.63400268554688,1.4090622663497925,3,Northern Mindanao,208.02860260009766,20.849697430928547,468.96372477213544,5.139885266621907,95.29040654500325,0.8493333657582601,1.2466650009155273,232.8495356241862,746.4280802408854,0.0,0.0,142.69178263346353,0.0,76.52133560180664,0.0,0.0,75.49031066894531,453.2207539876302
BUKIDNON,2004.0,"ZUBIRI, JOSE MA. JR. RUBIN",1,0.7137799263000488,122.44554138183594,1.1322662830352783,3,Northern Mindanao,12.495787620544434,18.851651509602863,467.83460998535156,8.992051760355631,413.7421875,0.0,0.42321725686391193,427.07187906901044,1114.9635213216145,137.32514190673828,16.80582586924235,402.99383544921875,6.377556482950847,78.98559697469075,0.8493333657582601,1.1829999685287476,240.45297495524088,664.3398640950521
BUKIDNON,2007.0,"ZUBIRI, JOSE MA. JR. RUBIN",1,0.7760365605354309,237.05027770996094,1.2196307182312012,3,Northern Mindanao,14.356746355692545,17.303810437520344,29.797999064127605,9.214111169179281,416.59107462565106,0.0,0.0,811.3457438151041,1370.42919921875,106.5655148824056,23.091557184855144,462.2756703694661,7.817076206207275,296.1434148152669,0.0,0.8185489575068156,323.9829610188802,967.433349609375
BUKIDNON,2010.0,"CALINGASAN, ALEX PADUA",0,0.7005079388618469,317.70367431640625,2.0326409339904785,3,Northern Mindanao,11.210841019948324,37.87274424235026,50.60669136047363,14.97504965464274,550.8094482421875,0.0,0.0,833.1906331380209,1467.034423828125,13.469932238260904,16.783775965372723,204.87050120035806,8.316640535990397,416.9010721842448,0.0,0.0,607.4827677408854,1222.2947998046875
BUKIDNON,2013.0,"ZUBIRI, JOSE MA. JR. RUBIN",0,0.7874874472618103,369.261962890625,1.1814093589782715,3,Northern Mindanao,42.047329902648926,16.689114173253376,381.30274454752606,83.92188962300618,610.0510457356771,0.31070061524709064,0.5052785873413086,1204.8991292317708,2198.2586669921875,13.928088506062826,31.58176835378011,58.601810455322266,13.091954549153646,544.4707946777344,0.0,0.0,902.6897583007812,1529.6102294921875
BUKIDNON,2016.0,"ZUBIRI, JOSE MARIA, JR. RUBIN",1,0.7391648888587952,694.400146484375,1.2659451961517334,3,Northern Mindanao,74.55248260498047,5.1978349685668945,236.3307647705078,152.71199099222818,1072.7996826171875,0.0,3.868456999460856,981.8805338541666,2291.010986328125,33.99985392888387,26.413472016652424,315.899938583374,30.799423217773438,517.3565063476562,0.31070061524709064,0.0,889.8367309570312,1743.0601806640625
BUKIDNON,2019.0,"ZUBIRI, JOSE MARIA, JR. RUBIN",1,0.7320636510848999,968.218505859375,1.3021541833877563,3,Northern Mindanao,605.27392578125,0.09066667159398396,1489.5664469401042,319.0920003255208,610.4609680175781,0.0,6.936733881632487,734.8408610026041,2834.8682454427085,79.19794273376465,4.107962369918823,219.8794911702474,133.95898501078287,782.9625447591146,0.0,2.6146032015482583,1268.2697143554688,2271.1117350260415
BUKIDNON,2022.0,"ROQUE, ROGELIO NEIL PEPITO",0,0.8491733074188232,782.0557861328125,2.0186493396759033,3,Northern Mindanao,,,,,,,,,,308.5332781473796,2.3684909641742706,1111.1097412109375,236.80734252929688,884.5365498860677,0.0,5.227499326070149,879.2465006510416,2874.8927408854165
BULACAN,1995.0,"PAGDANGANAN, ROBERTO MAMANGON",0,0.6209057569503784,153.95370483398438,1.5959663391113281,3,Central Luzon,0.0,0.0,250.29329427083334,0.0,94.13912963867188,0.0,0.0,142.2713851928711,584.5970255533854,0.0,0.0,69.6210543314616,0.0,66.16820780436198,0.0,0.0,78.04714457194011,262.3365224202474
BULACAN,1998.0,"DELA CRUZ, JOSEFINA M.",0,0.6149412393569946,263.6636657714844,1.41185462474823,3,Central Luzon,58.65840148925781,68.5537821451823,420.8476969401042,12.395521799723307,106.34182484944661,0.0,28.591039021809895,231.41226196289062,780.9283142089844,0.0,0.0,213.7385457356771,0.0,101.55745442708333,0.0,0.0,116.51470947265625,517.664316813151
BULACAN,2001.0,"DELA CRUZ, JOSEFINA M.",1,0.5604851841926575,442.7869873046875,1.0623054504394531,3,Central Luzon,168.0190684000651,155.65778350830078,731.3309122721354,22.473188559214275,121.43442916870117,4.582666635513306,28.591039021809895,352.0071512858073,1096.3367309570312,0.0,0.0,224.33625284830728,0.0,70.15086364746094,0.0,0.0,172.44830830891928,628.2469991048177
BULACAN,2004.0,"DELA CRUZ, JOSEFINA M.",1,0.6426739692687988,445.65399169921875,1.1253411769866943,3,Central Luzon,238.60204060872397,200.8383585611979,934.9877522786459,52.61547088623047,230.22935485839844,18.020172754923504,0.0,424.91172281901044,1664.4005940755208,174.98580423990884,186.22423299153647,801.2261352539062,26.284376939137776,156.1641934712728,0.5866666634877523,57.18207804361979,355.9629618326823,1070.1834513346355
BULACAN,2007.0,"MENDOZA, JOSELITO ROXAS",0,0.5779701471328735,751.8012084960938,2.6010243892669678,3,Central Luzon,398.58143107096356,165.7839101155599,643.0228474934896,237.3728001912435,274.69977315266925,25.093194325764973,0.0,650.0242309570312,1936.0011393229167,202.6697031656901,172.34168752034506,798.9232788085938,37.80667940775553,188.69666798909506,15.70882511138916,0.0,370.39638264973956,1460.4312744140625
BULACAN,2010.0,"SY-ALVARADO, WILHELMINO MANUCDOC",0,0.5938796997070312,1059.966064453125,1.9805206060409546,3,Central Luzon,598.0851440429688,179.98015848795572,859.2959798177084,320.68958536783856,208.23540751139322,25.228488286336262,0.0,861.7540486653646,2224.33544921875,315.5157165527344,179.07146708170572,654.0484415690104,152.5096181233724,254.489013671875,22.057457605997723,0.0,554.7259724934896,1825.0642496744792
BULACAN,2013.0,"SY-ALVARADO, WILHELMINO MANUCDOC",1,0.6748275756835938,818.2925415039062,1.0,3,Central Luzon,550.7032432556152,117.40344492594402,1353.533447265625,341.34422302246094,403.34093221028644,13.723309199015299,0.0,1020.3074951171875,2841.48779296875,567.1585896809896,178.39580281575522,1055.4252115885417,283.5895690917969,244.98980712890625,26.28124173482259,0.0,844.1160074869791,2162.7373046875
BULACAN,2016.0,"SY-ALVARADO, WILHELMINO MANUCDOC",1,0.6466533541679382,1331.8646240234375,1.9236825704574585,3,Central Luzon,1122.9982503255208,112.56297556559245,1522.9912109375,269.6771519978841,346.94651794433594,17.752777099609375,0.0,1565.4765218098958,3507.615966796875,452.6379559834798,128.8141098022461,1013.6943359375,349.83025614420575,312.0787709554036,16.740180333455402,0.0,939.2304890950521,2595.039794921875
BULACAN,2019.0,"FERNANDO, DANIEL RAMIREZ",0,0.6474819183349609,1863.764404296875,1.9756429195404053,3,Central Luzon,1572.72607421875,108.45717366536458,2396.826131184896,216.7712755203247,235.80965677897134,19.961873372395832,1.3333333333333333,2157.9252115885415,4867.336751302083,1030.0508219401042,121.2089360555013,1540.1390380859375,371.7351481119792,383.375483194987,17.14409891764323,0.0,1269.0340169270833,3248.85791015625
BULACAN,2022.0,"FERNANDO, DANIEL RAMIREZ",1,0.7107964158058167,2408.317138671875,1.6730015277862549,3,Central Luzon,,,,,,,,,,1179.4920247395833,89.45276387532552,1909.8513590494792,145.4670737584432,256.47113545735675,16.529741287231445,1.3333333333333333,2015.9670817057292,4270.090738932292
CAGAYAN,1992.0,"AGUINALDO, RODOLFO E.",0,0.9048543572425842,8.406294822692871,1.7165849208831787,3,Cagayan Valley,0.0,0.0,71.7866948445638,0.0,36.94420560201009,0.0,0.0,45.09370549519857,201.26309204101562,,,,,,,,,
CAGAYAN,1998.0,"VARGAS, FLORENCIO L",0,0.8675767183303833,53.183815002441406,2.5271060466766357,3,Cagayan Valley,46.826334635416664,4.689666748046875,213.14063008626303,1.5803333918253581,92.51449584960938,0.0,0.0,149.85126495361328,520.14453125,0.0,0.0,98.14025115966797,0.0,69.00270334879558,0.0,0.0,73.56836827596028,308.7623596191406
CAGAYAN,2001.0,"LARA, EDGAR RAMONES",0,0.8813786506652832,68.04299926757812,1.7256755828857422,3,Cagayan Valley,141.28166707356772,12.514666875203451,364.67933146158856,6.83133331934611,113.78066762288411,0.0,0.0,204.05167134602866,632.2856648763021,0.0,0.0,142.42232259114584,0.0,86.41359456380208,0.0,0.0,117.1880620320638,460.91185506184894
CAGAYAN,2004.0,"LARA, EDGAR RAMONES",1,0.8757331371307373,87.12300109863281,1.3018112182617188,3,Cagayan Valley,164.31299336751303,10.996999899546305,428.0389912923177,7.956000169118245,125.72233327229817,0.0,0.0,244.77300008138022,764.5103352864584,140.74300130208334,12.78433354695638,357.89732869466144,6.179666678110759,108.3953348795573,0.0,0.0,198.19033813476562,590.3140055338541
CAGAYAN,2007.0,"ANTONIO, ALVARO TRINIDAD",0,0.8675515651702881,118.3479995727539,2.027386426925659,3,Cagayan Valley,181.36936950683594,21.4853998819987,150.38927205403647,11.12783686319987,260.55716196695965,0.0,0.0,420.650390625,966.4876098632812,157.15032958984375,9.516000270843506,396.7219950358073,7.023333390553792,122.81799825032552,0.0,0.0,223.03233846028647,728.3913370768229
CAGAYAN,2010.0,"ANTONIO, ALVARO TRINIDAD",1,0.8368289470672607,171.1717071533203,1.734629511833191,3,Cagayan Valley,224.11407979329428,22.944926579793293,185.1735382080078,31.112437566121418,219.79188537597656,0.0,0.0,540.9459737141927,1038.908935546875,169.27011108398438,19.009171803792317,224.43262227376303,9.076342582702637,187.1604461669922,0.0,0.0,353.0632731119792,878.867919921875
CAGAYAN,2013.0,"ANTONIO, ALVARO TRINIDAD",1,0.83774334192276,229.32940673828125,1.5862118005752563,3,Cagayan Valley,248.16063435872397,12.542993545532227,303.74249267578125,53.308640480041504,176.8171590169271,0.0,0.0,530.9552001953125,1011.5148518880209,205.03924051920572,24.02601369222005,251.9835459391276,22.91829490661621,264.485595703125,0.0,0.0,508.0276184082031,1024.7569580078125
CAGAYAN,2016.0,"MAMBA, MANUEL NOVENO",0,0.9009124040603638,183.43724060058594,2.7374985218048096,3,Cagayan Valley,196.05982971191406,22.321479161580402,227.63768005371094,9.256378173828125,157.67151896158853,0.0,0.0,442.51641845703125,827.8256225585938,242.76190185546875,17.14758046468099,220.0653533935547,63.42353947957357,191.30350748697916,0.0,0.0,558.5534973144531,1062.919901529948
CAGAYAN,2019.0,"MAMBA, MANUEL NOVENO",1,0.9182403683662415,178.9674835205078,2.154966115951538,3,Cagayan Valley,241.56739775339761,7.228065172831218,422.0833435058594,86.39400164286296,237.83832804361978,0.0,0.0,910.0845336914062,1570.0061848958333,241.4473622639974,17.97696876525879,268.4214680989583,8.99715264638265,162.74610900878906,0.0,0.0,459.27516682942706,890.4427490234375
CAGAYAN,2022.0,"MAMBA, MANUEL NOVENO",1,0.9364013075828552,211.6123809814453,1.0,3,Cagayan Valley,,,,,,,,,,169.0825548171997,12.079761664072672,320.04368591308594,51.98749351501465,201.98902384440103,0.0,0.0,698.9317728678385,1220.9644775390625
CAMARINES NORTE,1992.0,"PADILLA, CASIMIRO ROY JR. A.",0,0.9014827609062195,4.585928916931152,3.4714643955230713,3,Bicol Region,0.0,0.0,33.16655413309733,0.0,15.37301508585612,0.0,0.0,25.188251495361328,112.41252899169922,,,,,,,,,
CAMARINES NORTE,1998.0,"PIMENTEL, EMMANUEL B.",0,0.8790405988693237,23.912954330444336,2.62214994430542,3,Bicol Region,25.47039794921875,1.5631499290466309,92.50952275594075,1.8531665802001953,49.31677754720052,0.0,0.0,81.46416854858398,276.1391092936198,0.0,0.0,42.29310862223307,0.0,32.94280433654785,0.0,0.0,37.71008745829264,156.4269053141276
CAMARINES NORTE,2001.0,"TYPOCO, JESUS JR. O.",0,0.9042590856552124,26.489023208618164,2.3366193771362305,3,Bicol Region,80.06982167561848,4.935679992039998,179.01585896809897,6.221986452738444,56.68888727823893,0.0,0.0,87.78837585449219,342.7602945963542,0.0,0.0,52.485894521077476,0.0,47.74441655476888,0.0,0.0,70.38485717773438,254.40198262532553
CAMARINES NORTE,2004.0,"TYPOCO, JESUS JR. O.",1,0.79608553647995,35.35765075683594,1.9280264377593994,3,Bicol Region,35.36926301320394,6.077097415924072,137.0063908894857,5.6800300280253095,73.45934804280598,0.0,0.0,89.87999725341797,395.2360026041667,81.00787353515625,4.72390882174174,178.0757598876953,6.005290826161702,53.41836802164713,0.0,0.0,86.33869171142578,312.59144083658856
CAMARINES NORTE,2007.0,"TYPOCO, JESUS JR. O.",1,0.7575136423110962,121.97943878173828,1.9685388803482056,3,Bicol Region,23.284793217976887,11.223357836405436,39.62737147013346,14.30869166056315,152.75472513834634,0.0,0.0,263.4557698567708,566.443125406901,54.06574408213297,6.879507541656494,149.715939839681,5.368796189626058,74.48342514038086,0.0,0.0,83.40189107259114,355.5907389322917
CAMARINES NORTE,2010.0,"TALLADO, EDGARDO ANGELES",0,0.8110418319702148,90.13292694091797,2.9553470611572266,3,Bicol Region,104.60245259602864,11.936376571655273,81.33162879943848,11.432120323181152,148.26168823242188,0.0,0.0,377.61997477213544,663.7529093424479,21.574059804280598,6.572275797526042,70.01349385579427,14.311938285827637,103.77154541015625,0.0,0.0,175.53154500325522,521.1757405598959
CAMARINES NORTE,2013.0,"TALLADO, EDGARDO ANGELES",1,0.8430761694908142,115.6156234741211,1.8744080066680908,3,Bicol Region,143.5494817097982,17.421807924906414,186.82576497395834,17.97837543487549,138.6420415242513,0.637789765993754,0.0,407.2691955566406,760.0304972330729,68.74207878112793,14.327621777852377,89.80289713541667,6.733197053273519,189.90790557861328,0.0,0.0,366.8197733561198,648.4061279296875
CAMARINES NORTE,2016.0,"TALLADO, EDGARDO ANGELES",1,0.8005216121673584,216.05508422851562,2.245250940322876,3,Bicol Region,298.9032694498698,11.189716974894205,334.34131876627606,22.308154424031574,163.78118896484375,1.9401604334513347,0.0,468.2720642089844,983.3898518880209,130.31663767496744,14.06888516743978,123.05310122172038,17.430799166361492,119.39957682291667,0.637789765993754,0.0,406.38768513997394,723.7269287109375
CAMARINES NORTE,2019.0,"TALLADO, EDGARDO ANGELES",1,0.773523211479187,331.3607177734375,1.7230253219604492,3,Bicol Region,275.05515543619794,12.454771846532822,525.7621765136719,77.26109949747722,197.2681681315104,2.0290983517964682,0.0,593.7493998209635,1353.4410807291667,240.7827402750651,13.427090644836426,277.2211507161458,21.94009272257487,158.42062377929688,1.0712143580118816,0.0,425.4066874186198,881.5150553385416
CAMARINES NORTE,2022.0,"PADILLA, RICARTE ROBLEDO",0,0.8354657292366028,370.97509765625,1.9443544149398804,3,Bicol Region,,,,,,,,,,252.28792317708334,10.636374642451605,473.9273173014323,50.15747388203939,193.74889628092447,1.8834952513376872,0.0,555.9463602701823,1249.7090657552083
CAMARINES SUR,1998.0,"VILLAFUERTE, LUIS R.",0,0.9293215274810791,26.903831481933594,2.0232632160186768,3,Bicol Region,38.06414794921875,15.912762641906738,256.2690963745117,4.797346115112305,168.20672607421875,0.0,16.15253448486328,177.0862579345703,513.8077697753906,0.0,0.0,80.98870086669922,0.0,65.77186330159505,0.0,0.0,89.5668462117513,264.638921101888
CAMARINES SUR,2001.0,"VILLAFUERTE, LUIS R.",1,0.9308177828788757,36.40654373168945,1.3708994388580322,3,Bicol Region,72.43843332926433,37.546841303507485,341.7022298177083,6.659564018249512,131.5785140991211,0.0,25.015689849853516,200.0417022705078,593.7907104492188,0.0,0.0,123.78462219238281,0.0,110.23538589477539,0.0,0.0,137.2218780517578,448.27149963378906
CAMARINES SUR,2004.0,"VILLAFUERTE, LUIS RAYMOND JR. FAVIS",1,0.769305408000946,51.06800079345703,2.1571528911590576,3,Bicol Region,69.56999842325847,16.54366652170817,284.2366689046224,5.359999974568685,60.47633361816406,1.0863333145777385,3.368000030517578,188.30866495768228,718.6026713053385,73.82053120930989,31.804683685302734,355.1367899576823,7.924794832865397,158.55036163330078,0.0,35.11737950642904,206.4694061279297,567.8860677083334
CAMARINES SUR,2007.0,"VILLAFUERTE, LUIS RAYMUNDO JR.",1,0.8952274322509766,95.01899719238281,1.4214789867401123,3,Bicol Region,85.02401224772136,42.0909423828125,237.23309326171875,132.80409367879233,280.3398183186849,1.3817824125289917,14.89926528930664,417.5939432779948,1181.306660970052,68.30266698201497,23.713332811991375,261.25733947753906,5.276666641235352,73.44466654459636,0.478333314259847,2.134333292643229,161.35199991861978,632.517344156901
CAMARINES SUR,2010.0,"VILLAFUERTE, LUIS RAYMOND JR. FAVIS",1,0.6712402105331421,379.9442443847656,1.4768424034118652,3,Bicol Region,118.47654724121094,29.333486557006836,157.26588567097983,73.45359929402669,291.7362009684245,0.7094225883483887,4.981778462727864,565.622080485026,1167.857686360677,79.78214263916016,38.414730072021484,239.16039021809897,51.683397928873696,135.00298055013022,1.7889894644419353,13.732795715332031,347.4098612467448,983.6621907552084
CAMARINES SUR,2013.0,"VILLAFUERTE, MIGUEL REYES",1,0.8825317621231079,163.5443878173828,2.4780516624450684,3,Bicol Region,131.1708552042643,18.81246026357015,206.40885416666666,44.913044929504395,294.7235107421875,0.7747339804967245,0.0,705.1447143554688,1259.2919514973958,87.71297963460286,35.66290537516276,272.8916931152344,142.45140075683594,404.42759195963544,0.5630774895350138,6.501331329345703,579.4396260579427,1346.4711507161458
CAMARINES SUR,2016.0,"VILLAFUERTE, MIGUEL REYES",1,0.9078734517097473,188.20152282714844,1.6787810325622559,3,Bicol Region,155.34300231933594,36.84963353474935,338.44179280598956,142.189572652181,450.55078125,4.059590895970662,0.0,985.2932332356771,1802.3146565755208,143.4159164428711,15.614177385965982,126.15149561564128,23.942259152730305,241.6393585205078,0.5830837885538737,1.5472501118977864,573.2410786946615,1070.6616821289062
CAMARINES SUR,2019.0,"VILLAFUERTE, MIGUEL REYES",1,0.8923344016075134,291.6818542480469,2.013798475265503,3,Bicol Region,151.31240590413412,65.76553853352864,479.06203206380206,117.67683347066243,418.3179626464844,7.902177174886067,1.3333333333333333,1191.7718505859375,2201.109619140625,150.01775614420572,32.93802833557129,332.7889099121094,147.3851572672526,452.2695719401042,2.447971979777018,0.0,945.3652140299479,1756.4134114583333
CAMARINES SUR,2022.0,"VILLAFUERTE, VINCENZO RENATO LUIGI REYES",1,0.8423281311988831,592.8959350585938,1.9287841320037842,3,Bicol Region,,,,,,,,,,133.1450424194336,47.18711725870768,416.1628723144531,93.3241418202718,351.4732157389323,6.101495742797852,1.3333333333333333,1103.041768391927,1968.5110677083333
CAMIGUIN,1995.0,"GALLARDO, ANTONIO ADANIEL",0,0.9395381808280945,3.482151985168457,1.931020736694336,3,Northern Mindanao,0.0,0.0,23.270764032999676,0.0,13.381499290466309,0.0,0.0,13.480523745218912,75.36872100830078,0.0,0.0,8.196368753910065,0.0,7.095910867055257,0.0,0.0,8.491657892862955,33.2710329691569
CAMIGUIN,1998.0,"ROMUALDO, PEDRO PALARCA",0,0.9199127554893494,7.096455097198486,1.5236729383468628,3,Northern Mindanao,12.718666076660156,0.768333355585734,51.865777333577476,1.4586666425069172,18.99440574645996,0.0,0.009000000233451525,28.207286834716797,124.30064137776692,0.0,0.0,20.618191401163738,0.0,12.855429649353027,0.0,0.0,12.02888011932373,68.62334950764973
CAMIGUIN,2001.0,"ROMUALDO, PEDRO PALARCA",1,0.9278233051300049,8.600000381469727,1.4880746603012085,3,Northern Mindanao,40.62676429748535,0.5327430615822474,75.03360112508138,1.1871601541837056,19.924132982889812,0.0,0.0,32.68693288167318,122.68245697021484,0.0,0.0,34.99803479512533,0.0,16.00526777903239,0.0,0.0,22.746967633565266,112.53947448730469
CAMIGUIN,2004.0,"ROMUALDO, PEDRO PALARCA",1,0.9428590536117554,8.006624221801758,1.2554914951324463,3,Northern Mindanao,52.55272420247396,0.9527644515037537,94.17071024576823,1.3900599479675293,25.511355717976887,0.0,0.0,39.27516174316406,161.09208170572916,37.95371945699056,1.085395023226738,72.81350326538086,2.3249480724334717,19.81875514984131,0.0,0.009000000233451525,31.440439860026043,116.93192799886067
CAMIGUIN,2007.0,"ROMUALDO, JURDIN JESUS M.",1,0.9214934706687927,14.29979133605957,1.6389076709747314,3,Northern Mindanao,66.58685811360677,1.6077571113904316,51.804117838541664,2.7560815811157227,40.27259826660156,0.0,0.0,82.84845479329427,212.69189453125,49.624342600504555,0.8512270450592041,89.04959360758464,1.2016693552335103,24.300928115844727,0.0,0.0,37.372355143229164,144.65311686197916
CAMIGUIN,2010.0,"ROMUALDO, JURDIN JESUS M.",1,0.9091343283653259,23.90211296081543,1.3177186250686646,3,Northern Mindanao,77.42519887288411,1.6153900027275085,59.25681018829346,5.977779150009155,75.1017557779948,0.0,0.0,99.69491831461589,259.81651814778644,57.513423919677734,1.2712347507476807,55.665629069010414,2.2899169921875,29.145854949951172,0.0,0.0,76.24720255533855,203.70791625976562
CAMIGUIN,2013.0,"ROMUALDO, JURDIN JESUS M.",1,0.8974552154541016,28.994735717773438,1.373879075050354,3,Northern Mindanao,124.74227396647136,3.250805377960205,92.03145090738933,7.849210421244304,69.22154998779297,0.0,0.0,113.81360626220703,275.8778940836589,79.64888000488281,1.6774222652117412,85.95747375488281,4.631174087524414,70.75452295939128,0.0,0.0,85.44699350992839,242.15899149576822
CAMIGUIN,2016.0,"ROMUALDO, MARIA LUISA DE LA FUENTE",1,0.9133106470108032,36.383026123046875,1.0,3,Northern Mindanao,97.15016682942708,3.258867025375366,120.79146067301433,19.437854766845703,82.42710876464844,0.9445754090944926,0.0,127.27468363444011,341.7020568847656,119.63855234781902,3.059180974960327,58.8939536412557,5.768612225850423,69.25461069742839,0.0,0.0,108.30985768636067,262.22145080566406
CAMIGUIN,2019.0,"ROMUALDO, JURDIN JESUS MODINA",1,0.9007886052131653,55.33708953857422,1.1405048370361328,3,Northern Mindanao,31.05640920003255,3.5430434544881186,118.89544677734375,33.282572428385414,96.49170684814453,1.1941421031951904,0.0,217.90657552083334,455.2971496582031,93.16441599527995,2.228362957636515,112.89839680989583,16.892042477925617,79.94961293538411,0.6135765115420023,0.0,118.26627858479817,317.42746988932294
CAMIGUIN,2022.0,"ROMUALDO, XAVIER JESUS DELA FUENTE",1,0.9348230361938477,58.114166259765625,1.3907628059387207,3,Northern Mindanao,,,,,,,,,,49.787522633870445,3.5853590965270996,127.70996348063152,23.58973566691081,87.90381113688152,0.9280699491500854,0.0,184.08857218424478,419.38669840494794
CAPIZ,1992.0,"CONTRERAS, ESTEBAN EVAN E.",0,0.8857605457305908,6.079748153686523,2.226090669631958,3,Western Visayas,0.0,0.0,66.99659601847331,0.0,35.65575440724691,0.0,0.0,63.87343406677246,211.75581868489584,,,,,,,,,
CAPIZ,1995.0,"CONTRERAS, ESTEBAN EVAN E.",1,0.8792374134063721,41.13315200805664,1.5678362846374512,3,Western Visayas,0.0,0.0,95.90149180094402,0.0,45.57695960998535,0.0,0.0,77.82430903116862,286.1817881266276,0.0,0.0,31.021124203999836,0.0,16.967143694559734,0.0,0.0,28.83255958557129,93.30461247762044
CAPIZ,1998.0,"BERMEJO, VICENTE B.",0,0.9368405342102051,14.879905700683594,1.8942924737930298,3,Western Visayas,32.9920908610026,1.2277687390645344,152.04745229085287,1.0786160628000896,39.4551887512207,0.0,10.514310836791992,65.62571589152019,293.18181864420575,0.0,0.0,106.27565511067708,0.0,58.39684804280599,0.0,0.0,103.1008186340332,347.5282847086589
CAPIZ,2001.0,"BERMEJO, VICENTE B.",1,0.9444586038589478,18.43877601623535,1.569429874420166,3,Western Visayas,73.59354591369629,3.471575220425924,183.36077880859375,2.7426018714904785,17.33543332417806,8.286861419677734,0.0,95.26619720458984,200.70621236165366,0.0,0.0,104.86381530761719,0.0,35.409746170043945,0.0,0.0,54.10972213745117,242.04237365722656
CAPIZ,2004.0,"BERMEJO, VICENTE B.",1,0.9139352440834045,25.88405990600586,1.0102546215057373,3,Western Visayas,75.24563090006511,6.071080207824707,266.6485951741536,2.9334299763043723,72.14340718587239,0.0,0.0,182.39845530192056,358.4188639322917,98.41640981038411,3.91526726881663,226.58885192871094,3.3907412687937417,27.23867416381836,8.286861419677734,10.514310836791992,102.0652592976888,287.1672668457031
CAPIZ,2007.0,"TANCO, VICTOR ARANCILLO",0,0.838913083076477,64.7996597290039,1.0177510976791382,3,Western Visayas,67.70161437988281,4.342360178629558,72.33984120686848,6.4158487518628435,112.46957397460938,0.0,0.0,336.6986440022786,531.5882364908854,79.08845456441243,5.392906824747722,207.87877909342447,3.032576640446981,47.286892573038735,0.0,0.0,120.36484018961589,270.83234151204425
CAPIZ,2010.0,"TANCO, VICTOR ARANCILLO",1,0.8129146099090576,87.08859252929688,1.6610671281814575,3,Western Visayas,127.9911371866862,8.391081809997559,90.32910124460857,11.90142567952474,149.4223378499349,0.0,0.0,401.8278096516927,707.8868611653646,35.20238749186198,4.081294059753418,120.7814229329427,3.8177538315455117,100.24188741048177,0.0,0.0,289.5387268066406,440.80242919921875
CAPIZ,2013.0,"TANCO, VICTOR ARANCILLO",1,0.891202449798584,74.88628387451172,1.2846393585205078,3,Western Visayas,161.60146458943686,8.78364864985148,266.5804901123047,17.771613438924152,116.9166997273763,0.0,0.0,355.6020914713542,739.8162841796875,109.33438110351562,7.642240524291992,127.72057342529297,10.743952115376791,134.33767445882162,0.0,0.0,419.47999064127606,681.5382486979166
CAPIZ,2016.0,"DEL ROSARIO, ANTONIO ANDRADA",0,0.8388988971710205,196.4537353515625,1.0742930173873901,3,Western Visayas,504.93091837565106,12.220983346303305,597.3604125976562,80.20852152506511,111.90618387858073,0.0,0.0,423.0024820963542,1132.2690836588542,119.223082224528,7.927547295888265,161.50162728627524,13.881786028544107,142.48907979329428,0.0,0.0,358.1185709635417,729.1032307942709
CAPIZ,2019.0,"CONTRERAS, ESTEBAN EVAN BACERO",0,0.7730719447135925,383.7723388671875,2.2805771827697754,3,Western Visayas,470.5959879557292,0.8666666348775228,794.5685424804688,79.77230326334636,128.02889760335287,0.0,0.0,606.3822835286459,1531.7924397786458,422.13836669921875,8.929528713226318,492.8738098144531,61.80591901143392,103.64236195882161,0.0,0.0,373.6662190755208,970.2130330403646
CAPIZ,2022.0,"CASTRO, FREDENIL HERNAEZ",0,0.8092204928398132,388.2378845214844,1.6159605979919434,3,Western Visayas,,,,,,,,,,415.95131429036456,7.0530467828114825,732.6034342447916,66.2654800415039,120.86463165283203,0.0,0.0,558.926503499349,1413.8009440104167
CATANDUANES,1995.0,"ALCANTARA, SEVERO CAJUDAY",0,0.8726366758346558,13.842881202697754,1.7233964204788208,3,Bicol Region,0.0,0.0,56.646018981933594,0.0,22.682057698567707,0.0,0.0,33.92823028564453,136.26573181152344,0.0,0.0,22.232339819272358,0.0,11.863283157348633,0.0,0.0,14.265563011169434,62.49098205566406
CATANDUANES,1998.0,"SANCHEZ, HECTOR S.",0,0.9285526871681213,11.319071769714355,2.38455867767334,3,Bicol Region,23.871999104817707,0.7866666316986084,92.24633026123047,0.3293333252271016,34.99030049641927,0.0,0.0,55.202449798583984,172.43800354003906,0.0,0.0,45.68645095825195,0.0,21.186150868733723,0.0,0.0,29.724259694417317,122.69335683186848
CATANDUANES,2001.0,"VERCELES, LEANDRO JR. B.",0,0.9454360604286194,11.017999649047852,1.7479709386825562,3,Bicol Region,78.66031138102214,2.7788893381754556,156.8441162109375,0.9686557054519653,27.851301829020183,0.0,0.0,74.43625895182292,222.62726338704428,0.0,0.0,69.3029301961263,0.0,28.41607157389323,0.0,0.0,45.86931610107422,158.83682759602866
CATANDUANES,2004.0,"VERCELES, LEANDRO JR. B.",1,0.9578397870063782,10.331881523132324,2.1901228427886963,3,Bicol Region,88.76523844401042,3.1170386473337808,176.60699462890625,1.0108635226885478,31.84931182861328,0.0,0.0,83.71384938557942,260.3355407714844,75.34933217366536,2.5833333333333335,148.89032999674478,0.9723333319028219,33.77166620890299,0.0,0.0,69.98533376057942,206.46033223470053
CATANDUANES,2007.0,"CUA, JOSEPH CHUA",0,0.9581193327903748,12.750835418701172,1.8814964294433594,3,Bicol Region,104.02280680338542,3.54659104347229,82.38271840413411,6.08599986632665,76.51564407348633,0.0,1.6927332878112793,148.29523468017578,357.0285949707031,84.55359649658203,2.861120621363322,169.1008504231771,1.0038702487945557,27.43589146931966,0.0,0.0,80.68225606282552,247.7615509033203
CATANDUANES,2010.0,"CUA, JOSEPH CHUA",1,0.7762653231620789,91.96952056884766,1.6604204177856445,3,Bicol Region,85.40508778889973,5.02037517229716,70.82985957463582,11.909403959910074,113.67368570963542,0.0,0.0,220.6171417236328,437.4935302734375,110.76853942871094,3.9138712882995605,116.07054138183594,4.580290913581848,49.28299204508463,0.0,1.6927332878112793,119.77292378743489,322.6603190104167
CATANDUANES,2013.0,"WONG, ARACELI BERNARDINO",0,0.7886252403259277,110.04376983642578,1.9531975984573364,3,Bicol Region,133.5858891805013,6.223041852315267,129.69265747070312,21.135196208953857,124.98382822672527,0.0,0.912895679473877,242.56754048665366,506.13367716471356,80.09041086832683,4.349792718887329,95.9562479654948,11.51604429880778,116.77002207438152,0.0,0.0,202.94053649902344,416.3010660807292
CATANDUANES,2016.0,"CUA, JOSEPH CHUA",0,0.8075154423713684,148.50962829589844,2.5462870597839355,3,Bicol Region,153.03862508138022,9.480015436808268,180.8073272705078,18.288691520690918,158.25952657063803,0.0,0.0,324.3630777994792,672.8616536458334,120.46043395996094,6.003129482269287,81.09746567408244,17.390379269917805,117.24643198649089,0.0,0.912895679473877,227.54664103190103,463.31443277994794
CATANDUANES,2019.0,"CUA, JOSEPH CHUA",1,0.8152198791503906,167.81297302246094,1.7535829544067383,3,Bicol Region,139.33151245117188,8.599376837412516,238.42957051595053,23.208477020263672,192.29908752441406,2.8333333333333335,0.0,464.57094319661456,900.3752644856771,141.46965535481772,8.194222291310629,164.37869262695312,14.714819272359213,144.5904795328776,0.0,0.0,294.4950663248698,612.4686482747396
CATANDUANES,2022.0,"CUA, JOSEPH CHUA",1,0.8604706525802612,152.51438903808594,1.5615594387054443,3,Bicol Region,,,,,,,,,,124.32374572753906,8.01494836807251,224.9849853515625,25.35608673095703,184.69219462076822,2.8333333333333335,0.0,406.9463806152344,824.0720621744791
CAVITE,1992.0,"REMULLA, JUANITO R.",0,0.5668178200721741,49.424922943115234,1.4935847520828247,3,CALABARZON,0.0,0.0,77.24559783935547,0.0,33.91375541687012,0.0,0.0,69.52794138590495,260.4201354980469,,,,,,,,,
CAVITE,1995.0,"VELASCO, EPIMACO ARDINA",0,0.5460777878761292,159.4860076904297,1.8437299728393555,3,CALABARZON,0.0,0.0,138.12538146972656,0.0,61.11197026570638,0.0,0.0,148.48277282714844,503.04644775390625,0.0,0.0,45.852189699808754,0.0,28.560816446940105,0.0,0.0,63.24536641438802,181.8791478474935
CAVITE,1998.0,"REVILLA, RAMON BONG JR. R.",0,0.6307280659675598,199.6623077392578,1.6382964849472046,3,CALABARZON,48.814666748046875,47.226664225260414,367.4193979899089,10.655333201090494,133.91734568277994,0.0,22.66900126139323,255.7984364827474,856.9542643229166,0.0,0.0,121.15582529703777,0.0,51.73177719116211,0.0,0.0,114.72050476074219,433.60520426432294
CAVITE,2001.0,"MALIKSI, ERINEO SAQUILAYAN",0,0.5396614670753479,314.5010070800781,1.753517508506775,3,CALABARZON,224.75226847330728,158.63739522298178,756.2342936197916,43.92434946695963,146.88937377929688,0.0,0.12665274242560068,328.79364013671875,1110.507568359375,0.0,0.0,182.73291015625,0.0,69.70660400390625,0.0,0.0,205.97071329752603,706.7627563476562
CAVITE,2004.0,"MALIKSI, ERINEO SAQUILAYAN",1,0.6244834065437317,423.8820495605469,1.3586769104003906,3,CALABARZON,271.9890645345052,212.9317881266276,816.9474487304688,41.623922983805336,161.76774088541666,0.23287989695866904,1.327045272414883,288.84275309244794,1414.0419514973958,196.46133422851562,142.7126668294271,738.8426717122396,42.913333892822266,197.48233286539713,0.0,22.74900125960509,334.00633748372394,1061.519999186198
CAVITE,2007.0,"MALIKSI, ERINEO SAQUILAYAN",1,0.5119641423225403,684.8209228515625,1.0357224941253662,3,CALABARZON,325.8911946614583,158.50109100341797,358.2283630371094,52.17079416910807,174.31126912434897,1.296989897886912,2.6921143531799316,780.6538492838541,1696.4565836588542,262.18398030598956,196.95138041178384,778.9193318684896,38.5489133199056,140.9523900349935,0.0,0.06660066110392411,281.16847737630206,1269.1811930338542
CAVITE,2010.0,"REMULLA, JUANITO VICTOR JR. ",0,0.5106795430183411,1477.89697265625,2.3028836250305176,3,CALABARZON,360.78843180338544,168.32208251953125,408.67479451497394,74.89075724283855,171.14146931966147,0.3033563296000163,2.242122689882914,830.9796752929688,1639.3387451171875,276.0043640136719,207.97858174641928,463.8805440266927,47.26863479614258,168.88194274902344,0.8740654786427816,3.003793716430664,457.0598958333333,1527.8221028645833
CAVITE,2013.0,"REMULLA, JUANITO VICTOR JR. ",1,0.7227306962013245,681.3848266601562,1.8338767290115356,3,CALABARZON,557.27880859375,83.0907719930013,641.4988810221354,62.85370890299479,163.3704071044922,0.7153913726409277,2.61444886525472,889.11669921875,1715.9412841796875,350.15960693359375,148.3926773071289,567.7208760579427,65.83379491170247,172.30096435546875,0.8543283144632975,2.480461001396179,989.4927978515625,1765.2659098307292
CAVITE,2016.0,"REMULLA, JESUS CRISPIN CATIBAYAN",1,0.7566080093383789,793.1228637695312,1.0644922256469727,3,CALABARZON,492.2770080566406,59.06336339314779,771.8314819335938,217.84097290039062,219.2911122639974,0.1897307907541593,2.46040678024292,1108.1883138020833,2108.7440185546875,549.8651631673177,100.97116597493489,448.228271484375,56.9266611735026,163.51643880208334,0.7205230345328649,2.670975844065348,836.1193033854166,1669.388427734375
CAVITE,2019.0,"REMULLA, JUANITO VICTOR CATIBAYAN",1,0.795315682888031,932.5206909179688,1.6359776258468628,3,CALABARZON,488.4567464192708,104.50239765644073,1090.6777954101562,240.69793510437012,273.7278238932292,0.3294817606608073,1.0627955595652263,1457.1101888020833,2835.469970703125,478.4206034342448,74.0703862508138,759.735107421875,204.50948588053384,203.59153747558594,0.24988589684168497,2.484743674596151,1028.0759887695312,2006.3009440104167
CAVITE,2022.0,"REMULLA, JUANITO VICTOR CATIBAYAN",1,0.814923882484436,1492.077880859375,1.1975778341293335,3,CALABARZON,,,,,,,,,,412.9247639973958,69.1826484600703,912.2559611002604,173.10820325215658,249.96879069010416,0.20428644369045892,1.2076135873794556,1361.5132649739583,2532.278076171875
CEBU,1992.0,"DELA SERNA, VICENTE L.",0,0.18928216397762299,449.39007568359375,2.3585801124572754,3,Central Visayas,0.0,0.0,101.01707458496094,0.0,57.6750857035319,0.0,0.0,75.04218673706055,360.46336873372394,,,,,,,,,
CEBU,1998.0,"GARCIA, PABLO P.",0,0.5109679698944092,480.1828308105469,1.719089388847351,3,Central Visayas,54.85813903808594,5.6983896891276045,346.4144999186198,0.6340115467707316,101.5924784342448,0.0,40.869483947753906,183.39959208170572,738.7318522135416,0.0,0.0,171.1325225830078,0.0,70.69564819335938,0.0,0.0,185.57965596516928,691.3642272949219
CEBU,2001.0,"GARCIA, PABLO P.",1,0.7074779868125916,186.57479858398438,1.9077348709106445,3,Central Visayas,136.88666534423828,21.549050013224285,605.9023030598959,2.2682149410247803,183.4130859375,0.0,34.49711085359255,410.70128377278644,1245.8949178059895,0.0,0.0,236.4220733642578,0.0,91.63133748372395,0.0,0.0,160.57770284016928,730.9312744140625
CEBU,2004.0,"GARCIA, GWENDOLYN FIEL",1,0.6718324422836304,279.5914611816406,2.685720682144165,3,Central Visayas,167.412841796875,43.51308949788412,919.1757609049479,5.993085702260335,246.28724670410156,0.0,4.511668125788371,697.7450968424479,1700.961669921875,134.8517837524414,18.279008865356445,551.4647216796875,2.205588142077128,129.20440165201822,0.0,75.31248982747395,320.81585693359375,988.4229736328125
CEBU,2007.0,"GARCIA, GWENDOLYN FIEL",1,0.8081352114677429,279.5380859375,1.4354225397109985,3,Central Visayas,217.12102762858072,44.04570007324219,205.47659810384116,23.52451229095459,183.00552368164062,0.0,16.55232921242714,767.9206339518229,1470.5426432291667,151.46964009602866,35.8901735941569,825.1573893229166,3.157963832219442,243.4111785888672,0.0,1.758129209280014,632.8815104166666,1569.1639811197917
CEBU,2010.0,"GARCIA, GWENDOLYN FIEL",1,0.7815812826156616,310.1748962402344,1.8867355585098267,3,Central Visayas,337.57976786295575,58.06937917073568,313.2183494567871,54.78446960449219,151.0256093343099,0.0,52.54036076863607,1054.1170247395833,1708.1178385416667,241.88606770833334,51.40855280558268,442.81090291341144,14.563730239868164,240.4241485595703,0.0,5.639287779728572,746.7634684244791,1735.005859375
CEBU,2013.0,"DAVIDE, HILARIO III PEREZ",0,0.7207145690917969,520.8530883789062,1.8429441452026367,3,Central Visayas,455.63665771484375,41.52315425872803,586.2906901041666,64.41683642069499,314.4054768880208,0.0,0.6828352610270182,1296.5066731770833,2197.2027587890625,235.32282511393228,53.944661458333336,384.6775156656901,55.22327423095703,143.5585174560547,0.0,40.18674341837565,917.2970174153646,1446.7456868489583
CEBU,2016.0,"DAVIDE, HILARIO III PEREZ",1,0.774225115776062,661.6959838867188,2.210371971130371,3,Central Visayas,575.361572265625,66.5051638285319,797.6531982421875,142.4342244466146,305.3512878417969,0.0,13.352247873942057,1290.4842529296875,2396.1292317708335,438.6631164550781,34.61221853892008,381.8848533630371,47.576815923055015,238.06280008951822,0.0,26.757137934366863,1178.4444986979167,1988.14892578125
CEBU,2019.0,"GARCIA, GWENDOLYN FIEL",0,0.7755300998687744,974.8298950195312,1.7345911264419556,3,Central Visayas,547.340087890625,45.99571228027344,830.0871988932291,42.01349385579427,238.7873764038086,0.0,0.0,1679.858642578125,2749.6652018229165,541.5268249511719,64.46291478474934,723.2136027018229,103.87162272135417,312.8860371907552,0.0,13.352247873942057,1413.763916015625,2450.826904296875
CEBU,2022.0,"GARCIA, GWENDOLYN FIEL",1,0.8135048151016235,1330.48583984375,1.2400603294372559,3,Central Visayas,,,,,,,,,,474.80645751953125,45.30425262451172,803.3117268880209,88.46310679117839,252.92626190185547,0.0,0.0,1470.2557373046875,2529.102783203125
COMPOSTELA VALLEY,1998.0,"CABALLERO, JOSE R.",0,0.4880146384239197,87.46155548095703,2.278657913208008,3,Davao Region,16.594666798909504,5.808666865030925,109.03595225016277,0.0,69.41497802734375,0.0,0.0,115.05396779378255,280.4286651611328,,,,,,,,,
COMPOSTELA VALLEY,2001.0,"CABALLERO, JOSE R.",1,0.8697474002838135,40.70399856567383,1.7834042310714722,3,Davao Region,44.257259368896484,11.99826176961263,221.17484029134116,0.0,71.03481801350911,0.0,0.0,164.91932169596353,366.71624755859375,0.0,0.0,38.500061670939125,0.0,58.881457010904946,0.0,0.0,69.06527201334636,204.69842274983725
COMPOSTELA VALLEY,2004.0,"CABALLERO, JOSE R.",1,0.7449471950531006,76.43355560302734,1.246813416481018,3,Davao Region,48.40038172403971,14.692936261494955,258.509770711263,6.871573126098762,86.26552963256836,0.0,0.0,188.54488118489584,478.79149373372394,47.623453776041664,13.168054262797037,224.7744344075521,0.0,67.23750559488933,0.0,0.0,163.98292541503906,349.6294453938802
COMPOSTELA VALLEY,2007.0,"UY, ARTURO TAO",0,0.7106136679649353,59.593711853027344,1.5970051288604736,3,Davao Region,43.28400166829427,16.669785499572754,51.17749786376953,18.91986592610677,136.4870516459147,0.0,0.5779989163080851,299.92534891764325,581.0517374674479,44.37199274698893,12.714256286621094,230.27154032389322,2.4718341785483062,88.81512959798177,0.0,0.0,170.71346028645834,420.02984619140625
COMPOSTELA VALLEY,2010.0,"UY, ARTURO TAO",1,0.8380581736564636,130.5924072265625,1.0,3,Davao Region,38.99953524271647,19.479140122731526,76.91021474202473,30.547204971313477,220.0120086669922,0.0,0.0,378.90819295247394,699.5981852213541,47.54181035359701,18.98452313741048,129.39581807454428,18.357491811116535,87.2826665242513,0.0,0.0,263.9959716796875,556.1008707682291
COMPOSTELA VALLEY,2013.0,"UY, ARTURO TAO",1,0.851481020450592,132.92015075683594,1.0,3,Davao Region,39.976683934529625,28.35890992482503,114.42180887858073,56.12137031555176,365.7265981038411,0.0,0.0,547.9498901367188,1046.2651774088542,42.45343844095866,21.211438814798992,83.80994669596355,19.567067464192707,213.28191121419272,0.0,0.5779989163080851,358.717529296875,666.673828125
COMPOSTELA VALLEY,2016.0,"UY, JAYVEE TYRON LIM",1,0.7359999418258667,351.7088317871094,1.963605523109436,3,Davao Region,39.09053039550781,20.978798548380535,159.2829360961914,99.2136058807373,542.1759847005209,0.0,0.0,750.9850870768229,1474.2101236979167,31.664531071980793,25.22379159927368,84.51941935221355,49.78191820780436,281.5098520914714,0.0,0.0,468.40309651692706,861.2529093424479
COMPOSTELA VALLEY,2019.0,"UY, JAYVEE TYRON LIM",1,0.7289730310440063,537.4862060546875,1.0,3,Davao Region,,,,,,,,,,48.344347635904946,18.73603693644206,114.52699025472005,47.44660758972168,522.7501932779948,0.0,0.0,682.0600179036459,1338.7165934244792
COTABATO,1992.0,"DIAZ, ROSARIO P.",0,0.8607189059257507,12.547261238098145,2.311136484146118,3,SOCCSKSARGEN,0.0,0.0,33.1198476155599,0.0,26.766696294148762,0.0,0.0,50.37444814046224,166.04503885904947,,,,,,,,,
COTABATO,1998.0,"PIÑOL, EMMANUEL F.",0,0.8603567481040955,45.75394821166992,2.3818869590759277,3,SOCCSKSARGEN,30.0416259765625,2.8745946884155273,149.62693532307944,0.7463092009226481,136.97950744628906,0.0,0.0,146.66293080647787,508.1242370605469,0.0,0.0,56.363250732421875,0.0,53.26595687866211,0.0,0.0,77.1818135579427,257.1423034667969
COTABATO,2001.0,"PIÑOL, EMMANUEL F.",1,0.878527045249939,57.548919677734375,1.439916729927063,3,SOCCSKSARGEN,108.37647501627605,13.768203735351562,312.04392496744794,9.667837699254354,128.922971089681,0.0,0.0,180.2314198811849,548.685546875,0.0,0.0,86.71796417236328,0.0,94.97035725911458,0.0,0.0,126.47478739420573,449.4441324869792
COTABATO,2004.0,"PIÑOL, EMMANUEL FANTIN",1,0.8558908104896545,94.87240600585938,1.3322768211364746,3,SOCCSKSARGEN,140.72931671142578,16.927549362182617,436.4047139485677,3.1064302126566568,180.66238911946616,0.0,0.0,275.64141337076825,866.5862223307291,102.4962870279948,11.722283045450846,288.3981628417969,2.2638160387674966,159.11135864257812,0.0,0.0,171.91578165690103,529.6892903645834
COTABATO,2007.0,"SACDALAN, JESUS NONATO",0,0.8017151355743408,123.99810028076172,1.9399405717849731,3,SOCCSKSARGEN,214.33984883626303,19.62194760640462,208.36267598470053,33.47594483693441,194.8471934000651,0.0,0.0,410.70848592122394,975.3413899739584,124.13993581136067,16.329912503560383,388.18707275390625,10.211039304733276,165.81073252360025,0.0,0.0,237.50618998209634,749.0016886393229
COTABATO,2010.0,"MENDOZA, EMMYLOU TALIÑO",0,0.7812338471412659,176.8765869140625,1.8598088026046753,3,SOCCSKSARGEN,253.0972900390625,26.8450133005778,196.2138328552246,11.513380368550619,203.6728515625,0.0,0.0,568.8385620117188,1072.9307454427083,179.41653442382812,17.77837880452474,243.10813903808594,3.3209728399912515,167.20635986328125,0.0,0.0,386.4901936848958,950.8672688802084
COTABATO,2013.0,"TALIÑO-MENDOZA, EMMYLOU",0,0.8182457685470581,286.13690185546875,1.8363280296325684,3,SOCCSKSARGEN,181.74877421061197,11.047913392384848,230.87609354654947,7.351681073506673,115.87261199951172,0.0,4.313088734944661,509.2659200032552,868.7495930989584,252.77025349934897,26.72642644246419,320.4997049967448,41.003018379211426,230.58531188964844,0.0,0.0,500.79539998372394,1062.0411987304688
COTABATO,2016.0,"TALIÑO-MENDOZA, EMMYLOU JACOLO",1,0.8308954238891602,369.79730224609375,1.377271294593811,3,SOCCSKSARGEN,262.5334116617839,6.894149621327718,367.7738037109375,98.3224105834961,237.45138295491537,0.0,0.02383333444595337,436.4198303222656,1068.2191569010417,210.31389872233072,14.241546471913656,168.26369857788086,8.222381591796875,135.20091501871744,0.0,4.313088734944661,549.5232543945312,956.4841918945312
COTABATO,2019.0,"CATAMCO, NANCY ALAAN",0,0.8526214361190796,426.5332946777344,2.0544233322143555,3,SOCCSKSARGEN,278.79604085286456,5.483071645100911,582.5314534505209,94.6547342936198,230.11146036783853,0.0,0.0,574.842041015625,1406.7137044270833,187.5811309814453,9.288584073384603,262.8492685953776,65.9795560836792,106.72403208414714,0.0,0.0,449.3355712890625,836.7131958007812
COTABATO,2022.0,"MENDOZA, EMMYLOU TALIÑO",0,0.9078156352043152,408.10430908203125,1.9716238975524902,3,SOCCSKSARGEN,,,,,,,,,,273.5467224121094,4.6337761878967285,562.3125203450521,80.51057688395183,319.9159901936849,0.0,0.02383333444595337,519.148193359375,1430.9145100911458
DAVAO DE ORO,2022.0,"GONZAGA, DOROTHY MONTEJO",0,0.7857241630554199,658.9292602539062,1.8550077676773071,3,Davao Region,,,,,,,,,,25.025653839111328,8.781418800354004,302.7889099121094,137.39862060546875,652.5139465332031,0.0,0.0,985.9622497558594,1965.2568969726562
DAVAO DEL NORTE,1992.0,"AMATONG, PROSPERO S.",0,0.6558577418327332,51.55832290649414,1.119122862815857,3,Davao Region,0.0,0.0,38.97716267903646,0.0,84.42194747924805,0.0,0.0,59.45022328694662,278.74964396158856,,,,,,,,,
DAVAO DEL NORTE,1998.0,"DEL ROSARIO, RODOLFO PAGUIA",0,0.7927250266075134,92.91939544677734,1.052706241607666,3,Davao Region,21.533920288085938,4.472603480021159,117.07611846923828,2.5431766510009766,85.83366266886394,0.0,0.0,121.03804524739583,449.15111287434894,0.0,0.0,56.51581827799479,0.0,111.29403432210286,0.0,0.0,86.0688705444336,398.3274841308594
DAVAO DEL NORTE,2001.0,"DEL ROSARIO, RODOLFO PAGUIA",1,0.7862313985824585,66.19203186035156,1.4738372564315796,3,Davao Region,45.89954121907552,12.724800745646158,227.3816935221354,6.9734601974487305,62.90644454956055,0.0,0.0,161.7838897705078,411.01951090494794,0.0,0.0,56.60626347859701,0.0,77.99469629923503,0.0,0.0,101.06661732991536,473.95177205403644
DAVAO DEL NORTE,2004.0,"GEMENTIZA, GELACIO PORALAN",0,0.7893928289413452,101.12712097167969,1.2000830173492432,3,Davao Region,50.12849044799805,14.03848679860433,258.84288533528644,10.607816537221273,77.8469746907552,0.0,1.1599290370941162,182.90816752115884,460.71387736002606,52.15346145629883,12.771605491638184,226.02255249023438,6.863832950592041,86.22883224487305,0.0,0.0,154.23365275065103,417.3750508626302
DAVAO DEL NORTE,2007.0,"DEL ROSARIO, RODOLFO PAGUIA",0,0.8835328221321106,65.21575164794922,1.5088207721710205,3,Davao Region,92.94508488972981,13.97831662495931,119.90061442057292,41.11123466491699,128.46404774983725,0.0,0.0,302.027338663737,629.8992614746094,46.622002919514976,14.578716913859049,241.2518310546875,7.798654874165853,71.71659851074219,0.0,1.1599290370941162,171.09252421061197,442.0896911621094
DAVAO DEL NORTE,2010.0,"DEL ROSARIO, RODOLFO PAGUIA",1,0.8827711939811707,91.3570556640625,1.0,3,Davao Region,102.63388061523438,20.42641035715739,122.44225120544434,30.23483721415202,196.51691182454428,0.0,0.0,431.7839050292969,809.1599324544271,68.24582926432292,14.178667704264322,158.6446533203125,35.04010136922201,90.13501739501953,0.0,0.0,245.17277018229166,530.3970336914062
DAVAO DEL NORTE,2013.0,"DEL ROSARIO, RODOLFO PAGUIA",1,0.8517435193061829,129.49290466308594,1.0,3,Davao Region,84.46673583984375,35.7552235921224,100.5136489868164,23.842257181803387,279.06231689453125,0.0,0.8961113293965658,474.5854899088542,878.0120646158854,126.64123789469402,12.737135251363119,173.484130859375,34.10575485229492,177.66698710123697,0.0,0.0,404.89414469401044,783.5456339518229
DAVAO DEL NORTE,2016.0,"DEL ROSARIO, ANTONIO RAFAEL GARCIA",1,0.8182401061058044,223.403076171875,1.3880412578582764,3,Davao Region,59.08763758341471,34.00243949890137,134.56580098470053,41.47572326660156,366.9115397135417,0.0,0.0,706.8074747721354,1232.9029134114583,90.4639180501302,37.87530771891276,74.89018313090007,20.954403559366863,266.3267110188802,0.0,0.8961113293965658,450.82114664713544,849.4604695638021
DAVAO DEL NORTE,2019.0,"JUBAHIB, EDWIN IGNACIO",0,0.8592935800552368,262.55194091796875,1.6063530445098877,3,Davao Region,40.53971608479818,24.98480987548828,202.704833984375,37.41287485758463,563.9804992675781,0.0,0.0012480400037020445,1112.753173828125,1910.2914632161458,49.494833628336586,27.286311467488606,114.96040598551433,38.17926025390625,324.7360127766927,0.0,0.0,638.1961873372396,1098.1248168945312
DAVAO DEL NORTE,2022.0,"JUBAHIB, EDWIN IGNACIO",1,0.8892548680305481,336.584716796875,1.6499886512756348,3,Davao Region,,,,,,,,,,43.343865712483726,28.462941487630207,204.12592569986978,32.55293528238932,494.2720540364583,0.0,0.0012480400037020445,944.1536051432291,1673.427734375
DAVAO DEL SUR,1992.0,"LLANOS, ROGELIO E.",0,0.7610785365104675,15.261183738708496,2.0486574172973633,3,Davao Region,0.0,0.0,52.61632410685221,0.0,35.58664639790853,0.0,0.0,29.874966303507488,152.72024790445963,,,,,,,,,
DAVAO DEL SUR,1998.0,"LLANOS, ROGELIO E.",1,0.9015935659408569,23.48244857788086,1.2832388877868652,3,Davao Region,23.220985412597656,2.832550048828125,182.2850341796875,2.748806635538737,94.44224294026692,0.0,1.1355199813842773,113.47268168131511,455.84755452473956,0.0,0.0,68.3324343363444,0.0,43.581956227620445,0.0,0.0,47.15393193562826,214.08373006184897
DAVAO DEL SUR,2001.0,"LLANOS, REYNERIO E.",1,0.9195760488510132,26.099079132080078,1.6859450340270996,3,Davao Region,62.371639251708984,9.355285008748373,193.4126434326172,9.120353062947592,53.37492370605469,0.0,0.0,112.56536610921223,426.3715006510417,0.0,0.0,121.18260955810547,0.0,77.17611567179362,0.0,0.0,72.37480163574219,402.2747344970703
DAVAO DEL SUR,2004.0,"BAUTISTA, BENJAMIN JR. PERALTA",0,0.93399578332901,29.858245849609375,1.8796886205673218,3,Davao Region,66.33660252888997,9.126059532165527,195.47164916992188,8.641724427541098,50.87360382080078,0.0,0.0,111.36726633707683,487.29771931966144,64.85523986816406,9.975154876708984,216.4322306315104,8.777056376139322,68.9188715616862,0.0,1.1355199813842773,131.6892573038737,414.48085530598956
DAVAO DEL SUR,2007.0,"CAGAS, DOUGLAS RALOTA",0,0.9301392436027527,40.93889617919922,1.9553585052490234,3,Davao Region,102.61964162190755,15.500162283579508,97.25120798746745,10.171294848124186,93.07689793904622,0.0,0.8996886014938354,201.75259145100912,522.250254313151,61.03942362467448,8.77631139755249,188.28251139322916,8.3912402788798,48.893062591552734,0.0,0.0,110.07553609212239,442.69195556640625
DAVAO DEL SUR,2010.0,"CAGAS, DOUGLAS RALOTA",1,0.9042573571205139,75.65750122070312,2.161759853363037,3,Davao Region,149.9530995686849,36.36821428934733,129.68186855316162,8.367896556854248,135.38917795817056,0.0,2.711202641328176,315.0880839029948,674.4652709960938,78.96254984537761,11.833605766296387,108.88601430257161,9.599610964457193,65.85980224609375,0.0,0.48308972517649335,145.69507853190103,498.4768981933594
DAVAO DEL SUR,2013.0,"BAUTISTA, CLAUDE PERALTA",0,0.8517439365386963,128.00021362304688,1.7483547925949097,3,Davao Region,121.4498291015625,30.325857798258465,248.55667622884116,11.806193987528482,147.37982686360678,0.0,1.7742409706115723,336.0459696451823,750.2614135742188,142.48162841796875,32.30882771809896,186.95292154947916,9.301710287729898,143.67428588867188,0.0,2.860752820968628,310.2269287109375,666.6069132486979
DAVAO DEL SUR,2016.0,"CAGAS, DOUGLAS RALOTA",0,0.8596310019493103,172.0230255126953,2.027808904647827,3,Davao Region,208.9285430908203,67.67493184407552,347.37718709309894,69.62068176269531,167.8095499674479,0.0,1.1530285477638245,335.24280802408856,870.2672322591146,114.87821451822917,25.224851608276367,162.34719244639078,5.791062037150065,141.85992177327475,0.0,0.9710554480552673,313.92357381184894,703.9205932617188
DAVAO DEL SUR,2019.0,"CAGAS, DOUGLAS RALOTA",1,0.8911387324333191,133.9073944091797,1.6389050483703613,3,Davao Region,232.59906005859375,104.58724975585938,556.6301472981771,52.876302083333336,175.60296885172525,0.0,0.319360872109731,448.2510172526042,1200.6029256184895,191.84011840820312,55.826742808024086,293.2114664713542,43.50113868713379,155.10130310058594,0.0,2.04346231619517,326.70618693033856,791.9785970052084
DAVAO DEL SUR,2022.0,"CAGAS, YVONNE ROÑA",1,0.8900741934776306,229.03269958496094,1.9752670526504517,3,Davao Region,,,,,,,,,,197.12269592285156,79.53119150797527,504.79480997721356,61.55328369140625,165.93781280517578,0.0,0.3394808868567149,413.0479227701823,1107.2583618164062
DAVAO OCCIDENTAL,2016.0,"BAUTISTA, CLAUDE PERALTA",0,0.9666942954063416,10.668035507202148,1.0,3,Davao Region,38.54622427622477,1.3052209615707397,49.272481282552086,9.421037991841635,52.21577008565267,0.0,0.0,189.50855255126953,300.8027699788411,62.1766103108724,2.861632982889811,0.0,9.491577784220377,0.0,0.0,0.0,0.0,0.0
DAVAO OCCIDENTAL,2019.0,"BAUTISTA, CLAUDE PERALTA",1,0.7980939745903015,222.4078826904297,1.0,3,Davao Region,66.94181315104167,5.221089998881022,119.07662709554036,6.11454709370931,73.6492411295573,0.0,0.0,351.5438232421875,602.6743774414062,35.242061932881676,1.3052209615707397,41.86053911844889,5.3132574160893755,30.685626824696858,0.0,0.0,137.19074249267578,209.73691050211588
DAVAO OCCIDENTAL,2022.0,"BAUTISTA, FRANKLIN PERALTA",1,0.9231229424476624,118.98985290527344,1.0,3,Davao Region,,,,,,,,,,45.597372690836586,2.610544999440511,96.57861328125,7.57151985168457,73.17444864908855,0.0,0.0,313.48272196451825,528.9564005533854
DAVAO ORIENTAL,1992.0,"LOPEZ, ROSALIND Y.",0,0.8985520005226135,6.093739032745361,2.4062082767486572,3,Davao Region,0.0,0.0,37.17988077799479,0.0,31.53363863627116,0.0,0.0,27.12738291422526,130.1284662882487,,,,,,,,,
DAVAO ORIENTAL,1995.0,"LOPEZ, ROSALIND YBASCO",1,0.883496880531311,15.36031436920166,1.5985519886016846,3,Davao Region,0.0,0.0,67.60359700520833,0.0,47.580257415771484,0.0,0.0,54.7367795308431,222.09872436523438,0.0,0.0,23.060809294382732,0.0,22.072179476420086,0.0,0.0,23.206893920898438,91.58517964680989
DAVAO ORIENTAL,1998.0,"LOPEZ, ROSALIND Y.",1,0.8421716690063477,45.3671989440918,1.882380485534668,3,Davao Region,26.089820861816406,3.4939966201782227,128.4404525756836,3.6329466501871743,79.09544245402019,0.0,0.6252666711807251,81.89585876464844,306.45130411783856,0.0,0.0,60.14293670654297,0.0,44.05518468221029,0.0,0.0,41.37250645955404,185.44144694010416
DAVAO ORIENTAL,2001.0,"PALMA GIL, MA. ELENA T.",0,0.9220080971717834,21.06800079345703,1.9812471866607666,3,Davao Region,66.94452158610027,8.079845905303955,216.0738983154297,7.441875457763672,78.52948633829753,0.0,0.20939000447591147,133.39826456705728,386.26758829752606,0.0,0.0,78.41571553548177,0.0,66.84430440266927,0.0,0.0,66.31766001383464,290.9839680989583
DAVAO ORIENTAL,2004.0,"PALMA GIL, MA. ELENA T.",1,0.9342241883277893,26.102895736694336,1.942529320716858,3,Davao Region,66.87546793619792,8.957038561503092,212.00976053873697,4.610183556874593,45.74014409383138,0.0,0.0,131.56706746419272,439.6710205078125,71.18537902832031,9.343089739481607,222.48624674479166,9.418390591939291,82.99261093139648,0.0,0.8346566756566366,131.70472971598306,356.40674845377606
DAVAO ORIENTAL,2007.0,"MALANYAON, CORAZON NUÑEZ",0,0.9062950611114502,40.11040115356445,1.6147819757461548,3,Davao Region,131.93915812174478,8.645389874776205,135.6023712158203,21.855411688486736,79.83666610717773,0.0,0.0,321.0955810546875,637.5753377278646,65.70174153645833,8.91248877843221,195.05050150553384,4.727017084757487,54.28671010335287,0.0,0.0,115.70925394694011,408.48553466796875
DAVAO ORIENTAL,2010.0,"MALANYAON, CORAZON NUÑEZ",1,0.9048047065734863,71.7266616821289,1.036037802696228,3,Davao Region,147.86750284830728,12.731905937194824,142.9402256011963,34.23280906677246,50.590553283691406,0.0,0.0,515.8719177246094,774.8708292643229,96.59098307291667,8.013808250427246,147.77137756347656,12.829195976257324,60.186920166015625,0.0,0.0,247.16250610351562,557.7431640625
DAVAO ORIENTAL,2013.0,"MALANYAON, CORAZON NUÑEZ",1,0.9094245433807373,77.60697937011719,1.0,3,Davao Region,197.5005645751953,10.988514264424643,237.6240997314453,30.987535794576008,63.233317057291664,0.0,0.0,729.833251953125,1041.307373046875,157.23338317871094,12.751778602600098,204.72600809733072,34.74084345499674,68.9809201558431,0.0,0.0,471.2225036621094,761.687744140625
DAVAO ORIENTAL,2016.0,"DAYANGHIRANG, NELSON LECHONCITO",0,0.8444353938102722,202.27639770507812,1.7393094301223755,3,Davao Region,345.3794860839844,12.25979995727539,475.0979817708333,117.45869445800781,161.04934692382812,0.0,0.0,647.757568359375,1289.3306681315105,170.01331075032553,12.39029852549235,149.82930946350098,21.170209566752117,57.49406814575195,0.0,0.0,663.7912801106771,933.976318359375
DAVAO ORIENTAL,2019.0,"DAYANGHIRANG, NELSON LECHONCITO",1,0.8516219854354858,252.63743591308594,1.0,3,Davao Region,415.4830729166667,14.604534149169922,729.9195149739584,91.36383056640625,143.57640584309897,0.0,0.0,833.90771484375,1730.8189697265625,286.4651387532552,9.355947176615397,369.87354532877606,74.05246353149414,150.28431447347006,0.0,0.0,648.5963338216146,1174.249776204427
DAVAO ORIENTAL,2022.0,"MALANYAON, CORAZON TOROBA NUÑEZ",0,0.8807726502418518,304.76898193359375,1.0,3,Davao Region,,,,,,,,,,343.1481221516927,11.691347122192383,672.2707926432291,108.96325174967448,124.59236145019531,0.0,0.0,775.4502970377604,1589.3147786458333
DINAGAT ISLANDS,2007.0,"VILLAROMAN, GERALDINE ECLEO",0,0.9958357810974121,0.8058562874794006,1.0,3,CARAGA,27.288509368896484,0.6236668229103088,27.918375651041668,5.570195039113362,18.42845884958903,0.46887265145778656,0.9122702976067861,120.12938817342122,184.34042358398438,,,,,,,,,
DINAGAT ISLANDS,2010.0,"ECLEO, GLENDA BURAY",0,0.9394258856773376,17.26447868347168,1.1483700275421143,3,CARAGA,17.654091596603394,1.1931954522927601,13.06311321258545,5.930226802825928,20.625070412953693,0.6527693470319113,0.0,84.087158203125,130.14400736490884,23.450567881266277,0.3775271574656169,38.0591189066569,4.3510745366414385,11.42101796468099,0.24896435936292013,0.8047870000203451,76.9281234741211,139.4201863606771
DINAGAT ISLANDS,2013.0,"ECLEO, GLENDA BURAY",1,0.8937294483184814,16.01873016357422,1.9732733964920044,3,CARAGA,70.77796045939128,3.171755075454712,75.27557754516602,27.19857915242513,57.10017395019531,2.186785618464152,0.0,210.1114959716797,342.4872538248698,16.285630623499554,0.7678810060024261,22.778810183207195,5.051289081573486,17.152931054433186,0.566526472568512,0.10748329758644104,94.69780985514323,134.62955220540366
DINAGAT ISLANDS,2016.0,"ECLEO, GLENDA BURAY",1,0.8509113192558289,28.31975555419922,1.0,3,CARAGA,54.37035115559896,2.2138476769129434,108.78146870930989,48.77648417154948,50.024392445882164,3.4207850297292075,0.0,263.88348388671875,422.68934122721356,64.0981330871582,3.1082842350006104,43.90658950805664,15.51352564493815,58.63844680786133,1.6133193572362263,0.0,176.11197408040366,291.0256856282552
DINAGAT ISLANDS,2019.0,"BAG-AO, ARLENE JAVELLANA",0,0.8950247168540955,19.842769622802734,1.898690938949585,3,CARAGA,70.78653971354167,0.03811333328485489,162.773681640625,38.61572774251302,78.50900522867839,5.158939361572266,0.0,377.2466634114583,618.5293273925781,55.16388193766276,1.9311267137527466,104.43135833740234,44.263556162516274,44.098183949788414,3.0727926890055337,0.0,246.1175740559896,394.64711507161456
DINAGAT ISLANDS,2022.0,"DEMEREY, NILO JR. PEPITO",0,0.89820796251297,59.36171340942383,1.7464332580566406,3,CARAGA,,,,,,,,,,52.629764556884766,1.036702581991752,144.05315653483072,38.36587905883789,67.68055470784505,3.8464461167653403,0.0,336.4990641276042,548.2327575683594
EASTERN SAMAR,1995.0,"BARBO, LUTGARDO BOCO",0,0.8982605934143066,15.413583755493164,2.404783248901367,3,Eastern Visayas,0.0,0.0,80.5807991027832,0.0,37.58070500691732,0.0,0.0,34.37275314331055,191.15282694498697,0.0,0.0,26.36299228668213,0.0,17.85131613413493,0.0,0.0,19.121484756469727,76.29499053955078
EASTERN SAMAR,1998.0,"AMBIL, RUPERTO JR. A.",0,0.94769686460495,11.357682228088379,2.7696468830108643,3,Eastern Visayas,30.5923334757487,2.227666695912679,201.21514129638672,4.273333231608073,47.0372060139974,0.04966666797796885,0.706000010172526,122.7744649251302,335.4844106038411,0.0,0.0,68.35364278157552,0.0,32.51369984944662,0.0,0.0,28.473285675048828,167.93519083658853
EASTERN SAMAR,2001.0,"SALAZAR, CLOTILDE JAPZON",0,0.9416776299476624,24.424999237060547,2.7935311794281006,3,Eastern Visayas,112.0247573852539,2.2202643156051636,208.67405700683594,2.0370397170384726,48.1798350016276,0.0,0.0,92.3919906616211,329.9537760416667,0.0,0.0,112.09913635253906,0.0,46.06669489542643,0.0,0.0,53.18415069580078,262.17255147298175
EASTERN SAMAR,2004.0,"EVARDONE, BEN PAGARAN",0,0.9607707858085632,13.609763145446777,2.129591703414917,3,Eastern Visayas,134.19532012939453,5.2903852462768555,278.0142313639323,4.370637655258179,54.481946309407554,0.0,17.000986735026043,117.15689849853516,394.32750447591144,104.22443135579427,3.6091333627700806,256.3443603515625,5.586478590965271,48.02422205607096,0.04966666797796885,0.706000010172526,142.16865030924478,361.9026590983073
EASTERN SAMAR,2007.0,"EVARDONE, BEN PAGARAN",1,0.9521766304969788,21.77134895324707,1.1878955364227295,3,Eastern Visayas,155.7943115234375,7.234595775604248,122.48270670572917,12.895455042521158,69.52554194132487,0.0,17.000986735026043,176.95242309570312,452.6052551269531,124.79614512125652,3.2577149868011475,238.2832489013672,2.3161776860555015,51.024313608805336,0.0,0.0,107.9132080078125,370.0920918782552
EASTERN SAMAR,2010.0,"NICART, CONRADO JR. BASADA",0,0.8703451156616211,38.87152862548828,4.795588493347168,3,Eastern Visayas,203.25582885742188,0.0,160.24179776509604,25.326146761576336,145.36051177978516,0.0,0.0,264.58214314778644,638.5250244140625,148.18707275390625,7.903721173604329,173.75891621907553,11.226421356201172,61.30393727620443,0.0,34.001973470052086,144.58092753092447,420.94127400716144
EASTERN SAMAR,2013.0,"NICART, CONRADO JR. BASADA",1,0.9222053289413452,49.942691802978516,1.8818917274475098,3,Eastern Visayas,161.1920598347982,19.60228164990743,224.87179565429688,7.553804397583008,88.42539978027344,0.0,5.9815084139506025,294.2447204589844,607.5419108072916,190.3147226969401,2.2023425102233887,213.71646626790366,21.199400583902996,123.44307200113933,0.0,0.0,253.50031026204428,595.9931945800781
EASTERN SAMAR,2016.0,"NICART, CONRADO JR. BASADA",1,0.93889319896698,63.29902267456055,1.5942637920379639,3,Eastern Visayas,279.5383809407552,1.2193216880162556,291.23802693684894,9.542309919993082,95.35262044270833,0.0,0.9380181630452474,448.36114501953125,834.9518025716146,154.454953511556,19.49261498451233,156.28455289204916,14.153512001037598,98.74343617757161,0.0,5.9815084139506025,279.3931376139323,602.7616780598959
EASTERN SAMAR,2019.0,"EVARDONE, BEN PAGARAN",0,0.9456518292427063,72.82909393310547,1.7856383323669434,3,Eastern Visayas,200.9614054361979,0.0,299.1681416829427,5.012153307596843,106.15094757080078,0.0,0.0,767.5689188639323,1172.8880004882812,254.07847595214844,1.3289883534113567,265.9368082682292,9.591333389282227,102.69296264648438,0.0,0.9380181630452474,417.4190368652344,786.048828125
EASTERN SAMAR,2022.0,"EVARDONE, BEN PAGARAN",1,0.9674767255783081,68.84841918945312,1.1347795724868774,3,Eastern Visayas,,,,,,,,,,201.01789347330728,0.0,298.6439615885417,4.431479771931966,100.94371287027995,0.0,0.0,589.3980102539062,988.9856770833334
GUIMARAS,1995.0,"LOPEZ, IMELDA RELUCIO",0,0.7226625680923462,22.646240234375,1.1891032457351685,3,Western Visayas,0.0,0.0,93.37095197041829,0.0,83.98309326171875,0.0,0.0,63.16741689046224,353.529780069987,0.0,0.0,10.436720848083496,0.0,9.280881404876709,0.0,0.0,11.088725407918295,40.17916742960612
GUIMARAS,1998.0,"NAVA, JOAQUIN CARLOS R.",0,0.6747187376022339,132.45654296875,1.9025139808654785,3,Western Visayas,8.783330281575521,1.3173100153605144,50.493560791015625,1.1608866850535076,27.546293258666992,0.0,0.0,39.33075205485026,112.8934097290039,0.0,0.0,22.863258997599285,0.0,14.050763130187988,0.0,0.0,21.556080500284832,81.17471313476562
GUIMARAS,2001.0,"NAVA, JOAQUIN CARLOS RAHMANARAÑO",1,0.9120551347732544,10.934209823608398,1.5918983221054077,3,Western Visayas,26.54756037394206,3.2916200955708823,94.23253122965495,2.706480026245117,43.641763051350914,0.0,0.0,61.686869303385414,174.19654846191406,0.0,0.0,95.9542236328125,0.0,88.37530199686687,0.0,0.0,66.65730794270833,367.12903594970703
GUIMARAS,2004.0,"NAVA, JOAQUIN CARLOS RAHMANARAÑO",1,0.889297604560852,19.28990936279297,1.3830084800720215,3,Western Visayas,40.8652229309082,4.334220091501872,125.21795654296875,3.268583297729492,50.20453389485677,0.0,0.0,76.74993387858073,218.03356424967447,25.66598383585612,3.7465734481811523,87.54816182454427,2.864596684773763,41.552022298177086,0.0,0.0,55.27100626627604,154.14984639485678
GUIMARAS,2007.0,"NAVA, FELIPE HILAN ARAÑO",1,0.8991344571113586,22.34255027770996,1.5115505456924438,3,Western Visayas,26.32987689971924,8.769052028656006,19.605262120564777,5.286689837773641,102.40499623616536,0.0,0.0,133.5393524169922,297.06785074869794,33.531673431396484,2.6701000531514487,113.52802276611328,3.0159300168355307,41.41443379720052,0.0,0.0,74.31032053629558,193.04053243001303
GUIMARAS,2010.0,"NAVA, FELIPE HILAN ARAÑO",1,0.8089619874954224,37.32798767089844,1.2375012636184692,3,Western Visayas,11.336385091145834,6.398335615793864,22.370425860087078,9.125265121459961,136.05498758951822,0.0,0.0,197.51660664876303,365.87314860026044,40.12551625569662,7.8297475179036455,60.84351094563802,3.8209592501322427,84.62466684977214,0.0,0.0,101.10720825195312,273.2009785970052
GUIMARAS,2013.0,"GUMARIN, SAMUEL TAYO",0,0.7757851481437683,58.02500534057617,1.9156628847122192,3,Western Visayas,128.57610448201498,13.035537719726562,48.22993723551432,18.346420923868816,187.62556966145834,0.0,0.0,200.07791137695312,436.1600341796875,11.694681803385416,8.219076792399088,28.712330500284832,8.798571586608887,130.03707885742188,0.0,0.0,188.8569132486979,353.50982666015625
GUIMARAS,2016.0,"GUMARIN, SAMUEL TAYO",1,0.7977750897407532,94.97110748291016,1.7795804738998413,3,Western Visayas,45.93316523234049,11.99744971593221,74.4985720316569,16.567959467569988,224.33785502115884,0.0,0.0,266.8943277994792,566.4138387044271,121.40534496307373,12.243897914886475,34.33139133453369,16.899834950764973,164.27471923828125,0.0,0.0,197.94391377766928,402.7415771484375
GUIMARAS,2019.0,"GUMARIN, SAMUEL TAYO",1,0.7795288562774658,138.0446319580078,1.0648852586746216,3,Western Visayas,57.32969665527344,3.4831122557322183,107.46687825520833,20.516876856486004,271.2740224202474,0.191030482451121,0.382060964902242,399.7316385904948,785.709716796875,37.7269090016683,7.148258050282796,59.72482681274414,14.849660555521647,204.91289265950522,0.0,0.0,241.5529327392578,506.67193603515625
GUIMARAS,2022.0,"NAVA, JOAQUIN CARLOS RAHMAN ARAÑO",0,0.7951406836509705,205.8780975341797,1.0352381467819214,3,Western Visayas,,,,,,,,,,46.88638432820638,9.068113883336386,100.47615559895833,18.38446617126465,266.467778523763,0.191030482451121,0.382060964902242,360.25072224934894,731.6380818684896
IFUGAO,1992.0,"PAWINGI, ALBERT D.",0,0.974745512008667,0.8526059985160828,1.7874637842178345,3,CAR,0.0,0.0,20.601850112279255,0.0,14.263415972391764,0.0,0.0,18.374225616455078,64.56860097249348,,,,,,,,,
IFUGAO,1995.0,"DULINAYAN, ILDEFONSO NALULA",0,0.9569740891456604,3.5618529319763184,2.561061143875122,3,CAR,0.0,0.0,46.999226888020836,0.0,24.567200978597004,0.0,0.0,23.95652675628662,106.83761596679688,0.0,0.0,10.043864647547403,0.0,10.651292324066162,0.0,0.0,16.292978445688885,45.47975985209147
IFUGAO,1998.0,"DULINAYAN, ILDEFONSO NALULA",1,0.9521404504776001,6.2436909675598145,2.690244436264038,3,CAR,20.262540181477863,0.33778401215871173,80.16474914550781,0.9927748044331869,33.13586235046387,0.0,0.0,39.74546559651693,152.03575897216797,0.0,0.0,41.073445638020836,0.0,20.833415349324543,0.0,0.0,18.587618827819824,92.89855702718098
IFUGAO,2001.0,"BAGUILAT, TEODORO JR. BRAWNER",0,0.9455792903900146,9.686285018920898,3.5346357822418213,3,CAR,66.34386189778645,1.2915304899215698,133.52723948160806,3.0735549132029214,33.229958852132164,0.0,0.0,62.818291982014976,203.43820190429688,0.0,0.0,56.72461700439453,0.0,31.826497395833332,0.0,0.0,31.180994669596355,131.520632425944
IFUGAO,2004.0,"CAPPLEMAN, BENJAMIN BUDUHAN",0,0.9282533526420593,17.21381950378418,2.6385433673858643,3,CAR,79.1568094889323,2.279596964518229,160.7371571858724,3.355780601501465,41.551926930745445,0.0,0.0,75.9449691772461,249.70270792643228,63.24607849121094,1.0914111137390137,126.59449768066406,3.054323434829712,32.82772445678711,0.0,0.0,59.20268249511719,193.7745107014974
IFUGAO,2007.0,"BAGUILAT, TEODORO JR. BRAWNER",0,0.85911625623703,46.6835823059082,2.874173641204834,3,CAR,136.2336196899414,5.362746795018514,114.88307698567708,3.278836170832316,62.53798166910807,0.0,0.0,100.64879099527995,323.2577718098958,74.48811340332031,2.058076540629069,149.5285390218099,3.1641042232513428,38.504599253336586,0.0,0.0,69.81824239095052,231.2467498779297
IFUGAO,2010.0,"BALITANG, EUGENE MARIANO",0,0.8819307684898376,54.427345275878906,1.9082390069961548,3,CAR,151.3802235921224,6.772451400756836,118.67412503560384,16.337414423624676,105.08915456136067,0.0,0.0,133.60055541992188,413.1789957682292,108.76386006673177,4.41466760635376,114.93404134114583,3.3391459782918296,44.915017445882164,0.0,0.0,91.09033457438152,282.9146219889323
IFUGAO,2013.0,"HABAWEL, DENIS BAUTISTA",0,0.84408038854599,82.93611907958984,2.5018579959869385,3,CAR,192.04561869303384,8.15385103225708,203.0243377685547,25.132378896077473,66.10670471191406,0.0,0.0,139.3521525065104,408.4831949869792,154.2073720296224,5.335621515909831,169.2669219970703,9.723929087320963,110.28413899739583,0.0,0.0,127.38711802164714,406.93817138671875
IFUGAO,2016.0,"MAYAM-O, PEDRO GUHMI",0,0.8502879738807678,113.65756225585938,4.4955267906188965,3,CAR,209.91259765625,10.10316276550293,234.59252421061197,14.576761245727539,65.7646255493164,0.0,0.0,172.92303466796875,473.28017171223956,178.66373697916666,8.63285462061564,139.38718350728354,30.2140687306722,70.33863067626953,0.0,0.0,134.0832265218099,399.62420654296875
IFUGAO,2019.0,"DALIPOG, JERRY UYAMMI",0,0.8598321676254272,137.110107421875,2.722928047180176,3,CAR,224.46004231770834,4.36097626388073,359.6184997558594,14.567740440368652,80.39212799072266,0.0,0.0,258.4735361735026,700.1537475585938,202.74433390299478,9.177083969116211,220.6981964111328,8.776776631673178,67.9929682413737,0.0,0.0,159.57459513346353,448.2657470703125
IFUGAO,2022.0,"DALIPOG, JERRY UYAMI",1,0.912229061126709,131.12100219726562,1.2642836570739746,3,CAR,,,,,,,,,,185.45179748535156,5.812564894556999,325.2071838378906,17.713069279988606,72.88064575195312,0.0,0.0,224.26144409179688,623.184071858724
ILOCOS NORTE,1995.0,"FARIÑAS, RODOLFO CASTRO",0,0.7432383298873901,21.491971969604492,1.1754006147384644,3,Ilocos Region,0.0,0.0,59.48247400919596,0.0,25.988938013712566,0.0,0.0,41.54722595214844,192.08733113606772,0.0,0.0,30.30991268157959,0.0,13.594056129455566,0.0,0.0,20.84875424702962,86.86280186971028
ILOCOS NORTE,1998.0,"MARCOS, FERDINAND JR. R. BONGBONG ",0,0.7350660562515259,35.371036529541016,1.2433576583862305,3,Ilocos Region,34.31100209554037,4.2065474192301435,155.77491251627603,1.0650068918863933,42.9443473815918,0.0,0.3246829112370809,100.21848042805989,344.2954508463542,0.0,0.0,48.5975596110026,0.0,21.09935251871745,0.0,0.0,36.05827967325846,162.83940633138022
ILOCOS NORTE,2001.0,"MARCOS, FERDINAND JR. R. BONGBONG ",1,0.8434240221977234,49.506778717041016,1.0,3,Ilocos Region,102.65895589192708,11.13803482055664,240.00574239095053,1.8073375225067139,42.81598790486654,0.0,0.36367297172546387,124.0377426147461,393.57398478190106,0.0,0.0,99.6995137532552,0.0,39.79868189493815,0.0,0.0,75.03397750854492,306.6590830485026
ILOCOS NORTE,2004.0,"MARCOS, FERDINAND JR. R. BONGBONG ",1,0.7706103324890137,61.612144470214844,1.0,3,Ilocos Region,123.22973378499348,19.42947991689046,327.6660664876302,2.447207053502401,51.94032541910807,0.0,0.0,182.55965169270834,542.9588012695312,103.24998219807942,11.086069742838541,236.0109659830729,2.2326700687408447,42.72748311360677,0.0,0.6883558829625448,118.75389353434245,353.09197998046875
ILOCOS NORTE,2007.0,"KEON, MICHAEL MARCOS",0,0.7283114194869995,108.6959457397461,1.573630928993225,3,Ilocos Region,146.2824503580729,21.396059036254883,134.47219848632812,19.82935945192973,99.73986434936523,0.0,0.0,314.4502410888672,680.0698038736979,112.65582529703777,15.819193840026855,292.12628173828125,2.2138912677764893,45.20038604736328,0.0,0.0,161.43737284342447,516.3384195963541
ILOCOS NORTE,2010.0,"MARCOS, MARIA IMELDA ROMUALDEZ",0,0.6054667830467224,77.7029800415039,1.4436179399490356,3,Ilocos Region,173.8907216389974,28.235192616780598,370.2922668457031,230.76747385660806,98.9451675415039,0.0,15.257454554239908,344.82594807942706,944.0771484375,141.26868693033853,22.54667027791341,182.2022705078125,2.700629154841105,98.23354848225911,0.0,0.0,251.51837158203125,602.8930257161459
ILOCOS NORTE,2013.0,"MARCOS, MARIA IMELDA ROMUALDEZ",1,0.6920392513275146,148.06185913085938,1.0,3,Ilocos Region,253.21300252278647,29.784343719482422,418.3171793619792,213.58849589029947,103.75352986653645,0.0,0.8760188619295756,475.9833068847656,1023.6018676757812,161.57125854492188,24.978634516398113,344.7362569173177,149.18562698364258,87.52226003011067,0.0,9.000726699829102,345.18646240234375,849.2688802083334
ILOCOS NORTE,2016.0,"MARCOS, MARIA IMELDA ROMUALDEZ",1,0.5614835023880005,290.7229309082031,1.0,3,Ilocos Region,268.3939208984375,100.07197570800781,442.13905843098956,65.90061060587566,108.80710347493489,2.832972208658854,4.9395796457926435,456.3137919108073,1022.4196980794271,240.64700317382812,24.089065551757812,299.9374084472656,185.2575225830078,107.02637481689453,0.0,6.947081724802653,423.51417032877606,940.0813191731771
ILOCOS NORTE,2019.0,"MANOTOC, MATTHEW MARCOS",0,0.6505955457687378,322.1867980957031,1.0,3,Ilocos Region,328.57204182942706,150.59830778837204,730.1837158203125,60.552303314208984,557.4301935831705,0.0,0.0,480.78387451171875,1817.5778401692708,235.6678212483724,80.69092559814453,496.9540100097656,172.63704935709634,90.74663798014323,2.832972208658854,5.125244637330373,520.4571940104166,1127.3297322591145
ILOCOS NORTE,2022.0,"MANOTOC, MATTHEW MARCOS",1,0.5962278842926025,381.6734313964844,1.3603566884994507,3,Ilocos Region,,,,,,,,,,271.2052307128906,110.51009927193324,634.2198791503906,62.043495178222656,345.88880666097003,0.0,0.0,416.2642110188802,1428.3150634765625
ILOCOS SUR,1995.0,"SINGSON, LUIS CRISOLOGO",0,0.31525447964668274,14.511091232299805,1.2464162111282349,3,Ilocos Region,0.0,0.0,91.04866790771484,0.0,67.95425478617351,0.0,0.0,54.75952657063802,401.28143310546875,0.0,0.0,50.681987285614014,0.0,14.736606280008951,0.0,0.0,19.76692008972168,106.18651707967122
ILOCOS SUR,1998.0,"SINGSON, LUIS CRISOLOGO",1,0.32088589668273926,23.837114334106445,1.7057181596755981,3,Ilocos Region,37.86175282796224,7.4576873779296875,161.46976216634116,0.6970256169637045,132.95733642578125,0.0,0.3289270003636678,77.2230733235677,489.8789978027344,0.0,0.0,80.8739751180013,0.0,66.1236629486084,0.0,0.0,45.18938763936361,308.44158935546875
ILOCOS SUR,2001.0,"SAVELLANO, DEOGRACIAS VICTOR B.",0,0.5452238917350769,19.9222469329834,1.5215556621551514,3,Ilocos Region,102.76160939534505,10.68987226486206,243.70925903320312,2.142856319745382,93.79103724161784,0.0,0.3216766317685445,127.79323832194011,598.9578755696615,0.0,0.0,118.7668965657552,0.0,81.34150695800781,0.0,0.0,63.9574940999349,503.87596638997394
ILOCOS SUR,2004.0,"SINGSON, LUIS CRISOLOGO",0,0.5733758807182312,18.081087112426758,1.7260069847106934,3,Ilocos Region,101.18131001790364,9.425091902414957,282.4811045328776,2.2689055601755777,29.864458084106445,0.0,0.0,169.60579681396484,566.4911804199219,109.29394276936848,15.90617815653483,238.87675984700522,2.161410848299662,182.44052950541177,0.0,0.6506036321322123,110.86461639404297,563.750498453776
ILOCOS SUR,2007.0,"SAVELLANO, DEOGRACIAS VICTOR B.",0,0.7697772979736328,41.236793518066406,1.998765468597412,3,Ilocos Region,164.6006113688151,11.267128626505533,163.2877451578776,26.969706058502197,398.91234334309894,0.0,0.0,244.85449727376303,912.0724690755209,97.49232737223308,7.845080375671387,253.07152303059897,2.2374711831410727,28.853490193684895,0.0,0.0,145.49664052327475,601.2889912923177
ILOCOS SUR,2010.0,"SINGSON, LUIS CRISOLOGO",0,0.33815741539001465,54.68659210205078,1.5406821966171265,3,Ilocos Region,190.52738444010416,11.351354281107584,185.03797403971353,68.39862060546875,827.4563191731771,0.0,0.0,293.5766855875651,1391.3109944661458,115.7128397623698,10.371417363484701,178.0982208251953,20.93639341990153,97.82502746582031,0.0,0.0,226.69267781575522,602.4747111002604
ILOCOS SUR,2013.0,"SINGSON, RYAN LUIS VERZOSA",1,0.27735796570777893,240.96389770507812,1.4784131050109863,3,Ilocos Region,252.79327646891275,45.497138341267906,537.7914123535156,214.68870544433594,274.83746846516925,0.0,0.3839999834696452,377.9755350748698,1190.6044108072917,193.56290181477866,11.6997283299764,240.35113525390625,35.08850415547689,819.0357462565104,0.0,0.0,273.1438446044922,1332.5307210286458
ILOCOS SUR,2016.0,"SINGSON, RYAN LUIS VERZOSA",1,0.29575255513191223,475.7435302734375,1.0,3,Ilocos Region,331.07358805338544,21.1370849609375,589.6057739257812,237.39510599772134,764.1008758544922,0.0,0.0,445.8445231119792,1799.5511474609375,199.77401987711588,40.64101060231527,387.31138102213544,207.32345072428384,484.871342976888,0.0,0.3839999834696452,346.4862772623698,1303.9090169270833
ILOCOS SUR,2019.0,"SINGSON, RYAN LUIS VERZOSA",1,0.30737343430519104,592.341796875,1.212921380996704,3,Ilocos Region,364.4126790364583,18.513768513997395,928.1349690755209,324.67175992329913,1076.2811482747395,0.0,0.0,438.9472351074219,2443.3634440104165,325.1070963541667,19.697320302327473,553.8782552083334,209.0738271077474,590.1289520263672,0.0,0.0,448.46436564127606,1592.4715576171875
ILOCOS SUR,2022.0,"SINGSON, JEREMIAS CRISOLOGO",1,0.2725629508495331,532.1700439453125,1.0,3,Ilocos Region,,,,,,,,,,322.062744140625,19.921506881713867,804.9336547851562,242.4126656850179,909.5885009765625,0.0,0.0,419.6646016438802,2134.186808268229
ILOILO,1992.0,"DEFENSOR, ARTHUR D.",0,0.808413028717041,23.036964416503906,2.9214587211608887,3,Western Visayas,0.0,0.0,124.2377700805664,0.0,37.743354161580406,0.0,0.0,53.47217814127604,286.32403055826825,,,,,,,,,
ILOILO,1998.0,"DEFENSOR, ARTHUR D.",1,0.8107560276985168,93.94796752929688,1.9725514650344849,3,Western Visayas,80.69654337565105,18.81053288777669,379.27882893880206,6.000019709269206,84.29334767659505,0.0,0.3626933495203654,172.82958984375,633.7234090169271,0.0,0.0,197.67362467447916,0.0,51.0501594543457,0.0,0.0,72.17639414469402,402.506103515625
ILOILO,2001.0,"TUPAS, NIEL D.",0,0.6710363030433655,93.45075988769531,1.42376708984375,3,Western Visayas,159.92071318626404,49.072367350260414,445.38755289713544,5.051850001017253,184.4504140218099,0.0,0.0,231.3426259358724,736.7546793619791,0.0,0.0,266.7478841145833,0.0,73.31043752034505,0.0,0.0,122.22202555338542,542.6822001139323
ILOILO,2004.0,"TUPAS, NIEL SR. DEMAULO",1,0.8238518834114075,146.99002075195312,1.6140446662902832,3,Western Visayas,275.0685221354167,73.99876658121745,675.6885375976562,5.8748399416605634,117.68292999267578,0.0,0.0,320.74639892578125,919.3097737630209,158.1462380886078,51.951456705729164,453.513427734375,9.424059708913168,182.15765889485678,0.0,0.3626933495203654,233.6289825439453,730.6700642903646
ILOILO,2007.0,"TUPAS, NIEL SR. DEMAULO",1,0.8288923501968384,182.03578186035156,1.4936670064926147,3,Western Visayas,336.5260009765625,58.12395477294922,295.6109313964844,23.217455863952637,125.53530375162761,0.0,0.0,384.12657674153644,970.0835978190104,259.3583679199219,68.05747350056966,620.7921549479166,5.300073305765788,108.91492716471355,0.0,0.0,288.0762430826823,850.5287679036459
ILOILO,2010.0,"DEFENSOR, ARTHUR D.",0,0.8524417281150818,212.8842010498047,2.0682828426361084,3,Western Visayas,244.63466135660806,63.4753163655599,282.90197626749676,27.26841163635254,479.543701171875,0.0,0.0,660.2414754231771,1475.161865234375,302.72850545247394,61.215187072753906,379.0094401041667,19.633549372355144,115.05060577392578,0.0,0.0,387.7816569010417,971.5181070963541
ILOILO,2013.0,"DEFENSOR, ARTHUR D.",1,0.8715732097625732,207.5853729248047,1.7634073495864868,3,Western Visayas,239.37100474039713,37.680962880452476,370.019775390625,28.128034909566242,738.3247477213541,0.7112898031870524,0.0,526.2240702311198,1637.10302734375,346.19586181640625,60.19787343343099,428.6825256347656,22.288782755533855,311.7299448649089,0.0,0.0,506.97533162434894,1247.3877563476562
ILOILO,2016.0,"DEFENSOR, ARTHUR SR. DOLIGOSA",1,0.7195809483528137,764.5997924804688,1.0420681238174438,3,Western Visayas,286.5286051432292,67.47762680053711,392.43817138671875,36.8866335550944,1048.9845377604167,1.5453046162923176,0.0,625.6730753580729,2074.105265299479,153.36439005533853,48.84209314982096,242.1461067199707,28.287558555603027,669.5098063151041,0.0,0.0,594.2991841634115,1560.3965250651042
ILOILO,2019.0,"DEFENSOR, ARTHUR JR. RIVERA",1,0.7093033790588379,1035.39794921875,1.8571676015853882,3,Western Visayas,276.16839599609375,12.724918365478516,419.74939982096356,20.635812123616535,1414.6875406901042,0.0,0.0,1042.5187174479167,2876.95556640625,325.5902913411458,62.30647277832031,425.4779968261719,35.324636459350586,946.5594075520834,2.25659441947937,0.0,613.0265096028646,1992.6411539713542
ILOILO,2022.0,"DEFENSOR, ARTHUR JR. RIVERA",1,0.7791263461112976,1146.3270263671875,1.0290578603744507,3,Western Visayas,,,,,,,,,,215.44659423828125,22.431430180867512,370.5847880045573,22.486491521199543,1312.2344563802083,0.0,0.0,879.9762166341146,2562.79541015625
ISABELA,1998.0,"DY, BENJAMIN DE GUZMAN",0,0.9222273826599121,32.68082046508789,1.0841083526611328,3,Cagayan Valley,52.631184895833336,3.7100661595662436,282.2093556722005,2.9120302200317383,147.2414118448893,0.0,18.213998158772785,182.66864522298178,651.3746337890625,0.0,0.0,173.97801717122397,0.0,56.62583541870117,0.0,0.0,60.813072204589844,349.64524332682294
ISABELA,2001.0,"DY, FAUSTINO JR. SANCHEZ",1,0.8812887668609619,51.933929443359375,1.0,3,Cagayan Valley,116.29568481445312,19.420328776041668,605.9510192871094,8.090290069580078,60.96697743733724,0.0,140.85594177246094,321.2887776692708,785.1736043294271,0.0,0.0,220.48096211751303,0.0,143.87349700927734,0.0,0.0,129.0611317952474,602.5622863769531
ISABELA,2004.0,"PADACA, MARIA GRACIA CIELO MAGNO",0,0.8158565163612366,53.85100173950195,1.8398189544677734,3,Cagayan Valley,157.31466674804688,15.031000137329102,574.5996500651041,8.900333245595297,52.028666178385414,0.0,106.68633270263672,286.66733805338544,789.1976725260416,131.8372039794922,14.878728548685709,595.941162109375,8.24565347035726,75.55094655354817,0.0,133.89593887329102,307.0836486816406,751.8368326822916
ISABELA,2007.0,"PADACA, MARIA GRACIA CIELO",1,0.8924449682235718,98.86599731445312,1.903098702430725,3,Cagayan Valley,158.86755879720053,13.683578173319498,129.0160369873047,17.960896492004395,77.81000264485677,0.0,37.50499979654948,654.8644409179688,1024.2472330729167,140.43333435058594,19.15399996439616,541.8579813639323,8.260666688283285,50.84266662597656,0.0,94.35533396402995,279.6546630859375,758.4390055338541
ISABELA,2010.0,"DY, FAUSTINO, III DE GUZMAN",0,0.8529566526412964,179.31951904296875,2.004737138748169,3,Cagayan Valley,212.0035400390625,17.312092145284016,176.56452624003092,21.571062088012695,92.33707682291667,0.0,0.0,1316.708251953125,1660.2099609375,157.5347696940104,13.282783190409342,261.55201721191406,16.183124542236328,72.92355092366536,0.0,75.00999959309895,390.5079752604167,835.9529012044271
ISABELA,2013.0,"DY, FAUSTINO III DE GUZMAN",1,0.7136505246162415,376.1438293457031,1.1680564880371094,3,Cagayan Valley,242.34261067708334,19.84442710876465,308.26341756184894,30.397724469502766,189.75301106770834,0.0,0.0,1286.9019368489583,1784.9183349609375,199.8104044596354,15.01630433400472,233.8979949951172,19.07128143310547,81.98992411295573,0.0,0.0,1262.3453369140625,1582.05029296875
ISABELA,2016.0,"DY, FAUSTINO III DE GUZMAN",1,0.8069027066230774,439.23321533203125,1.3344266414642334,3,Cagayan Valley,292.6301778157552,19.563838958740234,348.4022928873698,36.20826848347982,194.74455769856772,0.0,0.0,1627.724609375,2170.8715006510415,226.43792724609375,18.718143463134766,207.0367399851481,20.5241912206014,99.6522928873698,0.0,0.0,1226.85400390625,1607.8651529947917
ISABELA,2019.0,"ALBANO, RODOLFO III TAGUINOD",0,0.7973107695579529,518.9617309570312,1.0370993614196777,3,Cagayan Valley,353.5439046223958,23.55420684814453,538.0261840820312,30.33210277557373,180.64539591471353,0.0,0.0,2301.0006510416665,3022.4697265625,267.6136728922526,19.020947138468426,332.23423258463544,45.599605560302734,267.90785725911456,0.0,0.0,1482.55517578125,2082.697265625
ISABELA,2022.0,"ALBANO, RODOLFO III TAGUINOD",1,0.8015196919441223,492.7297668457031,1.051668405532837,3,Cagayan Valley,,,,,,,,,,285.1900634765625,20.521528244018555,462.29296875,25.98539384206136,161.46954345703125,0.0,0.0,2104.5441080729165,2729.7054036458335
KALINGA,1998.0,"BELAC, DOMINADOR T.  ",0,0.9432870745658875,8.826355934143066,1.8728306293487549,3,CAR,25.99694061279297,0.1649583379427592,105.1814676920573,1.2758092085520427,30.247373580932617,0.0,0.0,44.7776247660319,204.57320149739584,0.0,0.0,46.82790883382162,0.0,18.356462319691975,0.0,0.0,16.46373462677002,94.75662740071614
KALINGA,2001.0,"DUGUIANG, MACARIO A.",0,0.9322813153266907,15.018516540527344,3.9348535537719727,3,CAR,71.81260045369466,2.7506372531255088,139.7584660847982,6.0551838874816895,28.245250701904297,0.0,0.0,59.14004643758138,214.9584757486979,0.0,0.0,79.63338724772136,0.0,34.287942250569664,0.0,0.0,34.962669372558594,185.09415181477866
KALINGA,2004.0,"BELAC, DOMINADOR T.  ",0,0.9597660899162292,9.342228889465332,1.9613717794418335,3,CAR,83.99006907145183,1.2544989983240764,165.09453837076822,3.9559770425160727,34.79565684000651,0.0,0.0,75.89399719238281,251.41818237304688,71.31374486287434,2.2964399059613547,137.19476064046225,5.969205300013225,27.824429194132488,0.0,0.0,57.615369160970054,207.23473612467447
KALINGA,2007.0,"DIASEN, FLOYDELIA REYES",0,0.9443575143814087,17.09775733947754,1.4607882499694824,3,CAR,104.75045522054036,1.711018164952596,81.08663177490234,5.143112421035767,40.281052907307945,0.0,0.0,106.21270243326823,277.8100280761719,81.83557637532552,1.3062723477681477,158.05602010091147,4.017482439676921,32.99316660563151,0.0,0.0,70.89669291178386,243.35218811035156
KALINGA,2010.0,"BAAC, JOCEL COLLADO",0,0.9312463998794556,31.612293243408203,3.543321132659912,3,CAR,134.83743794759116,2.1299612124760947,115.68340174357097,16.99343427022298,72.87303161621094,0.0,0.0,143.86906941731772,370.70241292317706,93.61681620279948,1.6158206860224407,96.65164693196614,4.6953816413879395,38.830204010009766,0.0,0.0,103.24508158365886,281.4266866048177
KALINGA,2013.0,"BAAC, JOCEL COLLADO",1,0.8598915934562683,82.4619140625,1.529922604560852,3,CAR,153.5308634440104,1.493413011233012,214.3931884765625,14.718387444814047,71.35260645548503,0.0,0.0,189.15203857421875,474.89783732096356,136.87030283610025,2.2661751906077066,155.169314066569,16.032838185628254,67.52124659220378,0.0,0.0,118.38826751708984,341.0788167317708
KALINGA,2016.0,"BAAC, JOCEL COLLADO",1,0.835228681564331,139.45745849609375,2.198122501373291,3,CAR,365.0406087239583,6.549686988194783,403.97780354817706,32.38750902811686,83.19747924804688,0.0,0.0,230.88485717773438,718.0601399739584,121.49657694498698,1.505815029144287,136.34074020385742,6.965254942576091,56.150702158610024,0.0,0.0,177.7076212565104,408.4759826660156
KALINGA,2019.0,"TUBBAN, FERDINAND BAAC",0,0.8022496700286865,221.81700134277344,2.879493236541748,3,CAR,266.49114990234375,7.941071192423503,410.65138753255206,31.838695526123047,104.68811289469402,0.0,0.0,353.99220784505206,875.9008992513021,294.61639404296875,4.29874328772227,322.43524169921875,23.520108540852863,78.07718149820964,0.0,0.0,206.32669576009116,606.8391316731771
KALINGA,2022.0,"EDDUBA, JAMES SAGMAYAO",0,0.8742526769638062,188.90184020996094,2.2647593021392822,3,CAR,,,,,,,,,,273.45513916015625,6.735443115234375,421.92291259765625,37.351854960123696,106.30297597249348,0.0,0.0,313.47154744466144,844.9820149739584
LA UNION,1998.0,"ORROS, JUSTO JR. O",0,0.6801099181175232,30.11680030822754,1.625519037246704,3,Ilocos Region,42.36322530110677,5.07157039642334,211.89565785725912,1.6106150945027669,73.44414901733398,0.0,3.3084306716918945,102.2787348429362,371.37757364908856,0.0,0.0,94.0484390258789,0.0,37.827093760172524,0.0,0.0,44.21579615275065,224.54864501953125
LA UNION,2001.0,"ORTEGA, VICTOR FRANCISCO C.",0,0.6055814623832703,46.89480972290039,2.2526254653930664,3,Ilocos Region,149.19727579752603,14.868237495422363,326.8951009114583,2.408677021662394,67.54650115966797,0.0,34.67080815633138,125.7500991821289,412.28981526692706,0.0,0.0,151.11580657958984,0.0,58.923440297444664,0.0,0.0,71.48752466837566,313.9389394124349
LA UNION,2004.0,"ORTEGA, VICTOR FRANCISCO C.",1,0.740028977394104,84.29582214355469,1.4365715980529785,3,Ilocos Region,125.35845947265625,16.56509240468343,366.3195292154948,14.637129068374634,97.6864496866862,0.0,27.50515619913737,182.25370279947916,491.0683288574219,138.75835164388022,14.810781796773275,313.76702880859375,3.1661144892374673,78.8661600748698,0.0,25.300325711568195,131.73145294189453,407.5450032552083
LA UNION,2007.0,"ORTEGA, MANUEL CAMPOS",1,0.8045307397842407,61.1544189453125,1.7661486864089966,3,Ilocos Region,99.56477483113606,22.239420255025227,100.1707255045573,25.96083132425944,125.88310241699219,0.0,23.543962478637695,408.916254679362,719.139892578125,125.80877685546875,17.16938241322835,340.90980021158856,9.077657540639242,100.04991658528645,0.0,32.335021336873375,156.5189666748047,461.2211405436198
LA UNION,2010.0,"ORTEGA, MANUEL CAMPOS",1,0.4773634374141693,138.68650817871094,1.3436634540557861,3,Ilocos Region,174.94029744466147,73.07594045003255,277.0602773030599,114.88194274902344,201.03611755371094,0.0,0.9853333036104838,418.2276306152344,983.1996866861979,121.19062423706055,15.432548522949219,185.14442443847656,25.58332061767578,92.51732381184895,0.0,24.790704091389973,291.15491739908856,596.4059244791666
LA UNION,2013.0,"ORTEGA, MANUEL CAMPOS",1,0.5598757266998291,389.0271911621094,1.1228760480880737,3,Ilocos Region,309.8458709716797,123.08843231201172,518.7914123535156,260.0101725260417,221.5113983154297,1.615320364634196,68.7114969889323,341.0204162597656,1081.7205607096355,142.64051310221353,60.994083404541016,287.3924916585286,76.5542589823405,183.5300496419271,0.0,7.2036396861076355,488.39903767903644,959.4197387695312
LA UNION,2016.0,"ORTEGA, FRANCISCO EMMANUEL III RAMOS",1,0.46246209740638733,587.8414306640625,2.3449790477752686,3,Ilocos Region,75.54471842447917,62.784125010172524,416.74843343098956,278.0355936686198,364.3401692708333,0.0,0.3839999834696452,379.5641682942708,1167.7132975260417,349.3536020914714,130.1385040283203,333.9990590413411,115.09924825032552,229.7857208251953,1.615320364634196,69.09549697240193,333.28379313151044,984.1858520507812
LA UNION,2019.0,"ORTEGA, FRANCISCO EMMANUEL III RAMOS",1,0.7087839245796204,499.19696044921875,1.0916768312454224,3,Ilocos Region,76.56363592545192,19.137373685836792,659.0653076171875,368.5962766011556,436.1428629557292,0.0,0.0,506.2795715332031,1628.1738688151042,75.34786224365234,63.448961893717446,556.3160909016927,417.13526407877606,290.32237243652344,0.0,0.3839999834696452,376.14256795247394,1223.8621826171875
LA UNION,2022.0,"DAVID, RAPHAELLE VERONICA ORTEGA",0,0.5873622298240662,567.5557250976562,1.1145867109298706,3,Ilocos Region,,,,,,,,,,62.153441528479256,25.473877668380737,522.6901143391927,240.29478327433267,429.7924092610677,0.0,0.0,460.48499552408856,1437.1267496744792
LAGUNA,1992.0,"SAN LUIS, FELICISIMO T.",0,0.4369925856590271,101.22050476074219,2.4073328971862793,3,CALABARZON,0.0,0.0,126.5986328125,0.0,48.38228289286295,0.0,0.0,76.38548787434895,369.4662170410156,,,,,,,,,
LAGUNA,1998.0,"LINA, JOSE JR DAVID",0,0.4513804316520691,481.5347595214844,1.2199312448501587,3,CALABARZON,113.45033772786458,88.42633056640625,594.4486694335938,9.985333124796549,96.70892715454102,0.0,1.4050000508626301,224.77172342936197,1083.3376871744792,0.0,0.0,192.56427001953125,0.0,50.27132924397787,0.0,0.0,104.16282145182292,532.1928304036459
LAGUNA,2001.0,"LAZARO, TERESITA SANTIAGO",0,0.4197349548339844,694.9420166015625,1.653680443763733,3,CALABARZON,373.7740478515625,233.3805185953776,978.9483235677084,39.062744140625,143.75118001302084,0.0,3.198676268259684,329.5323486328125,1192.2100423177083,0.0,0.0,391.993896484375,0.0,61.62464269002279,0.0,0.0,175.45943196614584,979.1675821940104
LAGUNA,2004.0,"LAZARO, TERESITA SANTIAGO",1,0.516912579536438,653.4221801757812,2.8829970359802246,3,CALABARZON,381.003662109375,276.57875061035156,1022.3195190429688,35.84547233581543,179.89024861653647,0.0,3.3280452887217202,325.5635986328125,1374.7339274088542,346.8310038248698,229.7286631266276,930.8309936523438,37.10066668192545,132.13633728027344,0.0,3.5900000731150308,313.58066813151044,1119.8009847005208
LAGUNA,2007.0,"LAZARO, TERESITA SANTIAGO",1,0.628127932548523,527.7815551757812,1.9181621074676514,3,CALABARZON,532.936777750651,147.73758824666342,526.9720458984375,77.3026974995931,301.7416178385417,0.0,8.662961641947428,333.8781331380208,1524.2132975260417,380.7247721354167,285.47434488932294,1048.6805623372395,33.24604098002116,170.57323710123697,0.0,3.075436274210612,346.15997314453125,1333.763671875
LAGUNA,2016.0,"HERNANDEZ, RAMIL LAUREL",0,0.8281526565551758,455.0810241699219,2.1099679470062256,3,CALABARZON,885.8249104817709,92.87030792236328,1382.2226969401042,395.1500771840413,278.865971883138,3.2098321119944253,5.167553424835205,824.0091959635416,2549.03125,559.083730061849,105.40822347005208,533.2324358622233,44.54945755004883,476.34010823567706,0.9644918839136759,2.746788660685221,496.28404744466144,1931.9214274088542
LAGUNA,2019.0,"HERNANDEZ, RAMIL LAUREL",1,0.8584033846855164,496.3993225097656,1.5182489156723022,3,CALABARZON,1105.20662856102,76.56985473632812,2331.459676106771,491.55080223083496,195.2669219970703,24.63488515218099,4.960974057515462,1297.451904296875,3881.419189453125,821.5982055664062,97.14182790120442,1118.8157958984375,192.79936345418295,382.9946034749349,2.694997946421305,4.581379731496175,733.7673746744791,2286.298095703125
LAGUNA,2022.0,"HERNANDEZ, RAMIL LAUREL",1,0.7318568825721741,803.2400512695312,1.7445600032806396,3,CALABARZON,,,,,,,,,,881.3453614711761,66.01684061686198,2053.6254069010415,459.6529547373454,174.40857950846353,13.593151172002157,4.480563322703044,1127.0845133463542,3427.64697265625
LANAO DEL NORTE,1995.0,"DIMAPORO, ABDULLAH DIMAKUTA",0,0.9137331247329712,11.689010620117188,1.5911130905151367,3,SOCCSKSARGEN,0.0,0.0,53.84272257486979,0.0,24.1167786916097,0.0,0.0,63.180233001708984,191.68352762858072,0.0,0.0,18.98030908902486,0.0,15.297249952952066,0.0,0.0,28.31028938293457,80.2609011332194
LANAO DEL NORTE,1998.0,"DIMAPORO, IMELDA QUIBRANZA",1,0.9396138191223145,11.067305564880371,1.4476712942123413,3,SOCCSKSARGEN,18.834786732991535,1.6093118985493977,107.37499237060547,0.7482384045918783,40.84820238749186,0.0,0.0,94.38795979817708,300.479487101237,0.0,0.0,46.043924967447914,0.0,20.99958864847819,0.0,0.0,53.3624013264974,141.41465759277344
LANAO DEL NORTE,2001.0,"DIMAPORO, IMELDA QUIBRANZA",1,0.8483010530471802,43.77466583251953,2.302908182144165,3,Northern Mindanao,63.51829274495443,3.6921832958857217,171.87039693196616,1.6099656820297241,41.79896545410156,0.0,0.0,103.04995727539062,262.1399637858073,0.0,0.0,68.11374028523763,0.0,35.92128690083822,0.0,0.0,80.16798909505208,299.6107635498047
LANAO DEL NORTE,2004.0,"DIMAPORO, IMELDA QUIBRANZA",1,0.8666014671325684,49.18199157714844,1.3804525136947632,3,Northern Mindanao,78.52646382649739,4.178829908370972,245.04723103841147,2.1147168080012,45.71449406941732,0.0,0.0,160.2272186279297,369.14955647786456,61.86676279703776,3.610735853513082,172.96723429361978,1.7915650208791096,47.12739690144857,0.0,0.0,105.69817352294922,268.4819742838542
LANAO DEL NORTE,2007.0,"DIMAPORO, MOHAMAD K QUIBRANZA",1,0.8578063249588013,63.67777633666992,1.6183305978775024,3,Northern Mindanao,67.02936617533366,1.1512304147084553,35.55945142110189,1.1518178184827168,30.102930068969727,0.0,0.0,115.81816864013672,246.7314910888672,66.88451512654622,4.718358834584554,219.8917439778646,2.1878873904546103,38.38923009236654,0.0,0.0,146.10098266601562,322.7018330891927
LANAO DEL NORTE,2010.0,"DIMAPORO, MOHAMAD K QUIBRANZA",1,0.8100758194923401,138.27064514160156,1.158455729484558,3,Northern Mindanao,98.38830629984538,8.85441541671753,54.1941286722819,3.076601425806681,73.65177663167317,0.0,0.0,200.77872212727866,384.75132242838544,90.33840433756511,2.3024608294169107,111.13027954101562,1.466330925623576,44.79679425557455,0.0,0.0,143.49178568522134,345.3517303466797
LANAO DEL NORTE,2013.0,"DIMAPORO, MOHAMAD K QUIBRANZA",1,0.7757882475852966,189.55133056640625,1.6949957609176636,3,Northern Mindanao,171.1495507558187,8.085625648498535,249.42748514811197,10.006571451822916,83.84564971923828,0.0,0.0,312.3176981608073,651.3085327148438,54.04024124145508,5.8965121905008955,62.48851076761881,2.5517566005388894,52.841904958089195,0.0,0.0,155.31442006429037,270.64483642578125
LANAO DEL NORTE,2016.0,"DIMAPORO, IMELDA QUIBRANZA",1,0.7903537750244141,253.88851928710938,1.5511597394943237,3,Northern Mindanao,318.6534423828125,9.771093726158142,341.90699259440106,13.482444445292154,69.26840464274089,0.0,0.0,520.2066955566406,932.1888631184896,137.19307390848795,6.636431694030762,155.94474156697592,8.05469528834025,86.46488698323567,0.0,0.0,269.53916422526044,573.7931925455729
LANAO DEL NORTE,2019.0,"DIMAPORO, IMELDA QUIBRANZA",1,0.7973147630691528,319.56768798828125,1.3031094074249268,3,Northern Mindanao,24.57653045654297,12.70623779296875,174.64610290527344,17.99038314819336,321.19163767496747,0.06942466894785564,0.0,576.1893920898438,1076.1287841796875,314.8640950520833,9.303475419680277,334.6993408203125,10.531758149464926,68.77511596679688,0.0,0.0,443.87148030598956,847.3459269205729
LANAO DEL NORTE,2022.0,"DIMAPORO, IMELDA QUIBRANZA",1,0.8089759349822998,495.49432373046875,1.1184734106063843,3,Northern Mindanao,,,,,,,,,,103.20138168334961,11.227834383646647,248.36901092529297,14.601554234822592,195.5412343343099,0.03471233447392782,0.0,569.2740275065104,1016.8363850911459
LANAO DEL SUR,1995.0,"MUTILAN, MAHID MIRA-ATO",0,0.9252516031265259,10.626611709594727,2.8763082027435303,3,SOCCSKSARGEN,0.0,0.0,8.206504503885904,0.0,20.863616943359375,0.0,0.0,50.16931279500326,252.08082580566406,0.0,0.0,2.9950903256734214,0.0,56.11091709136963,0.0,0.0,26.13140360514323,127.17395528157552
LANAO DEL SUR,1998.0,"MUTILAN, ALIM MAHID M.",1,0.9637888669967651,9.534987449645996,2.5878188610076904,3,SOCCSKSARGEN,0.0,0.016666666915019352,36.1196346282959,0.0,97.26650555928548,0.0,0.0,75.69816589355469,393.3104248046875,0.0,0.0,7.781019846598308,0.0,16.74933624267578,0.0,0.0,39.84223175048828,212.5406951904297
LANAO DEL SUR,2001.0,"ADIONG, MAMINTAL SR. MAGANGCONG",0,0.9596648812294006,15.933329582214355,4.715619087219238,3,SOCCSKSARGEN,0.0,0.0,123.38497416178386,0.0,177.54231643676758,0.0,0.0,123.38497416178386,458.83152262369794,0.0,0.0,9.744394620259603,0.0,26.219249089558918,0.0,0.0,67.36012268066406,354.42812093098956
LANAO DEL SUR,2004.0,"ADIONG, MAMINTAL SR. MAGANGCONG",1,0.9757038950920105,13.238386154174805,1.0,3,SOCCSKSARGEN,3.4772542317708335,0.0,188.76309712727866,21.562616030375164,290.4408264160156,0.0,0.0,163.72323354085287,645.535888671875,0.0,0.016666666915019352,114.52887725830078,0.0,169.68564224243164,0.0,0.0,114.51220957438152,418.6061197916667
LANAO DEL SUR,2007.0,"ADIONG, MAMINTAL JR. ALONTO",1,0.9784079194068909,17.036277770996094,3.202834129333496,3,SOCCSKSARGEN,9.977017561594645,0.10038000345230103,66.23594665527344,68.27960268656413,493.8546854654948,0.0,0.0,314.41680399576825,948.7887369791666,1.7059439023335774,0.0,154.7830047607422,11.212871233622232,267.5324401855469,0.0,0.0,141.86419423421225,584.0316162109375
LANAO DEL SUR,2010.0,"ADIONG, MAMINTAL, JR. ALONTO",1,0.9601007103919983,39.0385627746582,1.0,3,BARMM,43.726339975992836,4.068978309631348,175.67779032389322,152.70550791422525,484.3721008300781,0.0,8.706197102864584,438.6168619791667,1156.040771484375,6.423748016357422,0.0,104.84137471516927,51.10301844278971,427.96551513671875,0.0,0.0,237.80852254231772,832.6769205729166
LANAO DEL SUR,2013.0,"ADIONG, MAMINTAL JR. ALONTO",1,0.9523837566375732,57.1329460144043,1.5108381509780884,3,BARMM,46.85993194580078,10.292257030804953,242.14166768391928,123.90390014648438,618.8903096516927,0.0,22.65810426076253,536.3091125488281,1405.3954671223958,24.347972869873047,0.10038000345230103,159.08218383789062,130.68494160970053,514.83544921875,0.0,3.9488890965779624,385.6813151041667,1084.9724934895833
LANAO DEL SUR,2016.0,"ADIONG, BEDJORIA SORAYA ALONTO",1,0.9809017777442932,12.07552433013916,1.9514611959457397,3,BARMM,49.61493412653605,1.6977340647329886,270.2539876302083,218.94132486979166,565.0722045898438,0.0,0.0,663.9437662760416,1547.802978515625,66.05316925048828,14.3612353404363,223.93900044759116,111.21094258626302,450.94366455078125,0.0,27.415412267049152,579.2053426106771,1301.6150309244792
LANAO DEL SUR,2019.0,"ADIONG, MAMINTAL JR. ALONTO",1,0.9888908267021179,20.994535446166992,1.4918150901794434,3,BARMM,48.59722900390625,0.3466666539510091,397.16408284505206,152.27965291341147,928.7375895182291,0.0,0.0,673.3193155924479,2032.4032796223958,39.99517297744751,0.000916666661699613,229.98385620117188,189.9877675374349,694.1553751627604,0.0,0.0,587.554921468099,1545.2567138671875
LANAO DEL SUR,2022.0,"ADIONG, MAMINTAL JR. ALONTO",1,0.9912954568862915,27.571495056152344,1.3997488021850586,3,BARMM,,,,,,,,,,39.42808532714844,1.8701507250467937,404.57200113932294,167.33323669433594,739.9111328125,0.0,0.0,653.249755859375,1835.590576171875
LEYTE,1992.0,"PETILLA, LEOPOLDO E.",0,0.6684941053390503,43.81367874145508,3.410796642303467,3,Eastern Visayas,0.0,0.0,111.68129475911458,0.0,30.087810516357422,0.0,0.0,44.52331288655599,238.26947021484375,,,,,,,,,
LEYTE,1998.0,"PETILLA, REMEDIOS L.",1,0.873431384563446,60.092708587646484,2.707761287689209,3,Eastern Visayas,45.13579813639323,4.4830474853515625,261.08112080891925,1.9985729853312175,101.44405364990234,0.0,0.47853612899780273,85.42976888020833,497.75054931640625,0.0,0.0,176.68077087402344,0.0,54.84109878540039,0.0,0.0,58.535483042399086,360.58343505859375
LEYTE,2001.0,"PETILLA, REMEDIOS L.",1,0.9131198525428772,38.83913040161133,1.5902018547058105,3,Eastern Visayas,217.40257263183594,28.399823506673176,435.7020670572917,5.6740468343098955,117.26364135742188,0.0,3.775018850962321,180.45060221354166,677.5245971679688,0.0,0.0,258.89845784505206,0.0,97.90933990478516,0.0,0.0,76.7086410522461,534.6332702636719
LEYTE,2004.0,"PETILLA, CARLOS JERICHO LORETO",1,0.9153125286102295,55.00850296020508,1.925068736076355,3,Eastern Visayas,210.5549519856771,24.471789677937824,473.6850992838542,5.59728209177653,118.29084014892578,0.0,3.636488993962606,229.4245859781901,752.9819539388021,191.03228251139322,28.04327392578125,379.98109944661456,5.995946566263835,114.74837239583333,0.0,3.0356481870015464,151.8739471435547,572.3749796549479
LEYTE,2007.0,"PETILLA, CARLOS JERICHO LORETO",1,0.8945660591125488,93.94882202148438,1.0451833009719849,3,Eastern Visayas,88.65839831034343,26.80412228902181,42.84407043457031,6.131001631418864,293.1290740966797,0.0,4.999618053436279,516.023427327474,995.2197062174479,209.28766377766928,21.80219332377116,440.33876546223956,5.11641263961792,116.32281494140625,0.0,3.545438845952352,200.5870564778646,714.0713500976562
LEYTE,2010.0,"PETILLA, CARLOS JERICHO LORETO",1,0.6557408571243286,244.33447265625,1.0,3,Eastern Visayas,20.3087641398112,20.41776466369629,51.38353729248047,6.350255489349365,319.42840576171875,0.0,4.306753794352214,340.6465555826823,732.4089762369791,153.72828229268393,28.441590627034504,200.07416534423828,6.3353885014851885,208.82848103841147,0.0,4.54702361424764,402.427978515625,914.2987467447916
LEYTE,2013.0,"PETILLA, LEOPOLDO DOMINICO",1,,0.0,1.0,3,Eastern Visayas,297.520565032959,33.79008547465006,270.4525655110677,18.81308650970459,500.7212371826172,0.0,3.3534011840820312,472.9839579264323,1267.360595703125,28.012256622314453,26.28948974609375,68.6734619140625,8.30341132481893,443.6642252604167,0.0,6.0683051745096845,545.012949625651,1082.4381510416667
LEYTE,2016.0,"PETILLA, LEOPOLDO DOMINICO LORETO",1,0.7147785425186157,690.1918334960938,1.05991530418396,3,Eastern Visayas,608.2971801757812,35.81774393717448,667.1457722981771,16.346680641174316,253.58271280924478,0.0,6.6841615041097,564.1017150878906,1496.4552815755208,124.92620468139648,18.793774286905926,76.8909403483073,14.788324038187662,429.63368733723956,0.0,1.4072100321451824,317.1898498535156,840.3711344401041
LEYTE,2019.0,"PETILLA, LEOPOLDO DOMINICO LORETO",1,0.7947299480438232,579.59033203125,1.0652341842651367,3,Eastern Visayas,424.4856770833333,40.90320078531901,732.72509765625,16.746033986409504,377.3916524251302,0.0,6.4228776295979815,665.3983968098959,1805.6738688151042,538.1212972005209,38.35951232910156,596.7550862630209,14.058751106262207,249.45768229166666,0.0,6.215516408284505,492.55540974934894,1354.3627115885417
LEYTE,2022.0,"PETILLA, CARLOS JERICHO LORETO",1,0.8489590287208557,627.5874633789062,1.2280333042144775,3,Eastern Visayas,,,,,,,,,,455.01308186848956,32.90614318847656,752.3985188802084,14.685708999633789,315.53480529785156,0.0,5.626275062561035,659.5543212890625,1747.0079345703125
MAGUINDANAO,1998.0,"CANDAO, ZACARIA A.",0,0.9011316895484924,3.877316951751709,1.9996111392974854,3,SOCCSKSARGEN,1.2356746196746826,0.5014030536015829,59.375102043151855,0.0,65.43490982055664,0.0,0.0,129.67735799153647,340.2861836751302,0.0,0.0,5.820140997568767,0.0,34.55611991882324,0.0,0.0,104.39281209309895,230.12528483072916
MAGUINDANAO,2001.0,"AMPATUAN, ANDAL SALIBO",0,0.9540402293205261,2.740908145904541,1.6476472616195679,3,SOCCSKSARGEN,6.237995942433675,2.0383050044377646,258.25355021158856,5.264759381612142,79.02692159016927,0.0,0.0,244.71248881022134,456.52100626627606,0.0,0.0,12.57106844584147,0.0,63.968308766682945,0.0,0.0,127.74569702148438,308.2765706380208
MAGUINDANAO,2004.0,"AMPATUAN, ANDAL SALIBO",1,0.9511098265647888,4.12875509262085,1.2499518394470215,3,SOCCSKSARGEN,9.859154542287191,1.619290331999461,261.36912536621094,0.0,108.13276672363281,0.0,0.0,249.89067586263022,516.7803039550781,4.538878997166951,1.812047799428304,221.5934041341146,3.0275535583496094,80.60059356689453,0.0,0.0,212.21492513020834,430.70203653971356
MAGUINDANAO,2007.0,"AMPATUAN, ANDAL SALIBO",1,0.9400858879089355,3.664776563644409,1.0,3,SOCCSKSARGEN,6.059554576873779,1.305702308813731,67.70589192708333,63.205553690592446,298.0368067423503,0.0,0.0,374.55174763997394,795.5854797363281,10.251791954040527,2.024184226989746,284.9424641927083,2.2372058232625327,93.08985900878906,0.0,0.0,270.4292805989583,525.4100341796875
MAGUINDANAO,2010.0,"MANGUDADATU, ESMAEL GAGUIL",0,0.9788343906402588,2.474053382873535,2.5002641677856445,3,BARMM,48.598880449930824,1.7395728826522827,115.84320449829102,79.08783849080403,352.5631917317708,0.0,0.0,575.0692138671875,1057.059590657552,5.08430830637614,1.012502392133077,83.93311564127605,21.491729736328125,253.67175801595053,0.0,0.0,260.5325622558594,632.8792521158854
MAGUINDANAO,2013.0,"MANGUDADATU, ESMAEL GAGUIL",1,0.9440510272979736,4.863027095794678,1.4843534231185913,3,BARMM,54.14358393351237,11.11760926246643,149.58538309733072,72.20765368143718,537.2831217447916,0.0,21.058109601338703,670.0449015299479,1356.9134521484375,39.51531219482422,1.3734207153320312,152.78666178385416,111.8979263305664,310.51373291015625,0.0,0.0,548.2354532877604,1011.5358683268229
MAGUINDANAO,2016.0,"MANGUDADATU, ESMAEL GAGUIL",1,0.9442603588104248,13.73229694366455,1.6307411193847656,3,BARMM,32.63148816426595,28.548797130584717,106.29526011149089,45.114976247151695,535.8836466471354,0.0,0.0,518.9286092122396,1194.4408365885417,49.17974853515625,1.2369741598765056,102.936705271403,71.08938980102539,464.6191813151042,0.0,3.9552526473999023,642.3004760742188,1223.4403483072917
MAGUINDANAO,2019.0,"MANGUDADATU, MARIAM SANGKI",1,0.9600622057914734,36.081825256347656,1.8079029321670532,3,BARMM,4.65187931060791,5.161323547363281,466.4825439453125,320.2279052734375,275.0676574707031,0.0,0.0,1722.766845703125,2499.284912109375,50.19629224141439,39.4115506807963,161.84767405192056,55.13697624206543,731.7174682617188,0.0,17.1028569539388,746.7354736328125,1673.6339518229167
MAGUINDANAO,2022.0,"MANGUDADATU, MARIAM SANGKI",1,0.9883236289024353,26.96879768371582,1.6799542903900146,3,BARMM,,,,,,,,,,2.325939655303955,2.5806617736816406,301.4619852701823,160.11395263671875,183.30855305989584,0.0,0.0,1086.0177408854167,1594.6858723958333
MARINDUQUE,1998.0,"REYES, CARMENCITA ONGSIAKO",0,0.7974205613136292,28.694791793823242,2.297147274017334,3,MIMAROPA,19.683666229248047,0.6970000267028809,73.31820170084636,1.0013333161671956,37.1519521077474,0.0,0.06866666674613953,42.193093617757164,168.31546020507812,0.0,0.0,39.90723673502604,0.0,30.931995391845703,0.0,0.0,26.007330576578777,114.47247568766277
MARINDUQUE,2001.0,"REYES, CARMENCITA ONGSIAKO",1,0.9005821347236633,13.597999572753906,1.7699594497680664,3,MIMAROPA,62.0509999593099,2.8496667544047036,127.0806655883789,2.747999986012777,44.368666330973305,0.0,0.03366666783889135,59.39833323160807,192.84100341796875,0.0,0.0,49.52279535929362,0.0,33.790472666422524,0.0,0.0,35.75922520955404,160.39554850260416
MARINDUQUE,2004.0,"REYES, CARMENCITA ONGSIAKO",1,0.9349819421768188,13.529999732971191,1.7590981721878052,3,Mimaropa Region,70.30653889973958,5.849168300628662,155.39881896972656,3.5131327311197915,55.29658508300781,0.0,0.0,75.72998046875,215.0612589518229,60.77899932861328,2.813333431879679,122.85299936930339,2.803999980290731,46.410666147867836,0.0,0.10233333458503087,56.3543332417806,180.6490020751953
MARINDUQUE,2007.0,"CARRION, JOSE ANTONIO N.",0,0.9274016618728638,19.388017654418945,3.9718427658081055,3,Mimaropa Region,86.65061442057292,6.400247732798259,70.00765228271484,4.206823746363322,60.36619440714518,0.0,0.0,93.3063456217448,252.3514404296875,66.9188346862793,4.941129287083943,143.855712890625,3.1931755542755127,50.26506551106771,0.0,0.0,68.80257415771484,208.8370107014974
MARINDUQUE,2010.0,"REYES, CARMENCITA ONGSIAKO",0,0.931434690952301,25.43022918701172,2.5732240676879883,3,MIMAROPA Region,91.97554524739583,3.2686864535013833,68.94585100809734,4.28312333424886,60.87378819783529,0.0,1.9551323254903157,103.89329274495442,269.30736287434894,79.86173248291016,6.197519620259603,89.99771881103516,4.085094769795735,57.85012563069662,0.0,0.0,87.40877532958984,236.11998494466147
MARINDUQUE,2013.0,"REYES, CARMENCITA ONGSIAKO",1,0.907071590423584,39.53919982910156,1.9513205289840698,3,MIMAROPA Region,136.75497690836588,6.644715944925944,119.91622161865234,14.189870357513428,66.31672922770183,0.0,23.121403959890205,125.55758158365886,312.48708089192706,91.93344116210938,4.1349382400512695,101.85915883382161,4.220077832539876,59.663551330566406,0.0,1.5707032283147175,102.18328603108723,266.7837320963542
MARINDUQUE,2016.0,"REYES, CARMENCITA ONGSIAKO",1,0.9348075985908508,37.20413589477539,1.9344409704208374,3,MIMAROPA Region,121.14377339680989,4.241196711858113,135.11911265055338,9.734146277109781,65.53435516357422,0.0,0.0,133.89203135172525,340.1007385253906,129.52208455403647,7.4556013743082685,81.18777147928874,14.046691258748373,65.37556711832683,0.0,23.49477505683899,114.94154357910156,295.4642639160156
MARINDUQUE,2019.0,"VELASCO, PRESBITERO JR. JOSE",0,0.9273678064346313,42.31381607055664,1.5162943601608276,3,MIMAROPA Region,122.71990841627121,0.0,199.19702657063803,13.832131703694662,98.1447041829427,0.0,0.0,190.53087361653647,494.79566446940106,116.02140553792317,2.8713961442311606,126.29969787597656,7.395839691162109,67.6575101216634,0.0,0.011058000226815542,132.2861099243164,329.021484375
MARINDUQUE,2022.0,"VELASCO, PRESBITERO JR. JOSE",1,0.8928673267364502,101.11015319824219,2.2243216037750244,3,MIMAROPA Region,,,,,,,,,,105.01219560702641,1.5367638270060222,180.04155985514322,10.84761651357015,84.61181767781575,0.0,0.0,168.9713389078776,441.3855489095052
MASBATE,1998.0,"KHO, ANTONIO T.",0,0.9786728620529175,5.172222137451172,2.295135259628296,3,Bicol Region,27.81066640218099,1.224999984105428,122.23710632324219,0.4023333390553792,51.81889979044596,0.0,0.0,67.54414494832356,320.1319274902344,0.0,0.0,60.83300272623698,0.0,24.716954549153645,0.0,0.0,30.433508555094402,191.15709431966147
MASBATE,2001.0,"KHO, ANTONIO T.",1,0.932056188583374,9.560999870300293,1.8541748523712158,3,Bicol Region,95.13067626953125,4.199427127838135,189.70164998372397,2.106675863265991,83.30519104003906,0.0,0.0,88.26486714680989,389.7086893717448,0.0,0.0,96.08834838867188,0.0,45.07137807210287,0.0,0.0,58.607245127360024,285.4991200764974
MASBATE,2004.0,"KHO, ANTONIO T.",1,0.9199740290641785,12.829280853271484,1.9847451448440552,3,Bicol Region,106.22138214111328,3.673297961552938,226.5989023844401,2.250453074773153,99.83455149332683,0.0,5.963297526041667,108.49046834309895,445.0946960449219,91.79233296712239,3.5349999268849692,182.2163340250651,1.8023333549499512,78.6283353169759,0.0,0.0,85.08666737874348,379.03199259440106
MASBATE,2007.0,"KHO, ELISA TINGCUNGCO",1,0.979110836982727,11.295599937438965,1.9657288789749146,3,Bicol Region,131.26000213623047,3.610201676686605,99.94790649414062,3.192478815714518,135.15014139811197,0.0,0.9218147993087769,201.19580586751303,522.1436360677084,100.0008061726888,4.702561616897583,204.2657216389974,2.150291124979655,92.28421529134114,0.0,5.963297526041667,91.44876352945964,414.57244873046875
MASBATE,2010.0,"LANETE, RIZALINA SEACHON",0,0.8981742262840271,55.16423797607422,1.9286807775497437,3,Bicol Region,166.69981892903647,10.545929590861002,138.45659383138022,24.115296522776287,165.70339711507162,0.0,2.056248744328817,162.9197998046875,539.8128560384115,121.15766906738281,3.2790319124857583,136.1324462890625,2.7023836771647134,128.9359588623047,0.0,0.3667094310124715,180.43412272135416,517.6139933268229
MASBATE,2013.0,"LANETE, RIZALINA SEACHON",1,0.9197323322296143,64.8031997680664,2.1052446365356445,3,Bicol Region,201.26431783040366,8.41497802734375,223.74456787109375,36.06943893432617,143.20089213053384,0.0,3.128185431162516,201.59555053710938,570.3168131510416,154.28437296549478,7.4103678067525225,174.90501403808594,11.345360358556112,121.20679728190105,0.0,1.8649136225382488,172.05816650390625,477.92543538411456
MASBATE,2016.0,"KHO, ANTONIO TERO",0,0.9151967167854309,111.47235870361328,3.0260770320892334,3,Bicol Region,263.90582275390625,21.9719451268514,312.20689392089844,24.988691012064617,447.42677815755206,0.0,1.3404491742451985,337.24744669596356,1096.881103515625,206.22522481282553,10.640039761861166,169.6459757486979,39.57062784830729,189.11092376708984,0.0,3.303138097127279,194.20266723632812,621.5048828125
MASBATE,2019.0,"KHO, ANTONIO TERO",1,0.9444982409477234,90.19286346435547,1.4588489532470703,3,Bicol Region,388.05688711007434,4.387161652247111,526.1821085611979,19.57418378194173,892.4173380533854,0.34495703379313153,1.5907736010849476,605.6209309895834,2150.135213216146,203.7840321858724,11.105571428934732,247.4258015950521,31.392743746439617,344.75223541259766,0.0,1.1434577306111653,243.39676411946616,835.6495564778646
MASBATE,2022.0,"KHO, ANTONIO TERO",1,0.9125128388404846,135.8936309814453,1.7385475635528564,3,Bicol Region,,,,,,,,,,309.31155629952747,15.395986318588257,456.31028238932294,17.455782572428387,634.5034993489584,0.34495703379313153,1.5738660680751007,556.6392720540365,1721.2854410807292
MISAMIS OCCIDENTAL,1995.0,"GARCIA, FLORENCIO LABASTIDA",0,0.8940363526344299,14.753026962280273,2.000195026397705,3,Northern Mindanao,0.0,0.0,60.843868255615234,0.0,31.330324172973633,0.0,0.0,46.113990783691406,175.07013956705728,0.0,0.0,26.7269770304362,0.0,11.938044230143229,0.0,0.0,12.637001037597656,62.792676289876304
MISAMIS OCCIDENTAL,1998.0,"CLARETE, ERNIE D. ",0,0.939146101474762,11.343282699584961,2.568877935409546,3,Northern Mindanao,23.42926788330078,1.0032546520233154,113.90771357218425,2.695431709289551,40.37194315592448,0.0,0.0,78.89624913533528,241.4592081705729,0.0,0.0,61.082557678222656,0.0,28.1461664835612,0.0,0.0,39.70900026957194,168.35897318522134
MISAMIS OCCIDENTAL,2001.0,"OCAMPOS, LORETO LEO S.",0,0.9332400560379028,18.36319351196289,1.673944115638733,3,Northern Mindanao,82.19066874186198,2.6428064505259194,204.43353780110678,4.887946764628093,48.33048884073893,0.0,0.0,114.71212005615234,307.26877848307294,0.0,0.0,64.63764190673828,0.0,36.45759582519531,0.0,0.0,53.8027229309082,202.9930165608724
MISAMIS OCCIDENTAL,2004.0,"OCAMPOS, LORETO LEO S.",1,0.8528263568878174,51.58687973022461,1.0875309705734253,3,Northern Mindanao,104.15151468912761,3.4605065981547036,255.89517720540366,5.021993160247803,53.551858266194664,0.0,0.0,143.26116180419922,384.50046793619794,74.13132222493489,2.714608351389567,195.37914530436197,5.899242560068767,46.95825322469076,0.0,0.0,112.63397725423177,288.5064290364583
MISAMIS OCCIDENTAL,2007.0,"OCAMPOS, LORETO LEO S.",1,0.867624819278717,58.418785095214844,1.0564576387405396,3,Northern Mindanao,78.32862091064453,4.149300257364909,47.29779561360677,5.2927680015563965,96.29633712768555,0.0,0.0,226.73104349772134,443.6700439453125,98.20713551839192,3.157597064971924,237.3216349283854,4.900590737660726,51.624900817871094,0.0,0.0,131.05631256103516,351.6589864095052
MISAMIS OCCIDENTAL,2010.0,"RAMIRO, HERMINIA DE MESA",0,0.8152714371681213,122.25872802734375,2.0169878005981445,3,Northern Mindanao,10.147258122762045,3.176321188608805,20.25652535756429,6.93294636408488,177.47595723470053,0.0,0.0,317.3414306640625,515.7554931640625,112.02449798583984,4.175057093302409,136.89679718017578,4.975253899892171,57.2930539449056,0.0,0.0,197.40597534179688,441.61778767903644
MISAMIS OCCIDENTAL,2013.0,"RAMIRO, HERMINIA DE MESA",1,0.768388569355011,139.50244140625,1.0885968208312988,3,Northern Mindanao,24.389694213867188,11.69730281829834,38.419122060139976,9.975403785705566,293.18207295735675,0.0,0.0,520.421152750651,861.6022338867188,13.884374618530273,4.384926637013753,25.307907104492188,7.038606643676758,179.98543294270834,0.0,0.0,303.86533610026044,509.8409423828125
MISAMIS OCCIDENTAL,2016.0,"RAMIRO, HERMINIA DEMESA",1,0.7380130290985107,217.86050415039062,1.0265381336212158,3,Northern Mindanao,19.700568517049152,6.918354193369548,42.20998891194662,15.59106731414795,345.82981363932294,0.0,0.0,378.76954142252606,775.9962158203125,18.464993794759113,9.618172327677408,27.655489285786945,7.215601921081543,249.5708465576172,0.0,0.0,451.0503743489583,737.8558959960938
MISAMIS OCCIDENTAL,2019.0,"TAN, PHILIP TIU",0,0.7138082385063171,236.35134887695312,1.666811466217041,3,Northern Mindanao,14.39733632405599,10.0,64.22839482625325,25.975545247395832,413.76361083984375,0.0,0.0,819.808339436849,1299.458028157552,18.936381657918293,5.817039330800374,39.233299255371094,14.479879379272461,316.2812194824219,0.0,0.0,431.83448282877606,793.5251871744791
MISAMIS OCCIDENTAL,2022.0,"OAMINAL, HENRY SEVILLA",0,0.9061615467071533,187.21241760253906,1.406829833984375,3,Northern Mindanao,,,,,,,,,,13.887555440266928,8.180445353190104,54.799669901529946,18.87615458170573,399.86766560872394,0.0,0.0,604.9725240071615,1064.228006998698
MISAMIS ORIENTAL,1992.0,"EMANO, VICENTE Y.",0,0.5119674801826477,41.36555862426758,1.9413018226623535,3,Northern Mindanao,0.0,0.0,47.22251955668131,0.0,49.656773249308266,0.0,0.0,23.231658935546875,222.40760294596353,,,,,,,,,
MISAMIS ORIENTAL,1995.0,"EMANO, VICENTE YAP",1,0.5409376621246338,113.79611206054688,1.8757539987564087,3,Northern Mindanao,0.0,0.0,98.25192260742188,0.0,80.95099131266277,0.0,0.0,43.87755839029948,349.62990315755206,0.0,0.0,29.465645790100098,0.0,35.831563313802086,0.0,0.0,19.72000026702881,161.64202626546225
MISAMIS ORIENTAL,1998.0,"CALINGIN, ANTONIO P.",0,0.49963250756263733,205.35549926757812,2.098069429397583,3,Northern Mindanao,22.882619222005207,8.57625643412272,144.93069712320963,11.743785858154297,122.95178985595703,0.0,0.0,66.0094108581543,411.1471455891927,0.0,0.0,82.29728190104167,0.0,67.07482401529948,0.0,0.0,34.87684758504232,302.3848164876302
MISAMIS ORIENTAL,2001.0,"CALINGIN, ANTONIO P.",1,0.6244904398918152,98.71076965332031,1.8239357471466064,3,Northern Mindanao,53.73580678304037,20.098904927571613,229.81637064615884,1.6486382087071736,85.0222905476888,0.0,0.0,154.33301289876303,394.2811686197917,0.0,0.0,109.02327982584636,0.0,86.94954172770183,0.0,0.0,54.090658823649086,380.5111999511719
MISAMIS ORIENTAL,2004.0,"MORENO, OSCAR SERIÑA",0,0.8561781048774719,61.58216094970703,1.5104833841323853,3,Northern Mindanao,30.585046132405598,31.08859380086263,239.57128397623697,1.4870808124542236,134.52487182617188,0.0,0.0,176.41056315104166,497.85826619466144,67.78059387207031,22.975456873575848,235.13702901204428,12.804711937904358,118.2969462076823,0.0,0.0,131.57625834147134,422.6586608886719
MISAMIS ORIENTAL,2007.0,"MORENO, OSCAR SERIÑA",1,0.7787907719612122,123.7073974609375,1.5092928409576416,3,Northern Mindanao,30.67512385050456,30.656339645385742,44.18760426839193,2.0733056465784707,187.04798889160156,0.0,0.0,370.60850524902344,675.5072631835938,29.62469991048177,27.896690368652344,223.83501180013022,1.5474150975545247,118.49785614013672,0.0,0.0,164.76620483398438,449.3848368326823
MISAMIS ORIENTAL,2010.0,"MORENO, OSCAR SERIÑA",1,0.709851861000061,254.25489807128906,1.3584750890731812,3,Northern Mindanao,37.15872065226237,19.031806310017902,42.75336170196533,5.2905692259470625,215.99102274576822,0.0,0.0,414.3310953776042,705.3731486002604,29.36826451619466,30.20306396484375,105.8585688273112,1.6864068110783894,176.87806193033853,0.0,0.0,262.8217061360677,597.027587890625
MISAMIS ORIENTAL,2013.0,"EMANO, YEVGENY VINCENTE",0,0.7547531723976135,254.75302124023438,1.8917982578277588,3,Northern Mindanao,41.420998891194664,21.737959543863933,69.11771647135417,12.29388952255249,317.71567789713544,0.0,0.0,596.8064168294271,995.1231892903646,35.12124252319336,22.79147211710612,61.87797419230143,3.965261618296305,208.15935262044272,0.0,0.0,472.93409220377606,756.7357991536459
MISAMIS ORIENTAL,2016.0,"EMANO, YEVGENY VINCENTE BEJA",1,0.7949941158294678,285.4001770019531,1.7207179069519043,3,Northern Mindanao,105.21318944295247,30.865354537963867,161.96311950683594,25.884581247965496,482.2842508951823,0.0,0.0,670.4396769205729,1322.8551432291667,40.259910583496094,20.704166412353516,48.87360986073812,12.972396691640219,287.4931945800781,0.0,0.0,485.5416768391927,852.2763264973959
MISAMIS ORIENTAL,2019.0,"EMANO, YEVGENY VINCENTE BEJA",1,0.7636153101921082,453.7371826171875,1.8153595924377441,3,Northern Mindanao,489.1973876953125,29.50933074951172,646.5740661621094,35.495435078938804,356.2223714192708,9.707654317220053,0.0,843.791748046875,1867.3037516276042,75.46135330200195,22.07663917541504,115.91957346598308,18.381587346394856,390.74498494466144,0.0,0.0,661.7105712890625,1178.813232421875
MISAMIS ORIENTAL,2022.0,"UNABIA, PETER MAMAWAG",0,0.7886839509010315,456.10888671875,2.2763073444366455,3,Northern Mindanao,,,,,,,,,,288.6541341145833,30.162391662597656,433.1463877360026,26.81178855895996,475.618896484375,4.853827158610026,0.0,777.4484252929688,1699.100341796875
MOUNTAIN,1992.0,"DALOG, MAXIMO B.",0,0.9757289886474609,0.7177510261535645,4.3450398445129395,3,CAR,0.0,0.0,27.697482109069824,0.0,13.844668706258139,0.0,0.0,11.368176142374674,76.84154001871745,,,,,,,,,
MOUNTAIN,1998.0,"MAYAEN, LEONARD G.",0,0.9394943714141846,8.169371604919434,2.6943976879119873,3,CAR,16.20605977376302,0.2286798357963562,72.413818359375,0.9827099641164144,32.41556930541992,0.0,0.0,39.29521942138672,167.76268005371094,0.0,0.0,43.914618174235024,0.0,18.761751810709637,0.0,0.0,15.821296691894531,103.35291544596355
MOUNTAIN,2001.0,"MALINIAS, SARIO M.",0,0.9704232215881348,5.636686325073242,3.5303256511688232,3,CAR,49.790818532307945,0.5701549251874288,114.7652104695638,1.491313378016154,36.94770812988281,0.0,0.5583805243174235,62.35454432169596,177.55057779947916,0.0,0.0,53.433404286702476,0.0,28.269642512003582,0.0,0.0,33.14675776163737,156.74214680989584
MOUNTAIN,2004.0,"DALOG, MAXIMO B.",0,0.9685150980949402,6.750462532043457,3.100672960281372,3,CAR,65.50126393636067,1.0398718913396199,146.4519500732422,1.836437185605367,40.10043716430664,0.0,0.0,78.07437896728516,246.96678161621094,50.363487243652344,0.6200101772944132,112.87062327067058,2.141070326169332,36.81466166178385,0.0,0.5583805243174235,59.18767547607422,183.60018412272134
MOUNTAIN,2007.0,"DALOG, MAXIMO B.",1,0.8943670392036438,26.786102294921875,2.394178628921509,3,CAR,79.2013651529948,1.152187744776408,58.5625966389974,3.0118557612101235,48.004573822021484,0.0,0.0,112.90406036376953,265.4701843261719,57.37911860148112,0.8338438272476196,128.87043253580728,1.5069677035013835,37.39674377441406,0.0,0.0,69.15050379435222,211.5626424153646
MOUNTAIN,2010.0,"MAYAEN, LEONARD G.",0,0.8619825839996338,46.76750946044922,3.718463659286499,3,CAR,107.48043823242188,2.09295117855072,73.88275988896687,6.188728014628093,76.38843282063802,0.0,0.0,152.04744974772134,348.5123596191406,75.44903055826823,0.9284704923629761,83.92903900146484,2.3019922574361167,45.15606816609701,0.0,0.0,104.62813822428386,265.8418273925781
MOUNTAIN,2013.0,"MAYAEN, LEONARD G.",1,0.8539222478866577,71.80812072753906,1.8782466650009155,3,CAR,165.64659881591797,10.962042888005575,137.24024709065756,23.20108477274577,92.74027506510417,0.0,1.6880470911661785,171.4525146484375,413.14551798502606,93.67456309000652,2.13590935866038,100.83287302652995,5.022400856018066,63.60367075602213,0.0,0.0,139.55763498942056,307.6648254394531
MOUNTAIN,2016.0,"MAYAEN, LEONARD GABAS",1,0.8676007986068726,86.07402801513672,1.0,3,CAR,190.95080057779947,9.16720167795817,222.07040405273438,21.952396710713703,105.44898986816406,0.0,0.0,198.45296223958334,545.3761901855469,156.7071304321289,10.519041419029236,85.84682289759319,23.069488366444904,95.51107279459636,0.0,1.6880470911661785,160.21078491210938,392.8597005208333
MOUNTAIN,2019.0,"LACWASAN, BONIFACIO JR. CALDE",0,0.8737343549728394,108.47956085205078,2.7424516677856445,3,CAR,175.71187337239584,2.8404563069343567,298.8067881266276,56.360486348470054,145.95501200358072,0.0,0.0,287.4340006510417,746.4370727539062,175.71180725097656,8.401745557785034,198.90889994303384,14.795342763264975,91.11643981933594,0.0,0.0,183.17699686686197,490.46274820963544
MOUNTAIN,2022.0,"LACWASAN, BONIFACIO JR. CALDE",1,0.9075925946235657,125.32942962646484,1.1198492050170898,3,CAR,,,,,,,,,,153.34814453125,3.302577714125315,264.0887044270833,43.54400952657064,132.9049326578776,0.0,0.0,272.5064951578776,684.7939249674479
NEGROS OCCIDENTAL,1995.0,"COSCOLLUELA, RAFAEL LUZ",0,0.641564667224884,198.70729064941406,1.7380436658859253,3,Western Visayas,0.0,0.0,131.95508257548013,0.0,118.30846532185872,0.0,0.0,86.32824389139812,452.8058802286784,0.0,0.0,75.96471786499023,0.0,37.85577646891276,0.0,0.0,48.44724909464518,216.71766662597656
NEGROS OCCIDENTAL,1998.0,"COSCOLLUELA, RAFAEL LUZ",1,0.9100931286811829,8.505705833435059,1.2349448204040527,3,Western Visayas,67.13300069173177,7.112333297729492,401.47910563151044,27.05633290608724,136.15068817138672,2.9890000025431314,8.163000106811523,226.95308430989584,836.2374267578125,0.0,0.0,176.3491668701172,0.0,138.34842427571616,0.0,0.0,98.58254623413086,633.7756958007812
NEGROS OCCIDENTAL,2001.0,"MARAÑON, JOSEPH GALICIA",0,0.8490291833877563,127.7979965209961,1.686347484588623,3,Western Visayas,141.6085408528646,55.6767832438151,422.8801676432292,20.55518690745036,214.68187459309897,0.0,6.679463227589925,198.36019897460938,1079.2357788085938,0.0,0.0,158.8178908030192,0.0,85.39961369832356,0.0,0.0,95.53101793924968,540.5354537963867
NEGROS OCCIDENTAL,2004.0,"MARAÑON, JOSEPH GALICIA",1,0.7496925592422485,142.2020263671875,1.2218986749649048,3,Western Visayas,29.808300018310547,48.26279067993164,265.48492940266925,12.499889691670736,374.19776407877606,0.0,2.4804299687578655,172.43352254231772,1279.6796061197917,196.78523763020834,44.70404370625814,581.7359212239584,42.947853088378906,159.19135030110678,2.9890000025431314,13.227300008138021,281.08250427246094,1013.1246541341146
NEGROS OCCIDENTAL,2007.0,"MARAÑON, JOSEPH GALICIA",1,0.7207176089286804,435.0719909667969,1.0207531452178955,3,Western Visayas,45.35899988810221,45.61953608194987,96.78097534179688,32.34656620025635,562.4387410481771,0.0,0.0003499999875202775,483.1670430501302,1389.2508544921875,32.6983273824056,53.130836486816406,269.9444936116536,12.902733167012533,348.4000956217448,0.0,4.0952432950337725,167.1173553466797,1236.0989990234375
NEGROS OCCIDENTAL,2010.0,"MARAÑON, ALFREDO JR GALICIA",1,0.8627419471740723,239.87940979003906,1.7071292400360107,3,Western Visayas,90.17073822021484,69.3961664835612,174.69974263509116,61.47339121500651,919.7838745117188,0.0,7.622575245797634,678.9058837890625,1857.7731526692708,36.56492360432943,41.292198181152344,134.94971211751303,21.313503901163738,457.3993733723958,0.0,0.000699999975040555,349.302001953125,1329.5947672526042
NEGROS OCCIDENTAL,2013.0,"MARAÑON, ALFREDO JR GALICIA",1,0.651997447013855,330.19586181640625,1.676521897315979,3,Western Visayas,176.63063049316406,51.258811155954994,221.27147420247397,52.2274112701416,1235.2716267903645,0.0,0.0,743.4457397460938,2248.5049641927085,80.14247258504231,60.89119974772135,200.82149251302084,52.190423329671226,834.2214152018229,0.0,7.597397486368815,648.0171101888021,1702.3976643880208
NEGROS OCCIDENTAL,2016.0,"MARAÑON, ALFREDO JR. GALICIA",1,0.6217500567436218,1041.6917724609375,1.0,3,Western Visayas,768.9986953735352,93.15737406412761,997.3858642578125,135.22979990641275,676.1443074544271,0.0,0.0,698.4132690429688,2424.8197428385415,179.02696482340494,51.57791566848755,186.00256856282553,68.18101946512859,1243.9608357747395,0.0,0.02517775942881902,745.5782063802084,2279.43017578125
NEGROS OCCIDENTAL,2019.0,"LACSON, EUGENIO JOSE VILLARREAL",0,0.8441418409347534,586.2931518554688,1.0548681020736694,3,Western Visayas,881.1107584635416,63.4227040608724,1626.7541097005208,36.77306111653646,451.98573811848956,0.0,0.0,1084.5984700520833,3233.743408203125,421.8057581583659,85.16881815592448,628.3675282796224,121.39293924967448,855.2652486165365,0.0,0.0,634.4822387695312,2162.8766276041665
NEGROS OCCIDENTAL,2022.0,"LACSON, EUGENIO JOSE VILLARREAL",1,0.9188112020492554,477.50360107421875,1.0816166400909424,3,Western Visayas,,,,,,,,,,813.2406005859375,65.43013509114583,1564.9649658203125,40.84663645426432,437.9142761230469,0.0,0.0,956.4879964192709,3031.176513671875
NEGROS ORIENTAL,1995.0,"MACIAS, EMILIO II CABRERA",0,0.8652740120887756,34.279258728027344,1.0,3,Central Visayas,0.0,0.0,148.77265167236328,0.0,74.77071889241536,0.0,0.0,35.04775937398275,371.9326680501302,0.0,0.0,51.18683783213297,0.0,38.205037434895836,0.0,0.0,19.097248077392578,155.57774607340494
NEGROS ORIENTAL,1998.0,"ARNAIZ, GEORGE P.",0,0.8422204852104187,61.62631607055664,1.847404956817627,3,Central Visayas,63.56304931640625,8.148588180541992,234.78707377115884,3.0042381286621094,94.96903228759766,0.0,0.0,89.18326059977214,470.83104451497394,0.0,0.0,124.76900990804036,0.0,69.18346659342448,0.0,0.0,28.920543034871418,321.05194600423175
NEGROS ORIENTAL,2001.0,"ARNAIZ, GEORGE P.",1,0.8632740378379822,66.69222259521484,1.7456798553466797,3,Central Visayas,210.62755330403647,24.25514539082845,400.37188720703125,12.838906288146973,122.57411702473958,0.0,0.02623733381430308,152.62403869628906,587.1405436197916,0.0,0.0,176.90241495768228,0.0,82.30543518066406,0.0,0.0,64.0999361673991,436.6233418782552
NEGROS ORIENTAL,2004.0,"ARNAIZ, GEORGE P.",1,0.8229458928108215,99.92618560791016,1.0151203870773315,3,Central Visayas,269.47881571451825,26.751431783040363,537.7056376139323,17.318350791931152,126.18717956542969,0.0,0.0,224.15704854329428,779.1509806315104,197.44745890299478,26.92769432067871,379.75621541341144,9.415726661682129,123.89852650960286,0.0,0.02623733381430308,145.93909200032553,552.1236572265625
NEGROS ORIENTAL,2007.0,"MACIAS, EMILIO II CABRERA",0,0.8292148113250732,153.50469970703125,1.0217362642288208,3,Central Visayas,331.0170186360677,26.03792381286621,272.9494323730469,34.761741638183594,143.13563537597656,0.0,0.0,346.2570393880208,928.4815266927084,243.5969492594401,22.92522684733073,461.3440653483073,16.80577500661214,117.4223149617513,0.0,0.0,178.01611836751303,675.8135172526041
NEGROS ORIENTAL,2010.0,"MACIAS, EMILIO II CABRERA",1,0.7897688746452332,240.13699340820312,1.956078052520752,3,Central Visayas,413.3945821126302,25.01852544148763,283.0917828877767,25.57635275522868,144.09178670247397,0.0,0.0,309.7984619140625,922.5068766276041,306.73374430338544,24.081942240397137,330.9894612630208,26.85885492960612,138.39828491210938,0.0,0.0,295.8378397623698,886.4549763997396
NEGROS ORIENTAL,2013.0,"DEGAMO, ROEL RAGAY",0,0.8147554993629456,260.48760986328125,2.60186505317688,3,Central Visayas,290.3814760843913,17.188847541809082,478.81298828125,23.973430395126343,163.97108459472656,0.0,0.0,386.9482116699219,1030.668680826823,369.2628682454427,26.419082005818684,425.49671427408856,29.814775149027508,137.53128560384116,0.0,0.0,379.9412536621094,946.823974609375
NEGROS ORIENTAL,2016.0,"DEGAMO, ROEL RAGAY",1,0.8370236754417419,311.6641540527344,1.6822216510772705,3,Central Visayas,620.9797973632812,24.338520685831707,702.0163981119791,56.69807561238607,204.7190399169922,0.0,0.0,328.6919453938802,1249.0639241536458,314.6780865987142,18.47787062327067,321.9265505472819,22.39902726809184,162.55523173014322,0.0,0.0,333.8137512207031,1000.9020792643229
NEGROS ORIENTAL,2019.0,"DEGAMO, ROEL RAGAY",1,0.8203738331794739,453.0128173828125,1.2888565063476562,3,Central Visayas,456.3582356770833,14.183100382486979,808.8119099934896,75.31248474121094,245.9497324625651,0.0,0.0,423.4740295410156,1487.6216227213542,551.6545817057291,24.91246287027995,629.8266296386719,53.259586334228516,190.1858876546224,0.0,0.0,328.9656575520833,1158.3537190755208
NEGROS ORIENTAL,2022.0,"DEGAMO, ROEL RAGAY",1,0.9040749073028564,352.290771484375,2.1361165046691895,3,Central Visayas,,,,,,,,,,444.2477213541667,15.086254119873047,775.5656534830729,53.27359263102213,233.01135762532553,0.0,0.0,405.67198689778644,1425.1988525390625
NORTHERN SAMAR,1992.0,"ABAYON, HARLIN C.",0,0.9204427599906921,4.0774922370910645,1.855614185333252,3,Eastern Visayas,0.0,0.0,39.63300387064616,0.0,18.219009399414062,0.0,0.0,21.76263999938965,125.93997955322266,,,,,,,,,
NORTHERN SAMAR,1995.0,"ABAYON, HARLIN CASTILLO",1,0.9434801340103149,7.958703994750977,1.892725944519043,3,Eastern Visayas,0.0,0.0,70.85990397135417,0.0,21.113574981689453,0.0,0.0,27.463186899820965,188.8236287434896,0.0,0.0,25.240081151326496,0.0,16.861409187316895,0.0,0.0,17.653257369995117,92.77322514851888
NORTHERN SAMAR,1998.0,"ONG, MADELEINE M.",0,0.9213255047798157,18.185266494750977,1.9489609003067017,3,Eastern Visayas,49.3106689453125,5.259000142415364,267.0622253417969,6.548333485921224,53.52964782714844,0.0,8.559000015258789,168.84550984700522,386.42620340983075,0.0,0.0,59.453904469807945,0.0,19.369213104248047,0.0,0.0,26.00445302327474,168.8893585205078
NORTHERN SAMAR,2001.0,"DAZA, RAUL AGUILA",0,0.9133970141410828,55.39099884033203,1.7866246700286865,3,Eastern Visayas,124.80354817708333,2.661400238672892,227.23727416992188,3.711921532948812,38.078999837239586,0.0,0.0,96.06041208902995,353.07354736328125,0.0,0.0,94.51160430908203,0.0,33.94884236653646,0.0,0.0,49.45235252380371,233.32941182454428
NORTHERN SAMAR,2004.0,"DAZA, RAUL AGUILA",1,0.9058064818382263,17.207345962524414,1.3513929843902588,3,Eastern Visayas,125.61251831054688,4.42771848042806,242.07173665364584,4.889264504114787,40.97544733683268,0.0,0.0,107.14223734537761,431.69407145182294,128.5356699625651,6.978000164031982,349.8436635335286,9.060333490371704,53.65600077311198,0.0,8.559000015258789,196.71066538492838,460.40868123372394
NORTHERN SAMAR,2007.0,"DAZA, RAUL AGUILA",1,0.9438857436180115,26.422178268432617,1.9670096635818481,3,Eastern Visayas,172.4645792643229,5.711958885192871,136.05975850423178,6.717490990956624,51.744378407796226,0.0,0.0,247.895627339681,548.3389383951823,126.46158345540364,3.2088143825531006,234.59663899739584,4.145703951517741,37.93742116292318,0.0,0.0,100.7805404663086,388.22430419921875
NORTHERN SAMAR,2010.0,"DAZA, PAUL RUIZ",1,0.9358619451522827,37.95840072631836,1.7437686920166016,3,Eastern Visayas,210.1341756184896,22.786720911661785,173.81206035614014,28.39068063100179,85.66227722167969,0.19879875580469766,0.005702666938304901,245.08365376790366,597.0882161458334,156.32909138997397,5.815014680226644,155.72982788085938,6.6902211507161455,45.532693227132164,0.0,0.0,181.55653381347656,523.5333658854166
NORTHERN SAMAR,2013.0,"ONG, JOSE JR. LAO",0,0.8033385872840881,86.18958282470703,1.7491358518600464,3,Eastern Visayas,296.90468343098956,5.851801077524821,341.0400695800781,45.202452659606934,278.73572031656903,0.0,0.0,352.70888264973956,972.6148071289062,194.08289591471353,14.261707305908203,234.59684244791666,26.252242883046467,84.94916152954102,0.0,0.0,252.14671325683594,576.3134358723959
NORTHERN SAMAR,2016.0,"ONG, JOSE JR. LAO",1,0.8551880717277527,172.33981323242188,1.4435067176818848,3,Eastern Visayas,338.98683675130206,5.009536902109782,353.92125447591144,9.924901008605957,95.59937795003255,0.0,0.0,371.9690450032552,858.8615112304688,264.5700378417969,13.93739652633667,227.9542112350464,43.86516125996908,107.0040283203125,0.19879875580469766,0.005702666938304901,331.19256591796875,754.0602823893229
NORTHERN SAMAR,2019.0,"ONGCHUAN, EDWIN MARINO CO",0,0.8272238969802856,273.5960998535156,1.0,3,Eastern Visayas,328.8163248697917,13.446600596110025,571.3746337890625,72.50655110677083,97.6435317993164,0.0,0.0,451.27695719401044,1144.6205647786458,318.61216227213544,5.852491855621338,336.01951090494794,11.554865837097168,257.22499593098956,0.0,0.0,345.99143473307294,965.3530476888021
NORTHERN SAMAR,2022.0,"ONGCHUAN, EDWIN MARINO CO",1,0.9183395504951477,189.36343383789062,1.1079593896865845,3,Eastern Visayas,,,,,,,,,,294.0337320963542,8.37801202138265,499.08668009440106,40.06979179382324,94.99598948160808,0.0,0.0,438.14426676432294,1060.6368001302083
NUEVA ECIJA,1992.0,"JOSON, TOMAS III N.",0,0.8725196719169617,12.231049537658691,1.8398724794387817,3,Central Luzon,0.0,0.0,87.60193761189778,0.0,52.50306065877279,0.0,0.0,68.9232177734375,276.11191813151044,,,,,,,,,
NUEVA ECIJA,1995.0,"JOSON, EDUARDO NONATO N.",1,0.7102370262145996,103.13671112060547,1.689039707183838,3,Central Luzon,0.0,0.0,145.0907185872396,0.0,58.798834482828774,0.0,0.0,60.6661122639974,443.2490539550781,0.0,0.0,58.634572982788086,0.0,30.487430572509766,0.0,0.0,40.081411361694336,181.4637908935547
NUEVA ECIJA,1998.0,"JOSON, TOMAS III N.",1,0.7749524712562561,112.08242797851562,1.3558059930801392,3,Central Luzon,44.76862589518229,3.595043500264486,261.5599873860677,9.349413553873697,49.93698247273763,0.0,40.0620371500651,99.61605834960938,728.7187093098959,0.0,0.0,132.51705169677734,0.0,64.56115595499675,0.0,0.0,76.29414367675781,384.9947001139323
NUEVA ECIJA,2001.0,"JOSON, TOMAS III N.",1,0.5507910251617432,45.991451263427734,1.5053324699401855,3,Central Luzon,141.51482645670572,21.110088348388672,405.03502400716144,58.49177932739258,85.26882612705231,0.0,26.5493901570638,157.36892700195312,724.589599609375,0.0,0.0,170.53567504882812,0.0,71.4393793741862,0.0,0.0,79.45677185058594,617.2893269856771
NUEVA ECIJA,2004.0,"JOSON, TOMAS III N.",1,0.91871178150177,60.24300003051758,1.8561081886291504,3,Central Luzon,149.97720845540366,33.57486788431803,541.6373494466146,53.943442026774086,102.89553324381511,0.0,0.0,304.14183044433594,944.9359334309896,138.80611673990884,19.089131991068523,425.1968485514323,52.8448600769043,50.729775071144104,0.0,66.6114273071289,147.84530639648438,789.6319376627604
NUEVA ECIJA,2007.0,"UMALI, AURELIO MATIAS",0,0.8623324632644653,144.5579071044922,1.7235323190689087,3,Central Luzon,74.16117986043294,64.22983932495117,108.96246846516927,44.880594889322914,242.1696345011393,0.0,0.0,353.39585367838544,836.0068359375,146.901123046875,27.19676399230957,470.32427978515625,57.17815653483073,102.17670440673828,0.0,0.0,239.0482432047526,896.4136962890625
NUEVA ECIJA,2010.0,"UMALI, AURELIO MATIAS",1,0.8564136624336243,203.66908264160156,1.6281083822250366,3,Central Luzon,38.88414510091146,67.94986724853516,137.25362141927084,62.96684773763021,398.42737833658856,0.0,0.0,454.63086954752606,1030.0809733072917,112.73368072509766,52.43716939290365,251.57084147135416,43.40320714314779,169.2908681233724,0.0,0.0,355.1553243001302,838.3607381184896
NUEVA ECIJA,2013.0,"UMALI, AURELIO MATIAS",1,0.8283519148826599,280.22515869140625,1.607040286064148,3,Central Luzon,87.25005722045898,68.60862731933594,231.008176167806,137.9803263346354,553.5726216634115,0.0,1.3589717547098796,671.0407918294271,1469.1067301432292,35.93193689982096,74.12253061930339,153.76904805501303,43.71458180745443,351.4429423014323,0.0,0.0,392.30469767252606,905.1696573893229
NUEVA ECIJA,2016.0,"UMALI, CZARINA DOMINGO",1,0.855406641960144,342.8161926269531,1.6171320676803589,3,Central Luzon,300.0634536743164,78.15713119506836,526.6325937906901,148.41200002034506,314.37025960286456,0.0,0.0,1183.7135416666667,2024.7163899739583,82.19527180989583,69.12136459350586,182.40152740478516,126.46296691894531,546.0630391438802,0.0,1.3589717547098796,587.3247680664062,1361.8201904296875
NUEVA ECIJA,2019.0,"UMALI, AURELIO MATIAS",1,0.8158972263336182,629.265380859375,2.0800533294677734,3,Central Luzon,314.54380289713544,64.24636840820312,1017.6871948242188,415.4285151163737,593.2481536865234,0.0,0.0,1576.7726643880208,3235.5221354166665,162.93405787150064,55.235188802083336,364.09471130371094,145.9254582722982,405.33460998535156,0.0,0.0,997.8998819986979,1767.3292236328125
NUEVA ECIJA,2022.0,"UMALI, AURELIO MATIAS",1,0.8929789662361145,547.589111328125,1.4447051286697388,3,Central Luzon,,,,,,,,,,314.3892110188802,72.14649963378906,869.5954182942709,259.59118906656903,412.44154866536456,0.0,0.0,1462.0712076822917,2768.0152180989585
NUEVA VIZCAYA,1992.0,"DUMLAO, PATRICIO G.",0,0.9213277101516724,3.43045711517334,2.0651931762695312,3,Cagayan Valley,0.0,0.0,36.01983515421549,0.0,30.279020309448242,0.0,0.0,28.65264129638672,124.6147944132487,,,,,,,,,
NUEVA VIZCAYA,1995.0,"AGBAYANI, RODOLFO QUIRINO",0,0.8324307203292847,24.65494155883789,1.4872779846191406,3,Cagayan Valley,0.0,0.0,33.122432708740234,0.0,46.67131423950195,0.0,0.0,57.18584442138672,163.3871815999349,0.0,0.0,26.53132502237956,0.0,22.051644643147785,0.0,0.0,20.998878479003906,84.83107503255208
NUEVA VIZCAYA,1998.0,"AGBAYANI, RODOLFO Q. ",1,0.9150257110595703,15.674226760864258,1.02028489112854,3,Cagayan Valley,15.36495844523112,1.108418385187785,87.75375874837239,1.042860746383667,58.97388458251953,0.0,0.0,90.29983520507812,240.4697519938151,0.0,0.0,28.490413029988606,0.0,43.922424952189125,0.0,0.0,48.116939544677734,151.0015614827474
NUEVA VIZCAYA,2001.0,"AGBAYANI, RODOLFO Q.",1,0.9128702282905579,23.757286071777344,1.0268067121505737,3,Cagayan Valley,19.919607321421307,5.748176733652751,133.613405863444,3.1770772139231362,68.80204264322917,0.0,0.0,104.76854197184245,246.20916239420572,0.0,0.0,49.30192184448242,0.0,55.05688730875651,0.0,0.0,77.26421864827473,226.36852010091147
NUEVA VIZCAYA,2004.0,"CUARESMA, LUISA LLOREN",0,0.9087201356887817,30.722999572753906,2.6435279846191406,3,Cagayan Valley,7.6756666501363116,29.13099988301595,171.52366638183594,4.663000027338664,87.48300170898438,0.0,0.0,130.0539983113607,350.2899983723958,32.69423246383667,4.448261817296346,142.38958485921225,3.041937987009684,55.723349253336586,0.0,0.0,102.2051518758138,241.02644856770834
NUEVA VIZCAYA,2007.0,"CUARESMA, LUISA LLOREN",1,0.8263524174690247,84.41100311279297,1.7361165285110474,3,Cagayan Valley,9.856181144714355,31.18604628245036,30.025787353515625,9.221560637156168,151.880490620931,0.0,0.0,245.3586680094401,505.95627848307294,7.381666660308838,16.851999759674072,141.8856658935547,3.1746666431427,80.19733428955078,0.0,0.0,114.47733052571614,265.521001180013
NUEVA VIZCAYA,2010.0,"CUARESMA, LUISA LLOREN",1,0.7627009749412537,180.43133544921875,1.5202264785766602,3,Cagayan Valley,75.49616559346516,38.132686614990234,55.79437669118246,19.844587008158367,197.5500030517578,0.0,0.0,289.6655680338542,620.6884969075521,9.005379358927408,41.21541976928711,91.57662963867188,7.561496734619141,124.57404073079427,0.0,0.0,203.85895792643228,503.12195841471356
NUEVA VIZCAYA,2013.0,"PADILLA, RUTH RAÑA",0,0.746862530708313,219.23545837402344,2.7071568965911865,3,Cagayan Valley,190.98857625325522,16.273334980010986,257.1485850016276,11.363735516866049,108.82870992024739,0.0,0.0,405.38196818033856,771.5481974283854,12.606600761413574,31.73628584543864,63.52831268310547,19.18542766571045,230.32095336914062,0.0,0.0,283.4762268066406,577.3254801432291
NUEVA VIZCAYA,2016.0,"PADILLA, CARLOS MAPILI",1,0.758289098739624,272.0356750488281,1.8333913087844849,3,Cagayan Valley,284.1577962239583,26.008809407552082,343.7570088704427,33.59040832519531,138.74795786539713,0.0,0.0,551.9378865559896,1036.6208089192708,179.60603841145834,21.260881265004475,172.57015641530356,10.859354019165039,101.0032475789388,0.0,0.0,361.83209228515625,713.0840454101562
NUEVA VIZCAYA,2019.0,"PADILLA, CARLOS MAPILI",1,0.7119178175926208,330.82379150390625,1.7368649244308472,3,Cagayan Valley,301.58164469401044,20.9983336130778,499.68651326497394,37.45901234944662,222.3351796468099,0.0,0.5,708.2420450846354,1437.4273274739583,264.3874867757161,22.340036392211914,316.38087972005206,29.653369267781574,128.32884216308594,0.0,0.0,509.6126708984375,956.0794474283854
NUEVA VIZCAYA,2022.0,"PADILLA, CARLOS MAPILI",1,0.8619258403778076,314.61041259765625,1.681105136871338,3,Cagayan Valley,,,,,,,,,,248.81836954752603,20.602254231770832,444.50913492838544,35.44098981221517,189.60780334472656,0.0,0.5,629.6523234049479,1268.0865071614583
OCCIDENTAL MINDORO,1992.0,"RAMIREZ, JOSEPHINE Y.",0,0.8287541270256042,10.724699020385742,2.0600411891937256,3,MIMAROPA,0.0,0.0,39.170553843180336,0.0,29.568361282348633,0.0,0.0,20.082370122273762,105.90450286865234,,,,,,,,,
OCCIDENTAL MINDORO,1998.0,"SATO, JOSEPHINE RAMIREZ",0,0.9270753264427185,16.181543350219727,1.362130880355835,3,MIMAROPA,28.384007771809895,0.998799721399943,138.22630818684897,1.4739359219868977,55.51693979899088,0.0,2.6480695406595864,96.30452092488606,289.25291442871094,0.0,0.0,58.550498962402344,0.0,28.759166717529297,0.0,0.0,31.3970947265625,169.56122589111328
OCCIDENTAL MINDORO,2001.0,"VILLAROSA, JOSE TAPALES",0,0.7997915744781494,22.52913475036621,1.980870246887207,3,MIMAROPA,89.11032358805339,11.307404200236002,261.0081532796224,4.164711872736613,65.57122294108073,0.0,15.116157213846842,141.30955505371094,379.5021158854167,0.0,0.0,79.96622212727864,0.0,49.330160776774086,0.0,0.0,60.36385981241862,243.5113779703776
OCCIDENTAL MINDORO,2004.0,"SATO, JOSEPHINE RAMIREZ",0,0.8913493752479553,43.92481994628906,1.70815908908844,3,Mimaropa Region,87.98154195149739,9.25031312306722,308.98427327473956,4.63529904683431,96.2200419108073,0.0,18.391716957092285,188.72539774576822,416.79820760091144,87.87208048502605,9.794300158818563,258.7359670003255,4.218842109044393,75.79317728678386,0.0,13.866547107696533,142.98419698079428,373.8825174967448
OCCIDENTAL MINDORO,2007.0,"SATO, JOSEPHINE RAMIREZ",1,0.9176064729690552,30.816211700439453,1.7217122316360474,3,Mimaropa Region,118.05005900065105,10.61283016204834,125.1116943359375,22.42971134185791,123.74723307291667,0.0,17.254191080729168,290.2013905843099,585.0155741373698,88.22771453857422,8.649493853251139,278.1631317138672,4.450074990590413,84.23197428385417,0.0,13.148133277893066,163.68770853678384,389.7338358561198
OCCIDENTAL MINDORO,2010.0,"SATO, JOSEPHINE RAMIREZ",1,0.9485328793525696,36.32841873168945,1.4786726236343384,3,MIMAROPA Region,155.06692504882812,10.409222920735678,181.81725438435873,34.1733029683431,129.261474609375,0.0,53.318519592285156,420.5934651692708,802.8242390950521,101.62443542480469,10.326878229777018,173.88055928548178,14.269221623738607,106.33194478352864,0.0,18.28252665201823,252.55471801757812,508.83005777994794
OCCIDENTAL MINDORO,2013.0,"MENDIOLA, MARIO GENE JARO",0,0.7382725477218628,271.14398193359375,1.769038200378418,3,MIMAROPA Region,193.90262349446616,17.093789100646973,323.2919006347656,34.16355069478353,125.13492584228516,13.474380493164062,66.5293763478597,459.7732442220052,914.9636433919271,144.09241231282553,10.701428731282553,236.17925516764322,31.222001393636067,122.7529805501302,0.0,50.163411458333336,336.8814188639323,695.8136596679688
OCCIDENTAL MINDORO,2016.0,"MENDIOLA, MARIO GENE JARO",1,0.9149248600006104,89.32392120361328,1.569866418838501,3,MIMAROPA Region,276.8538513183594,28.106658935546875,381.63621012369794,41.01846694946289,201.91834004720053,0.0,35.65722179412842,603.656494140625,1207.2325846354167,179.32969665527344,15.310031255086264,201.09691747029623,33.307729721069336,141.89227294921875,13.474380493164062,32.697614669799805,511.32912190755206,925.4703369140625
OCCIDENTAL MINDORO,2019.0,"GADIANO, EDUARDO BALTAZAR",0,0.8432806134223938,114.94657897949219,1.7445002794265747,3,MIMAROPA Region,350.1968180338542,15.870606740315756,599.0497639973959,39.52599589029948,220.99251302083334,0.0,20.214505513509113,740.3203125,1575.3853759765625,245.2586873372396,25.154163996378582,382.57508341471356,40.188714345296226,179.35281117757162,0.0,71.97351423899333,559.076182047526,1140.3546549479167
OCCIDENTAL MINDORO,2022.0,"GADIANO, EDUARDO BALTAZAR",1,0.9401655793190002,97.81548309326172,1.631988763809204,3,MIMAROPA Region,,,,,,,,,,278.04271443684894,15.778025309244791,530.3841044108073,44.43076705932617,197.76606241861978,0.0,18.890757878621418,656.8830973307291,1403.4263509114583
ORIENTAL MINDORO,1992.0,"VALENCIA, RODOLFO G.",0,0.880303144454956,6.831480979919434,1.771195888519287,3,MIMAROPA,0.0,0.0,38.9520263671875,0.0,31.605510075887043,0.0,0.0,28.402669270833332,169.5352045694987,,,,,,,,,
ORIENTAL MINDORO,1998.0,"VALENCIA, RODOLFO G.",1,0.8845112323760986,30.111717224121094,1.8169503211975098,3,MIMAROPA,25.45599873860677,1.9470000267028809,128.928342183431,1.3680000305175781,86.6526870727539,0.0,1.1766666571299236,102.42751057942708,327.82126871744794,0.0,0.0,55.28521982828776,0.0,44.333702087402344,0.0,0.0,48.0630989074707,222.97375996907553
ORIENTAL MINDORO,2001.0,"MARASIGAN, BARTOLOME SR. LAYA",0,0.9085667133331299,31.68000030517578,1.6344726085662842,3,MIMAROPA,81.15529123942058,9.820817947387695,257.68479410807294,4.842012723286946,96.92636362711589,0.0,3.928205728530884,157.93847147623697,393.287353515625,0.0,0.0,79.38057454427083,0.0,65.72034581502278,0.0,0.0,82.11747487386067,295.10271708170575
ORIENTAL MINDORO,2004.0,"MARASIGAN, BARTOLOME SR. LAYA",1,0.9109207987785339,39.31510925292969,1.7733666896820068,3,Mimaropa Region,83.2766825358073,15.50870132446289,309.5714823404948,7.6079379717508955,125.87083689371745,0.0,2.5759390195210776,200.60222371419272,442.87352498372394,79.76766459147136,8.130333423614502,243.5286661783854,4.467333475748698,102.6663335164388,0.0,4.177666664123535,146.9856719970703,380.32566324869794
ORIENTAL MINDORO,2007.0,"PANALIGAN, ARNAN CAPULONG",0,0.925552487373352,41.74712371826172,1.440738320350647,3,Mimaropa Region,167.49326833089194,25.98614756266276,187.44129943847656,28.661053975423176,124.67655436197917,0.8586141665776571,4.698687314987183,225.51859537760416,582.6256510416666,79.82933553059895,12.404617627461752,286.1872049967448,6.567493597666423,112.35172017415364,0.0,3.0623457431793213,184.3234100341797,413.20615641276044
ORIENTAL MINDORO,2010.0,"UMALI, ALFONSO JR. VILLAR",0,0.8936991691589355,60.16930389404297,1.999191403388977,3,MIMAROPA Region,199.41842651367188,26.976054509480793,204.34533818562826,55.03033447265625,110.02359263102214,1.9410544236501057,6.092262427012126,283.21385701497394,687.6564737955729,142.12472025553384,23.55251185099284,224.88226318359375,26.00784683227539,134.51902770996094,0.5100674231847128,2.542975584665934,217.9556681315104,548.1833292643229
ORIENTAL MINDORO,2013.0,"UMALI, ALFONSO JR. VILLAR",1,0.8392800092697144,107.8924331665039,1.0,3,MIMAROPA Region,155.88192749023438,23.17943795522054,266.5051015218099,25.61823081970215,108.42102559407552,5.987096786499023,8.844997723897299,308.7961730957031,691.0470581054688,176.09175618489584,32.76071294148763,262.9070587158203,45.8122755686442,111.7276382446289,2.2896011670430503,5.952712059020996,252.83779907226562,635.2815144856771
ORIENTAL MINDORO,2016.0,"UMALI, ALFONSO JR. VILLAR",1,0.8620331287384033,184.06430053710938,1.3868430852890015,3,MIMAROPA Region,284.1930389404297,74.79446538289388,401.0320638020833,33.905321756998696,127.38805898030598,0.0,8.139248847961426,383.07264200846356,920.1457926432291,179.36182149251303,23.32514476776123,204.78957239786783,34.2652645111084,108.42310078938802,0.0,5.956727663675944,315.06773885091144,718.3519083658854
ORIENTAL MINDORO,2019.0,"DOLOR, HUMERLITO ATIENZA",0,0.6624671220779419,249.73703002929688,1.7741285562515259,3,MIMAROPA Region,272.9231004714966,72.42971988891561,518.823008219401,30.16494369506836,177.14275105794272,0.0,2.371149222056071,507.73358154296875,1207.9864095052083,239.1738026936849,47.091041564941406,332.4315948486328,27.9453125,117.00131479899089,5.987096786499023,12.234347025553385,347.140625,806.2340698242188
ORIENTAL MINDORO,2022.0,"DOLOR, HUMERLITO ATIENZA",1,0.8581988215446472,161.24610900878906,1.7203290462493896,3,MIMAROPA Region,,,,,,,,,,237.71394316355386,67.16945581013958,478.6006673177083,30.06836446126302,158.61618041992188,0.0,2.7148075898488364,480.9200846354167,1123.8531494140625
PALAWAN,1992.0,"SOCRATES, SALVADOR P.",0,0.8848496675491333,22.92148208618164,2.141688823699951,3,MIMAROPA,0.0,0.0,49.07355499267578,0.0,44.39129892985026,0.0,0.0,51.628770192464195,240.53339131673178,,,,,,,,,
PALAWAN,1998.0,"SOCRATES, SALVADOR P.",1,0.9196518659591675,28.124801635742188,1.405453085899353,3,MIMAROPA,32.053192138671875,5.845558802286784,261.97003173828125,19.551910400390625,74.39052708943684,0.548880139986674,28.496053059895832,183.99193318684897,663.3065694173177,0.0,0.0,64.22429911295573,0.0,50.235268910725914,0.0,0.0,64.10151545206706,306.25133260091144
PALAWAN,2001.0,"REYES, MARIO JOEL T.",0,0.6487638354301453,16.1090030670166,1.812628984451294,3,MIMAROPA,126.66445668538411,16.913929621378582,500.77757771809894,46.95214589436849,71.55211766560872,2.9071830113728843,18.125724613666534,289.2141571044922,813.8347574869791,0.0,0.0,121.93468983968098,0.0,79.85521825154622,0.0,0.0,134.70733133951822,518.2223612467448
PALAWAN,2004.0,"REYES, MARIO JOEL TOLENTINO",1,0.9729702472686768,19.66534423828125,2.0576980113983154,3,Mimaropa Region,81.05058288574219,5.458782196044922,417.12359619140625,2.358847141265869,64.55370330810547,0.0,1.9805852174758911,326.2747802734375,632.8992309570312,129.1966985066732,17.933236440022785,556.3788452148438,65.37978196144104,69.95929590861003,3.456063151359558,46.62177767356237,293.7912953694661,899.2213745117188
PALAWAN,2007.0,"REYES, MARIO JOEL TOLENTINO",1,0.9730774164199829,22.490299224853516,1.0200456380844116,3,Mimaropa Region,103.3148930867513,35.707401275634766,115.9518330891927,6.552273591359456,85.79483540852864,0.0,0.6601950724919637,535.4071655273438,877.4985148111979,83.55467224121094,8.465440114339193,394.11693318684894,2.6968390941619873,67.49801381429036,0.0,1.3203901449839275,298.079584757487,630.0914103190104
PALAWAN,2010.0,"MITRA, ABRAHAM KAHLIL BLANCO",0,0.6597995758056641,174.05575561523438,1.942945122718811,3,MIMAROPA Region,120.58379872639973,41.383819580078125,122.33366839090984,8.222616831461588,128.80462137858072,0.0,0.0,719.4560750325521,1082.6459554036458,83.6813227335612,21.276256561279297,189.06110636393228,4.307801564534505,78.93996683756511,0.0,1.3203901449839275,404.5433756510417,717.68115234375
PALAWAN,2013.0,"ALVAREZ, JOSE CHAVES",0,0.8346503973007202,192.8206787109375,1.6426746845245361,3,MIMAROPA Region,125.74700355529785,11.228529135386148,219.26321919759116,36.08133188883463,129.55379486083984,0.0,0.0,756.2913614908854,1155.5765380859375,136.1826629638672,40.82955423990885,184.6808319091797,7.6686093012491865,135.26231129964194,0.0,0.0,682.474853515625,1084.1064046223958
PALAWAN,2016.0,"ALVAREZ, JOSE CHAVES",1,0.8741233348846436,255.15089416503906,1.6880892515182495,3,MIMAROPA Region,236.70821126302084,57.69544347127279,497.88868204752606,47.0317637125651,152.32364908854166,2.77546493212382,153.67780558268228,740.9767862955729,1462.6588541666667,88.8456236521403,25.733765125274658,150.1580549875895,37.228882471720375,107.81722259521484,0.0,0.0,783.9028930664062,1137.2075602213542
PALAWAN,2019.0,"ALVAREZ, JOSE CHAVES",1,0.8504881858825684,447.1081237792969,1.7428120374679565,3,MIMAROPA Region,397.9299723307292,22.064910888671875,827.2711181640625,80.16863473256429,196.50948588053384,2.1834398905436196,104.30092366536458,945.2460123697916,2055.3990478515625,207.10480244954428,43.90027395884196,363.94825744628906,29.70617930094401,141.17633056640625,1.511934757232666,81.72506713867188,758.4915974934896,1332.2205403645833
PALAWAN,2022.0,"SOCRATES, VICTORINO DENNIS MACALINAO",0,0.8804879784584045,560.4593505859375,2.4549529552459717,3,MIMAROPA Region,,,,,,,,,,296.52134195963544,27.1273930867513,731.6586507161459,60.92825158437093,181.80057271321616,2.355250120162964,124.1032002766927,831.4068196614584,1827.3786214192708
PAMPANGA,1992.0,"GUIAO, BREN Z.",0,0.5932043790817261,57.7888069152832,2.038760185241699,3,Central Luzon,0.0,0.0,76.2481689453125,0.0,35.29770088195801,0.0,0.0,60.815391540527344,206.71251932779947,,,,,,,,,
PAMPANGA,1998.0,"LAPID, MANUEL M.",0,0.6520459055900574,167.72052001953125,1.4000585079193115,3,Central Luzon,51.264933268229164,2.1253137588500977,253.2574005126953,3.176340421040853,54.968762715657554,0.2540338436762492,42.20249938964844,115.33159637451172,458.8985900878906,0.0,0.0,119.90495300292969,0.0,48.18959045410156,0.0,0.0,96.82932535807292,324.0010172526042
PAMPANGA,2001.0,"LAPID, MANUEL M.",1,0.8264197707176208,82.5462875366211,1.0859500169754028,3,Central Luzon,142.166748046875,29.061787287394207,408.0194600423177,7.117176373799642,65.27669143676758,1.4622016350428264,77.34857209523518,150.86297098795572,630.0544230143229,0.0,0.0,158.88142903645834,0.0,62.641371409098305,0.0,0.0,106.63901265462239,423.75514729817706
PAMPANGA,2004.0,"LAPID, MARK TADEO",1,0.8445298671722412,88.21368408203125,1.9779908657073975,3,Central Luzon,198.4662322998047,43.94257418314616,438.6738993326823,7.815785090128581,87.88769276936848,2.5091305573781333,10.367937088012695,175.5722401936849,695.9190470377604,135.07123311360678,21.287789980570476,425.9344177246094,8.087302843729654,49.10245132446289,1.213121732076009,119.12569650014241,141.1492665608724,614.3942667643229
PAMPANGA,2007.0,"PANLILIO, EDDIE TONGOL",0,0.8051050305366516,187.8902587890625,2.9790115356445312,3,Central Luzon,105.81957753499348,35.55921490987142,109.24274444580078,37.306700229644775,318.0532760620117,0.7751247882843018,20.40504264831543,286.5465443929036,852.8634236653646,183.8307139078776,41.230136235555015,411.859375,7.457015514373779,88.44526672363281,2.237119515736898,9.118217786153158,167.98617045084634,673.5073649088541
PAMPANGA,2010.0,"PINEDA, LILIA GARCIA",0,0.7874587774276733,296.9084777832031,1.52792227268219,3,Central Luzon,99.89847310384114,68.31329600016277,219.5006357828776,110.8701057434082,474.5167643229167,0.8331739902496338,12.715027809143066,765.1303507486979,1532.27734375,165.10468546549478,37.89214070638021,233.3376668294271,37.171427726745605,225.64635721842447,1.5502495765686035,19.92780367533366,233.83370971679688,817.9222819010416
PAMPANGA,2013.0,"PINEDA, LILIA GARCIA",1,0.6982240676879883,543.6710815429688,1.2742724418640137,3,Central Luzon,251.13026428222656,49.73259178797404,421.13405354817706,121.85149256388347,611.5097045898438,0.0,20.149471918741863,726.5558064778646,1759.1995849609375,64.00852711995442,55.06347846984863,190.40833791097006,55.63579146067301,419.5276590983073,0.8331739902496338,14.867361068725586,600.8290100097656,1210.7650146484375
PAMPANGA,2016.0,"PINEDA, LILIA GARCIA",1,0.674868643283844,889.4696655273438,1.0,3,Central Luzon,103.18867492675781,56.250091552734375,425.52513631184894,266.08636983235675,919.6242268880209,0.0,0.0,740.2679036458334,2085.417277018229,258.7200164794922,48.595595836639404,339.50940958658856,106.90354029337566,564.2741902669271,0.0,20.149471918741863,776.7955729166666,1753.7087809244792
PAMPANGA,2019.0,"PINEDA, DENNIS GARCIA",1,0.6554137468338013,1289.1622314453125,1.3736177682876587,3,Central Luzon,105.86993551254272,8.658341024070978,435.4076741536458,218.85575501124063,952.1509704589844,0.0,0.0,1612.9683024088542,3000.52685546875,111.54323323567708,62.72987620035807,402.35817464192706,228.0850626627604,750.8738810221354,0.0,0.0,686.8748168945312,1840.1068522135417
PAMPANGA,2022.0,"PINEDA, DENNIS GARCIA",1,0.691158652305603,1859.235595703125,1.6963412761688232,3,Central Luzon,,,,,,,,,,87.60841004053752,22.517855896304052,433.4785563151042,221.32865540186563,952.333262125651,0.0,0.0,1317.6829427083333,2703.4947102864585
PANGASINAN,1992.0,"AGBAYANI, AGUEDO F.",0,0.8663389086723328,18.501501083374023,2.371370553970337,3,Ilocos Region,0.0,0.0,158.53179550170898,0.0,60.575703938802086,0.0,0.0,70.0722058614095,336.3165232340495,,,,,,,,,
PANGASINAN,1995.0,"ORBOS, OSCAR MUÑOZ",0,0.8964877724647522,41.806636810302734,1.0234448909759521,3,Ilocos Region,0.0,0.0,278.13267008463544,0.0,84.07228088378906,0.0,0.0,125.35472615559895,609.1201782226562,0.0,0.0,85.28475634256999,0.0,52.67512448628744,0.0,0.0,54.993218739827476,244.45310974121094
PANGASINAN,1998.0,"AGBAYANI, VICTOR AGUEDO E.",0,0.811479926109314,78.14905548095703,1.9131697416305542,3,Ilocos Region,64.15817260742188,28.45550537109375,463.2149149576823,3.159844716389974,135.81183624267578,0.6394558350245158,35.56572977701823,192.8401133219401,853.9078572591146,0.0,0.0,263.254150390625,0.0,73.81954701741536,0.0,0.0,105.7636210123698,536.2249450683594
PANGASINAN,2001.0,"AGBAYANI, VICTOR AGUEDO E.",1,0.5984382033348083,119.114990234375,1.3386191129684448,3,Ilocos Region,210.32683308919272,87.54589589436848,681.4818725585938,11.418980916341146,211.2763671875,2.1811277071634927,118.81895701090495,251.19010416666666,975.4959513346354,0.0,0.0,347.7502746582031,0.0,100.23642985026042,0.0,0.0,163.70814514160156,774.6605021158854
PANGASINAN,2004.0,"AGBAYANI, VICTOR AGUEDO E.",1,0.8583929538726807,151.87277221679688,1.0762492418289185,3,Ilocos Region,233.04359436035156,117.59889475504558,822.2354736328125,16.76766840616862,216.68011983235678,2.3124518394470215,155.67480977376303,296.8380432128906,1117.3978271484375,199.28051249186197,85.86912027994792,658.892822265625,10.679131189982096,210.87615966796875,2.0594582160313926,114.49288431803386,246.51172892252603,930.0668741861979
PANGASINAN,2007.0,"ESPINO, AMADO JR. TOTAAN",0,0.8110953569412231,277.6832580566406,2.2740659713745117,3,Ilocos Region,302.9529215494792,165.45123291015625,484.1460774739583,21.14752705891927,262.5770721435547,2.8112432956695557,156.31666056315103,382.97027587890625,1339.0709228515625,232.03274536132812,110.87400817871094,788.3128051757812,14.707587560017904,212.7649180094401,2.349831501642863,150.78915150960287,277.5594787597656,1085.9403686523438
PANGASINAN,2010.0,"ESPINO, AMADO JR. TOTAAN",1,0.8076544404029846,303.1714172363281,1.3772025108337402,3,Ilocos Region,507.2041931152344,276.16306559244794,588.7669372558594,26.258251190185547,396.13414510091144,4.087239503860474,145.17323557535806,634.3774108886719,2175.33447265625,244.3946533203125,140.50321451822916,500.220947265625,20.097471872965496,219.87076314290366,2.5986574490865073,154.16600545247397,341.4251200358073,1181.177001953125
PANGASINAN,2013.0,"ESPINO, AMADO JR. TOTAAN",1,0.6746156811714172,884.272705078125,1.3491699695587158,3,Ilocos Region,465.3255805969238,172.4039942820867,1175.036153157552,32.28213755289713,585.7009480794271,3.678037961324056,117.17971293131511,723.2991333007812,2521.1226399739585,447.23870849609375,229.2923787434896,832.1815999348959,25.22968037923177,400.92979939778644,3.521737893422445,126.89911651611328,542.1921590169271,1963.6256917317708
PANGASINAN,2016.0,"ESPINO, AMADO III IGNACIO",1,0.7826811075210571,707.482666015625,1.7139509916305542,3,Ilocos Region,654.6061604817709,278.9290364583333,1132.9002685546875,82.59219614664714,256.6875,4.46480131149292,112.30809529622395,593.5064900716146,2023.269775390625,378.6816800435384,188.89377089341482,748.3320007324219,25.423572540283203,593.16845703125,3.150472640991211,138.13485209147134,685.1257934570312,2433.3646647135415
PANGASINAN,2019.0,"ESPINO, AMADO III IGNACIO",1,0.7979565262794495,845.2844848632812,1.7452911138534546,3,Ilocos Region,881.1104438702265,238.8948611021042,1955.6561279296875,266.90745703379315,342.30213419596356,5.453673044840495,79.8411865234375,1038.69775390625,3408.1569010416665,586.0899454752604,216.27706909179688,972.4951171875,62.08270136515299,232.43356323242188,4.21247657140096,103.83292134602864,551.9442138671875,1786.856689453125
PANGASINAN,2022.0,"GUICO, RAMON III VELICARIA",0,0.8509342074394226,815.529296875,1.8076167106628418,3,Ilocos Region,,,,,,,,,,790.5385037660599,274.3816775083542,1816.9895426432292,170.96947638193765,346.8812967936198,5.008559703826904,92.64286295572917,963.4034220377604,3199.9095052083335
QUEZON,1992.0,"RODRIGUEZ, EDUARDO T.",0,0.8516122698783875,15.098292350769043,2.709488868713379,3,CALABARZON,0.0,0.0,32.554073333740234,0.0,20.583012262980144,0.0,0.0,28.68286387125651,119.74026997884114,,,,,,,,,
QUEZON,1998.0,"ENVERGA, WILFREDO LOPEZ",0,0.9073373079299927,6.84618616104126,4.45316219329834,3,CALABARZON,88.49200439453125,11.13766606648763,385.3897196451823,1.1713333129882812,92.32807159423828,0.0,38.39166768391927,120.1777852376302,684.4979858398438,0.0,0.0,20.86606216430664,0.0,17.166872024536133,0.0,0.0,20.460792541503906,93.74726867675781
QUEZON,2001.0,"ENVERGA, WILFREDO LOPEZ",1,0.8175306916236877,106.68399810791016,1.717958927154541,3,CALABARZON,289.40906778971356,90.32595698038737,678.2274169921875,6.064065933227539,100.32948048909505,0.0,93.57433573404948,198.85399373372397,883.2146606445312,0.0,0.0,198.06341679890951,0.0,64.05469576517741,0.0,0.0,71.90904998779297,461.7040659586589
QUEZON,2004.0,"ENVERGA, WILFREDO LOPEZ",1,0.7552379965782166,246.7879180908203,1.4404557943344116,3,CALABARZON,302.48023986816406,127.13638051350911,699.4250691731771,8.322687784830729,203.99522908528647,0.0,0.0,261.4857584635417,966.2668050130209,287.635009765625,59.29833221435547,683.8119913736979,5.3429999351501465,105.18166859944661,0.0,131.96600341796875,199.56966654459634,867.0333455403646
QUEZON,2007.0,"NANTES, RAFAEL PUCHERO",0,0.738398551940918,346.81048583984375,1.951831579208374,3,CALABARZON,277.0574595133464,91.42979176839192,212.51249186197916,18.813948313395183,327.3935038248698,0.0,0.0,461.0010986328125,1224.9613850911458,272.3789520263672,118.73166910807292,583.0241495768229,6.363731225331624,164.27228291829428,0.0,0.0,185.54978942871094,837.8243001302084
QUEZON,2010.0,"SUAREZ, DAVID CATARINA",0,0.7794147729873657,341.3204345703125,1.8750296831130981,3,CALABARZON,205.16634114583334,59.97410329182943,193.19296264648438,29.640984853108723,536.3287150065104,0.0,0.03928666561841965,579.9103190104166,1453.6675211588542,320.5342051188151,121.65270487467448,413.2315673828125,15.524068196614584,255.7227986653646,0.0,0.0,429.29868570963544,1201.6040445963542
QUEZON,2013.0,"SUAREZ, DAVID CATARINA",1,0.7580967545509338,448.2361755371094,1.8701659440994263,3,CALABARZON,299.3977305094401,98.80907313028972,509.4111633300781,38.197007179260254,540.9557088216146,0.0,0.0,513.5039876302084,1590.2718912760417,195.65105183919272,65.09933344523112,284.2596893310547,23.470020929972332,491.2327473958333,0.0,0.03928666561841965,560.8343404134115,1383.5116780598958
QUEZON,2016.0,"SUAREZ, DAVID CATARINA",1,0.7701143622398376,661.3217163085938,1.0306421518325806,3,CALABARZON,456.1904296875,133.36764780680338,693.0404866536459,77.90523783365886,832.8580118815104,0.0,25.57717514038086,915.527587890625,2475.9923095703125,259.9743296305339,67.05558013916016,327.0880482991536,28.67853895823161,528.0762329101562,0.0,0.0,522.7702433268229,1508.4536539713542
QUEZON,2019.0,"SUAREZ, DANILO ETORMA",1,0.6847583651542664,969.1083374023438,1.5155843496322632,3,CALABARZON,429.61614449818927,189.46291682993373,1342.9446411132812,255.51128164927164,1128.7988891601562,0.0,236.50006103515625,942.13427734375,3471.6339518229165,409.3485616048177,123.2103500366211,618.8801472981771,70.53260294596355,726.6580200195312,0.0,15.788625081380209,695.3855590820312,2069.9486490885415
QUEZON,2022.0,"TAN, ANGELINA DE LUNA",0,0.712360680103302,1810.2030029296875,1.4791938066482544,3,CALABARZON,,,,,,,,,,388.26441923777264,151.86944148813686,1059.5673217773438,159.540664990743,1026.851053873698,0.0,128.03858057657877,1004.6349487304688,3141.7591959635415
QUIRINO,1992.0,"BACANI, PEDRO L.",0,0.9519108533859253,1.619346022605896,3.3199121952056885,3,Cagayan Valley,0.0,0.0,27.201243082682293,0.0,16.500588417053223,0.0,0.0,30.289354642232258,97.59844080607097,,,,,,,,,
QUIRINO,1998.0,"BACANI, PEDRO L.",1,0.9444255232810974,8.116218566894531,2.5576212406158447,3,Cagayan Valley,16.59143320719401,3.2730077107747397,91.84942626953125,1.569367249806722,41.7541389465332,0.0,10.542792002360025,58.221954345703125,229.3505401611328,0.0,0.0,38.38456471761068,0.0,21.706580479939777,0.0,0.0,44.78033701578776,175.31379191080728
QUIRINO,2001.0,"BACANI, PEDRO L.",1,0.830630898475647,13.93540096282959,1.2730838060379028,3,Cagayan Valley,49.38754018147787,3.5473108688990274,141.14632670084634,2.129892031351725,65.62221272786458,0.0,0.0,86.08158365885417,251.0472412109375,0.0,0.0,52.38011169433594,0.0,35.788981119791664,0.0,0.0,47.95174026489258,199.96817525227866
QUIRINO,2004.0,"BACANI, PEDRO L.",1,0.9233716726303101,17.336000442504883,1.1720510721206665,3,Cagayan Valley,65.94899876912434,1.7290000120798747,183.9723358154297,2.688666661580404,66.96766662597656,0.0,0.0,113.60566711425781,305.98134358723956,48.29230626424154,6.578985253969829,148.40067545572916,2.9402592976888022,61.58868153889974,0.0,10.542792002360025,80.0463358561198,256.1759033203125
QUIRINO,2007.0,"CUA, DAKILA ENRIQUEZ",0,0.8996589779853821,23.79199981689453,1.7683782577514648,3,Cagayan Valley,73.97334289550781,1.5616572697957356,55.036303202311196,2.8303014437357583,81.51675160725911,0.0,0.0,203.17611440022787,380.7711690266927,61.430999755859375,1.7373333374659221,168.45000203450522,2.556333303451538,60.70033264160156,0.0,0.0,102.72533416748047,280.1836751302083
QUIRINO,2010.0,"CUA, JUNIE EVANGELISTA",1,0.8688228726387024,65.88593292236328,1.2087880373001099,3,Cagayan Valley,81.83045450846355,4.433884104092916,60.30818462371826,4.241806666056315,74.69659932454427,0.0,0.0,294.5051676432292,459.70884195963544,68.07801055908203,1.227745771408081,89.48307037353516,2.593644142150879,79.77163696289062,0.0,0.0,160.40418497721353,347.50123087565106
QUIRINO,2013.0,"CUA, JUNIE EVANGELISTA",1,0.8756004571914673,70.70132446289062,1.0,3,Cagayan Valley,113.9838981628418,4.474728266398112,157.78504943847656,23.99091402689616,56.33331553141276,0.0,0.0,364.60113525390625,582.4478556315104,82.11710611979167,2.616179863611857,88.65899658203125,3.925707737604777,76.23890431722005,0.0,0.0,286.1135508219401,451.0114440917969
QUIRINO,2016.0,"CUA, JUNIE EVANGELISTA",1,0.7702033519744873,204.78314208984375,1.0,3,Cagayan Valley,220.8547159830729,6.314419428507487,242.25667317708334,15.08753776550293,71.33936945597331,0.0,0.0,428.9355163574219,748.738525390625,82.00978469848633,5.4881869951883955,93.89821147918701,21.262694358825684,61.77666346232096,0.0,0.0,343.13121541341144,530.4181925455729
QUIRINO,2019.0,"CUA, DAKILA CARLO ENRIQUEZ",1,0.7509022951126099,299.74609375,1.0,3,Cagayan Valley,197.341064453125,2.680364271004995,334.8406982421875,49.46648406982422,114.36993153889973,0.0,0.0,542.3934936523438,996.1556396484375,194.32653299967447,5.506811777750651,215.58164978027344,15.748302459716797,63.58661905924479,0.0,0.0,384.86061604817706,669.7253621419271
QUIRINO,2022.0,"CUA, DAKILA CARLO ENRIQUEZ",1,0.7855336666107178,396.0058898925781,1.224722981452942,3,Cagayan Valley,,,,,,,,,,184.98617553710938,3.553946793079376,314.7396952311198,40.84679285685221,99.83763122558594,0.0,0.0,511.21616617838544,932.0632934570312
RIZAL,1998.0,"YNARES, CASIMIRO JR. M.",0,0.4993540942668915,285.9148864746094,1.2036999464035034,3,CALABARZON,30.045697530110676,36.933919270833336,283.8482030232747,43.62053934733073,78.82159805297852,0.0,0.0,201.70641581217447,753.9338175455729,0.0,0.0,165.660519917806,0.0,103.97516759236653,0.0,0.0,146.97931925455728,467.97435506184894
RIZAL,2001.0,"YNARES, REBECCA ALCANTARA",1,0.5797005891799927,282.924072265625,1.593270182609558,3,CALABARZON,125.21602121988933,165.54625701904297,631.8787027994791,94.6096420288086,118.49672190348308,0.0,0.0,246.5067901611328,1024.156758626302,0.0,0.0,148.47154490152994,0.0,84.14060592651367,0.0,0.0,185.3170369466146,624.4532267252604
RIZAL,2004.0,"YNARES, CASIMIRO JR. M.",1,0.5245186686515808,530.1397094726562,1.379407525062561,3,CALABARZON,108.01251729329427,132.44542439778647,652.8656005859375,118.50280507405598,120.59549204508464,0.0,0.0,293.9048563639323,916.8213297526041,94.30103047688802,98.72225189208984,558.5165812174479,113.65387217203777,100.62917582194011,0.0,0.0,251.83942667643228,954.2510782877604
RIZAL,2007.0,"YNARES, CASIMIRO III ALCANTARA",1,0.5602391362190247,383.81109619140625,1.0557533502578735,3,CALABARZON,40.10210927327474,99.24028015136719,59.923510233561196,52.915483474731445,211.8983917236328,0.0,0.13631200169523558,472.3298034667969,945.7462972005209,128.8710962931315,189.91631062825522,675.6143391927084,96.99758656819661,130.42574818929037,0.0,0.0,259.829350789388,960.6527709960938
RIZAL,2010.0,"YNARES, CASIMIRO III ALCANTARA",1,0.6720458269119263,615.4160766601562,1.3883432149887085,3,CALABARZON,150.58164978027344,103.58420817057292,226.888453801473,77.73931312561035,166.45734659830728,0.0,0.0,833.0034383138021,1336.0970052083333,80.20421854654948,117.78317769368489,269.8937021891276,94.98190212249756,177.34904988606772,0.0,0.12311866879463196,391.07432047526044,972.9273071289062
RIZAL,2013.0,"YNARES, REBECCA ALCANTARA",1,0.6517213582992554,793.0236206054688,1.2866288423538208,3,CALABARZON,207.1447982788086,30.24842898050944,308.0020751953125,13.552511850992838,88.15244801839192,0.0,0.7299597263336182,750.5363362630209,1156.7344970703125,70.12321472167969,106.77007548014323,252.93307749430338,76.02660274505615,214.8933308919271,0.0,0.013193332900603613,713.7046508789062,1190.6746419270833
RIZAL,2016.0,"YNARES, REBECCA ALCANTARA",1,0.626474142074585,1248.96337890625,1.1519755125045776,3,CALABARZON,470.392822265625,63.82861073811849,585.7926940917969,27.58075205485026,113.79556274414062,0.0,23.990500768025715,766.9552815755209,1470.0826416015625,190.24947357177734,42.0462449391683,198.8636328379313,14.52829360961914,94.62767283121745,0.0,0.7299597263336182,834.6876831054688,1240.5167236328125
RIZAL,2019.0,"YNARES, REBECCA ALCANTARA",1,0.6129523515701294,1861.1453857421875,1.113985538482666,3,CALABARZON,509.4853976567586,54.456338008244835,823.9631144205729,44.37662688891093,189.5491689046224,0.0,45.30955123901367,792.6648763020834,1806.1770833333333,382.1416422526042,54.44349670410156,461.10467529296875,20.10844357808431,93.92366536458333,0.0,4.411086400349935,702.0342610677084,1263.5796712239583
RIZAL,2022.0,"YNARES, NINA RICCI ALCANTARA",1,0.7010630965232849,2215.576904296875,1.1842948198318481,3,CALABARZON,,,,,,,,,,442.99917125701904,49.5652170976003,744.3095906575521,35.04434514045715,176.34133911132812,0.0,46.365657806396484,825.3806355794271,1746.4649251302083
ROMBLON,1995.0,"MADRID, JOSE MENDOZA",0,0.8819604516029358,6.929320812225342,1.698991060256958,3,MIMAROPA,0.0,0.0,50.97981389363607,0.0,16.821928024291992,0.0,0.0,16.745599110921223,96.10404459635417,0.0,0.0,20.73874161640803,0.0,12.195154507954916,0.0,0.0,11.420324643452963,49.21915372212728
ROMBLON,1998.0,"YLAGAN, PERPETUO B. ",0,0.9325478076934814,10.139836311340332,2.0231218338012695,3,MIMAROPA,17.274667104085285,0.3296666741371155,77.78677368164062,0.2850000063578288,34.01107851664225,0.0,0.0,39.647989908854164,157.98669942220053,0.0,0.0,41.822625478108726,0.0,13.99952507019043,0.0,0.0,10.579229354858398,74.98890177408855
ROMBLON,2001.0,"MADRONA, ELEANDRO JESUS F.",0,0.9426321983337402,8.151000022888184,1.4234741926193237,3,MIMAROPA,77.84500122070312,3.0486667156219482,160.8265635172526,2.2639999787012735,36.7619997660319,0.0,0.0,77.66889953613281,235.46956380208334,0.0,0.0,69.39851633707683,0.0,33.560323079427086,0.0,0.0,35.74376932779948,156.97615559895834
ROMBLON,2004.0,"YLAGAN, PERPETUO BARREDO",0,0.9540705680847168,11.21500015258789,2.5921123027801514,3,Mimaropa Region,80.82850392659505,2.235625227292379,171.50423685709634,2.57108211517334,37.34455871582031,0.0,0.0,85.86902109781902,282.15284729003906,70.49033482869466,2.2643333872159324,141.4306640625,1.6856666803359985,32.811667124430336,0.0,0.0,66.9903335571289,204.71332804361978
ROMBLON,2007.0,"BELTRAN, NATALIO III FERNANDEZ",0,0.9494408965110779,15.655357360839844,2.484689712524414,3,Mimaropa Region,51.46550226211548,3.3342183033625283,22.36247444152832,2.4180355072021484,75.46980985005696,0.0,0.0,113.18960316975911,292.6748301188151,72.03859965006511,2.920045534769694,153.18695068359375,2.427950461705526,34.821484883626304,0.0,0.0,75.80035146077473,230.81919860839844
ROMBLON,2010.0,"FIRMALO, EDUARDO CHANG",0,0.9506398439407349,21.265544891357422,1.9605973958969116,3,MIMAROPA Region,8.837380727132162,5.885394255320231,14.508633216222128,5.05011773109436,184.8292032877604,0.0,0.0,160.17794291178384,365.24010213216144,82.79616292317708,2.267481724421183,86.93663024902344,2.384030898412069,35.99983660380045,0.0,0.0,91.14306640625,306.98753356933594
ROMBLON,2013.0,"FIRMALO, EDUARDO CHANG",1,0.9165908098220825,35.291629791259766,1.2730110883712769,3,MIMAROPA Region,73.32208824157715,17.03094458580017,26.57377751668294,36.2765429019928,221.35139973958334,0.0,0.0,178.06914265950522,425.99432373046875,8.121485551198324,4.921923478444417,18.110939661661785,5.067530711491902,173.3138682047526,0.0,0.0,157.54358418782553,349.4292805989583
ROMBLON,2016.0,"FIRMALO, EDUARDO CHANG",1,0.9040934443473816,63.72214889526367,1.471177577972412,3,MIMAROPA Region,9.457457224527994,4.828221559524536,41.09163157145182,26.80595302581787,254.0297088623047,0.0,0.0,220.3315684000651,515.4529113769531,72.83304945627849,18.68497959772746,22.28901155789693,36.091040213902794,214.50468953450522,0.0,0.0,172.88992309570312,414.9470621744792
ROMBLON,2019.0,"RIANO, JOSE RUADO",0,0.8854045867919922,104.26920318603516,1.8462740182876587,3,MIMAROPA Region,10.791075547536215,6.852732380231221,41.60459327697754,41.429718017578125,328.4607798258464,1.6441057523091633,10.0,359.5768330891927,729.6422322591146,9.786800384521484,3.5806795756022134,36.80885632832845,23.441376606623333,244.2073516845703,0.0,0.0,205.31067911783853,486.32689412434894
ROMBLON,2022.0,"RIANO, JOSE RUADO",1,0.8853481411933899,170.90895080566406,1.6879054307937622,3,MIMAROPA Region,,,,,,,,,,8.705620606740316,8.681867778301239,34.096662521362305,34.178107261657715,287.43616739908856,1.6441057523091633,10.0,314.37030029296875,635.9031372070312
SAMAR,1992.0,"BOLASTIG, ANTONIO M.",0,0.8601250052452087,8.713628768920898,2.266296863555908,3,Eastern Visayas,0.0,0.0,43.30935923258463,0.0,23.44541867574056,0.0,0.0,34.625436782836914,139.85319010416666,,,,,,,,,
SAMAR,1995.0,"ROÑO, JOSE A.",0,0.952387809753418,7.4156341552734375,2.260608434677124,3,Eastern Visayas,0.0,0.0,83.8196029663086,0.0,26.439959208170574,0.0,0.0,44.967934926350914,225.78079223632812,0.0,0.0,28.374738693237305,0.0,20.750515619913738,0.0,0.0,29.220551172892254,106.50019709269206
SAMAR,1998.0,"ROÑO, JOSE A.",1,0.964158296585083,9.218049049377441,3.300283670425415,3,Eastern Visayas,15.284666697184244,0.39266665776570636,109.01556650797527,1.3836666742960613,65.04193115234375,0.0,0.0,63.56001536051432,264.66551208496094,0.0,0.0,69.7363650004069,0.0,26.77241325378418,0.0,0.0,40.3854128519694,199.32510884602866
SAMAR,2001.0,"TAN, MILAGROSA TEE",0,0.9534562230110168,6.833000183105469,2.1028497219085693,3,Eastern Visayas,94.89067077636719,3.3961379130681357,251.62618509928384,4.9581014315287275,55.98334757486979,0.0,0.0,148.3812688191732,387.5873107910156,0.0,0.0,102.98826599121094,0.0,45.296210606892906,0.0,0.0,60.65296936035156,278.6947733561198
SAMAR,2004.0,"TAN, MILAGROSA TEE",1,0.9780447483062744,9.587331771850586,1.9326212406158447,3,Eastern Visayas,99.67934672037761,2.6889984210332236,362.5405782063802,5.033769289652507,54.32645034790039,0.0,0.0,255.1384531656901,482.97475179036456,79.43502426147461,2.22763462861379,196.29328409830728,4.692133744557698,65.23997116088867,0.0,0.0,109.93848927815755,318.1016489664714
SAMAR,2007.0,"TAN, MILAGROSA TEE",1,0.986905038356781,7.318241596221924,1.7887035608291626,3,Eastern Visayas,93.08266957600911,2.111780524253845,64.04345448811848,6.538364410400391,253.1510772705078,0.0,0.0,330.10651143391925,719.2034301757812,95.05480448404948,3.5990713437398276,314.9603983561198,5.009997367858887,53.88872273763021,0.0,0.0,211.29651387532553,424.57752482096356
SAMAR,2010.0,"TAN, SHAREE ANN TEE",1,0.7583716511726379,258.7912902832031,2.530317783355713,3,Eastern Visayas,205.14828491210938,4.48004953066508,191.95765813191733,54.796470642089844,177.54483286539713,0.0,0.0,378.1549479166667,820.1262410481771,110.4561030069987,2.334845860799154,182.75759887695312,5.398621559143066,92.43646240234375,0.0,0.0,255.49976094563803,534.5518798828125
SAMAR,2013.0,"TAN, SHAREE ANN TEE",1,0.891022264957428,111.53821563720703,1.9857252836227417,3,Eastern Visayas,179.8052724202474,5.146444479624431,375.6721700032552,60.58767223358154,108.69097900390625,0.20131556193033853,0.0,481.83935546875,966.2024943033854,152.04298146565756,3.5376636187235513,196.6276117960612,41.046971003214516,316.525390625,0.0,0.0,429.9526875813802,943.1056722005209
SAMAR,2016.0,"TAN, SHAREE ANN TEE",1,0.9842347502708435,20.182771682739258,1.8011366128921509,3,Eastern Visayas,495.8392333984375,6.8174943923950195,652.5331217447916,149.87640126546225,145.07443237304688,0.0,0.0,296.8092549641927,1094.4168294270833,149.33777872721353,3.5462257067362466,252.6208152770996,42.071173667907715,104.6384048461914,0.20131556193033853,0.0,488.51678466796875,918.2447916666666
SAMAR,2019.0,"TAN, MILAGROSA TEE",1,0.982459306716919,28.581146240234375,1.9638937711715698,3,Eastern Visayas,652.1954752604166,15.635189056396484,1065.9251302083333,97.09560139973958,199.33659871419272,0.0,0.0,327.9413604736328,1628.1514485677083,407.1799011230469,5.783281326293945,532.4171854654948,119.4540023803711,141.16636657714844,0.0,0.0,317.5968831380208,991.1804606119791
SAMAR,2022.0,"TAN, SHAREE ANN TEE",1,0.976633608341217,64.37943267822266,1.6171852350234985,3,Eastern Visayas,,,,,,,,,,516.3212890625,11.822443962097168,943.1919352213541,114.04934692382812,173.32191467285156,0.0,0.0,293.8789927164714,1427.8670247395833
SARANGANI,1992.0,"CHIONGBIAN, PRISCILLA L.",0,0.7933899760246277,12.276800155639648,1.0,3,Davao Region,0.0,0.0,20.34788640340169,0.0,9.558238983154297,0.0,0.0,14.21547794342041,79.78109486897786,,,,,,,,,
SARANGANI,1998.0,"CHIONGBIAN, PRISCILLA L.",1,0.7541826367378235,51.21102523803711,1.6843167543411255,3,Davao Region,12.45300038655599,5.471666971842448,103.85959498087566,1.4893333117167156,55.281681060791016,0.0,0.17466666301091513,102.25339253743489,259.0068766276042,0.0,0.0,37.4787483215332,0.0,23.45887056986491,0.0,0.0,32.339555740356445,130.53793080647787
SARANGANI,2001.0,"ESCOBAR, MIGUEL DRACULAN",0,0.9139354228973389,18.309999465942383,2.3742573261260986,3,SOCCSKSARGEN,41.81689325968424,10.104910532633463,219.31348673502603,4.846086502075195,66.5089619954427,0.0,2.7886854807535806,159.7569122314453,303.35951741536456,0.0,0.0,55.11056645711263,0.0,38.53263028462728,0.0,0.0,82.04818216959636,226.6865692138672
SARANGANI,2004.0,"DOMINGUEZ, PAUL RENE GARCIA",0,0.9203813076019287,25.180896759033203,1.7104222774505615,3,SOCCSKSARGEN,56.45220692952474,14.344045003255209,303.8258972167969,5.809405485788981,57.19426981608073,0.0,5.020075003306071,222.20016479492188,426.92809041341144,40.389776865641274,12.30044174194336,210.22451782226562,4.7075544993082685,74.19236628214519,0.0,1.905636727809906,150.92110697428384,294.3291015625
SARANGANI,2007.0,"DOMINGUEZ, MIGUEL RENE ALCANTARA",1,0.9406272768974304,24.600088119506836,1.0902403593063354,3,SOCCSKSARGEN,80.7965799967448,10.797275225321451,85.03748067220052,6.708603541056315,89.2057393391927,0.0,19.75780709584554,257.1015218098958,480.96559651692706,46.56588236490885,13.578300793965658,273.8758595784505,5.481832504272461,51.37855911254883,0.0,2.8187638918558755,205.43108113606772,383.7217712402344
SARANGANI,2010.0,"DOMINGUEZ, MIGUEL RENE ALCANTARA",1,0.9520551562309265,28.70911979675293,1.9515937566757202,3,SOCCSKSARGEN,95.20909118652344,8.170793851216635,108.26222515106201,13.100337028503418,94.55548095703125,0.14096295833587646,24.786824862162273,278.00860595703125,515.5921732584635,77.56700134277344,11.707638422648111,142.44249471028647,6.251217206319173,81.2303237915039,0.0,9.420868555704752,240.2477010091146,459.5842692057292
SARANGANI,2013.0,"SOLON, STEVE CHIONGBIAN",0,0.9509520530700684,31.177133560180664,1.0,3,SOCCSKSARGEN,156.4546915690104,17.51867389678955,168.16504923502603,32.473547299702965,91.13171641031902,0.17622772852579752,1.3067628939946492,333.5853983561198,594.1329752604166,94.19361877441406,9.691006342569986,150.64424641927084,11.758855819702148,98.53377532958984,0.14096295833587646,34.85980224609375,273.3645528157552,523.6912434895834
SARANGANI,2016.0,"SOLON, STEVE CHIONGBIAN",1,0.9634540677070618,34.73426055908203,1.3366949558258057,3,SOCCSKSARGEN,166.1325429280599,27.211890538533527,232.1212412516276,34.502705891927086,120.48798116048177,0.41440309087435406,3.8597052097320557,405.5511169433594,762.7354329427084,134.99998219807944,11.073355356852213,97.33832581837972,20.334210713704426,86.72937520345052,0.0,3.8414125045140586,295.8731994628906,513.7960713704427
SARANGANI,2019.0,"SOLON, STEVE CHIONGBIAN",1,0.8697985410690308,61.0206298828125,1.1585166454315186,3,SOCCSKSARGEN,301.2784016927083,14.786814371744791,458.3400370279948,31.703338623046875,163.2557830810547,0.15884880224863687,0.6987090110778809,545.2850545247396,1168.7547607421875,146.15311686197916,22.771977106730144,215.26146443684897,41.676795959472656,111.87885284423828,0.521871030330658,4.137713352839152,385.04026285807294,716.0412801106771
SARANGANI,2022.0,"PACQUIAO, ROGELIO DAPIDRAN",0,0.9263575673103333,124.63311004638672,1.3824635744094849,3,SOCCSKSARGEN,,,,,,,,,,220.08482869466147,19.889943440755207,375.4677734375,24.571221669514973,145.01602681477866,0.14818419019381204,1.05968443552653,494.38588460286456,1018.1575724283854
SIQUIJOR,1998.0,"BALANAY, LUCITO B.",0,0.9477888345718384,4.736844062805176,1.8707494735717773,3,Central Visayas,12.568519592285156,0.36293919881184894,47.006212870279946,0.3068427840868632,34.31001536051432,0.0,0.0,28.39681053161621,109.99133809407552,0.0,0.0,23.07420031229655,0.0,15.471549987792969,0.0,0.0,14.975722948710123,70.6545918782552
SIQUIJOR,2001.0,"FUA, ORLANDO SR. BONGCAWEL",0,0.9305481910705566,8.236506462097168,1.946725845336914,3,Central Visayas,39.10332361857096,0.9304348230361938,78.4349365234375,1.1488901376724243,36.99530855814616,0.0,0.0,37.25228627522787,131.74534606933594,0.0,0.0,33.64069747924805,0.0,25.97777811686198,0.0,0.0,24.049482345581055,100.08767191569011
SIQUIJOR,2004.0,"FUA, ORLANDO SR. BONGCAWEL",1,0.9551367163658142,6.748161792755127,1.9487762451171875,3,Central Visayas,41.43226750691732,0.7468706965446472,92.4992167154948,1.2838166157404582,33.5125675201416,0.0,0.0,49.03626251220703,151.8843536376953,39.50245157877604,1.001691997051239,76.9096908569336,1.0702508489290874,43.3736686706543,0.0,0.0,35.335296630859375,127.71685028076172
SIQUIJOR,2007.0,"FUA, ORLANDO JR. ANOOS",1,0.9422022104263306,11.00307559967041,1.2454485893249512,3,Central Visayas,49.396993001302086,0.9398608605066935,39.03880182902018,3.4970367749532065,48.917423248291016,0.0,0.0,63.63021723429362,180.3763224283854,39.4520009358724,0.846325953801473,84.83728790283203,1.2160948514938354,31.10195032755534,0.0,0.0,43.32286580403646,139.33065795898438
SIQUIJOR,2010.0,"FUA, ORLANDO JR. ANOOS",1,0.8746357560157776,37.12607955932617,1.199846863746643,3,Central Visayas,69.82902145385742,2.7647414604822793,53.46674426396688,8.967124462127686,69.43137613932292,0.0,0.0,86.17461395263672,239.30203755696616,45.18984858194987,0.8116551637649536,52.06726201375326,2.521773338317871,39.9068349202474,0.0,0.0,58.20265197753906,172.04841105143228
SIQUIJOR,2013.0,"VILLA, ZALDY SAMSON",0,0.8332116603851318,56.325496673583984,1.780247449874878,3,Central Visayas,88.07903671264648,3.199385697642962,67.86606725056966,7.34507942199707,39.425559997558594,0.0,0.0,65.6544583638509,173.1361846923828,61.096021016438804,2.0808350245157876,72.08519236246745,8.908337116241455,68.02359390258789,0.0,0.0,79.6602783203125,222.68451436360678
SIQUIJOR,2016.0,"VILLA, ZALDY SAMSON",1,0.8858325481414795,51.45981216430664,1.7745612859725952,3,Central Visayas,130.88955688476562,4.110012531280518,141.66330210367838,6.6637349128723145,55.19569651285807,0.0,0.0,92.51417795817058,289.37318929036456,94.74869791666667,2.8399952799081802,44.23047081629435,5.493353684743245,50.81874211629232,0.0,0.0,77.82229105631511,201.35218302408853
SIQUIJOR,2019.0,"VILLA, ZALDY SAMSON",1,0.8802172541618347,70.45529174804688,1.3402745723724365,3,Central Visayas,164.661376953125,3.3629719416300454,234.7448933919271,11.146920522054037,73.52127202351888,0.0,0.0,152.42823282877603,463.2765808105469,105.44241460164388,4.248993078867595,118.20156860351562,8.510159969329834,46.720715840657554,0.0,0.0,81.35949071248372,246.30010986328125
SIQUIJOR,2022.0,"VILLA, JAKE VINCENT SARMIENTO",1,0.8988620638847351,96.8011245727539,1.9623792171478271,3,Central Visayas,,,,,,,,,,128.1979726155599,2.9062347412109375,193.74384562174478,7.066015561421712,66.41601816813152,0.0,0.0,128.529416402181,389.9803771972656
SORSOGON,1992.0,"FRIVALDO, JUAN G.",0,0.8468419909477234,8.745189666748047,1.971235990524292,3,Bicol Region,0.0,0.0,48.73184458414713,0.0,22.12240187327067,0.0,0.0,27.38250160217285,121.56948598225911,,,,,,,,,
SORSOGON,1998.0,"LEE, RAUL RODRIGUEZA",0,0.8686095476150513,21.111509323120117,3.1439216136932373,3,Bicol Region,34.37433369954427,4.0523331960042315,150.20599873860678,1.4193332990010579,74.62448628743489,0.0,0.38966667652130127,72.85862223307292,334.0806172688802,0.0,0.0,78.28942108154297,0.0,29.507363001505535,0.0,0.0,33.938289642333984,185.01499938964844
SORSOGON,2001.0,"LEE, RAUL RODRIGUEZA",1,0.873069167137146,31.302000045776367,1.4640840291976929,3,Bicol Region,107.37422180175781,7.258806864420573,221.48674519856772,3.9306693871816,89.79612477620442,0.0,1.024221380551656,101.8988265991211,395.4284261067708,0.0,0.0,104.64479573567708,0.0,54.087056477864586,0.0,0.0,49.55850346883138,289.3005828857422
SORSOGON,2004.0,"LEE, RAUL RODRIGUEZA",1,0.8313867449760437,25.418046951293945,1.8124139308929443,3,Bicol Region,125.67439270019531,4.476297934850057,237.62093607584634,11.309192498524984,83.22800191243489,0.0,2.6494641304016113,93.51159159342448,455.1578776041667,105.52766672770183,8.10099983215332,225.8470001220703,3.018999973932902,92.14566548665364,0.0,1.2970000108083088,107.90233357747395,373.0643310546875
SORSOGON,2007.0,"LEE, SALLY ANTE",1,0.8867962956428528,28.02235221862793,2.3094329833984375,3,Bicol Region,142.38379923502603,5.360053062438965,110.86953226725261,12.830852508544922,74.01142247517903,0.0,0.6697664260864258,157.88482411702475,450.6404317220052,118.53589121500652,6.930613199869792,229.96760050455728,7.765343348185222,88.3501459757487,0.0,2.381482481956482,94.3542709350586,446.3048095703125
SORSOGON,2010.0,"LEE, RAUL RODRIGUEZA",1,0.9117426872253418,52.63381576538086,1.81766676902771,3,Bicol Region,184.0515340169271,6.174780209859212,125.22498353322347,9.562424341837565,72.16910044352214,0.0,2.035994529724121,236.95069885253906,535.299570719401,136.71422322591147,5.288525740305583,140.96003214518228,17.228439966837566,78.68070220947266,0.0,1.0546361207962036,125.98482767740886,460.85487874348956
SORSOGON,2013.0,"LEE, RAUL RODRIGUEZA",1,0.8650100231170654,104.57797241210938,2.4103844165802,3,Bicol Region,199.28596623738608,17.671552658081055,306.30498758951825,17.381551424662273,87.65918731689453,0.0,3.747559070587158,310.1625671386719,745.2507731119791,159.82972717285156,4.435712258021037,174.51758321126303,8.998705863952637,66.60346603393555,0.0,1.2534431616465251,212.7911580403646,475.35927327473956
SORSOGON,2016.0,"RODRIGUEZA, ROBERT ANTE LEE",0,0.7887358665466309,264.4648742675781,2.589865207672119,3,Bicol Region,378.13136800130206,11.015924771626791,418.3601582845052,29.212862968444824,108.90352884928386,0.0,0.0,383.13487752278644,955.5339762369791,163.90298080444336,16.89880657196045,186.00047079722086,11.26465924580892,83.3315912882487,0.0,2.3154048124949136,277.4292805989583,657.9991658528646
SORSOGON,2019.0,"ESCUDERO, FRANCIS JOSEPH GUEVARA",0,0.8285201787948608,263.81927490234375,1.1501529216766357,3,Bicol Region,446.4663899739583,2.6163060665130615,643.1816202799479,43.21904373168945,147.70525105794272,0.4193433920542399,0.23333332935969034,376.7711181640625,1188.7020467122395,370.0182596842448,9.148241678873697,400.69785563151044,19.316657066345215,103.44603729248047,0.0,2.2147056261698403,392.7412821451823,945.1416625976562
SORSOGON,2022.0,"HAMOR, JOSE EDWIN BRONDIAL",0,0.856924295425415,343.19873046875,1.3832448720932007,3,Bicol Region,,,,,,,,,,340.5633951822917,7.227366089820862,542.4430440266927,43.772396087646484,130.66963958740234,0.4193433920542399,0.23333332935969034,345.5464172363281,1047.6235961914062
SOUTH COTABATO,1995.0,"DE PEDRO, HILARIO III LUTERO",0,0.7732878923416138,34.58908462524414,2.172778367996216,3,Davao Region,0.0,0.0,72.97077178955078,0.0,68.49043782552083,0.0,0.0,72.69008000691731,228.78935750325522,0.0,0.0,24.37570842107137,0.0,29.429553985595703,0.0,0.0,39.76162974039713,128.15873209635416
SOUTH COTABATO,1998.0,"DE PEDRO, HILARIO III LUTERO",1,0.845607340335846,39.084476470947266,2.376533031463623,3,Davao Region,21.97033945719401,4.40049680074056,165.74319458007812,4.781876564025879,74.47132364908855,0.0,2.744063377380371,99.65281168619792,345.0485534667969,0.0,0.0,65.20648193359375,0.0,50.2298838297526,0.0,0.0,63.62482833862305,205.41736857096353
SOUTH COTABATO,2001.0,"FUENTES, DAISY AVANCE",0,0.879446268081665,38.891700744628906,1.3230234384536743,3,SOCCSKSARGEN,80.44768778483073,17.8064390818278,263.24554951985675,16.660227457682293,70.49973424275716,0.0,9.202799797058105,139.1283925374349,426.6927795410156,0.0,0.0,114.92613983154297,0.0,72.57926940917969,0.0,0.0,90.02794392903645,310.80910237630206
SOUTH COTABATO,2004.0,"FUENTES, DAISY AVANCE",1,0.8480366468429565,70.838134765625,1.7849094867706299,3,SOCCSKSARGEN,90.30174509684245,21.826473236083984,318.4267222086589,21.192279815673828,79.42721048990886,0.29150720437367755,25.171977996826172,159.64274088541666,580.6354166666666,74.57701365152995,14.36592165629069,245.27502950032553,15.474319775899252,84.6276117960612,0.0,8.774860382080078,132.0829111735026,393.39111328125
SOUTH COTABATO,2007.0,"FUENTES, DAISY AVANCE",1,0.8404010534286499,96.89523315429688,1.0080065727233887,3,SOCCSKSARGEN,124.96717580159505,29.62305450439453,141.03313191731772,25.28073501586914,92.61092122395833,0.0,30.050076802571613,316.1487274169922,669.2905069986979,79.64517974853516,20.37637774149577,282.7301279703776,19.681006113688152,67.3593635559082,0.29150720437367755,14.723820368448893,148.0122324625651,528.1885477701823
SOUTH COTABATO,2010.0,"PINGOY, ARTHUR YUSAY",0,0.8371477127075195,135.25527954101562,2.6409120559692383,3,SOCCSKSARGEN,194.87000528971353,26.889278411865234,175.03003311157227,28.772836049397785,139.88274383544922,0.0,0.0,458.4208984375,852.4137369791666,110.38975779215495,26.041732788085938,193.1722666422526,22.754568099975586,90.64214579264323,0.0,43.67023722330729,219.56482950846353,608.7162475585938
SOUTH COTABATO,2013.0,"FUENTES, DAISY AVANCE",0,0.7837666869163513,230.85000610351562,2.848801612854004,3,SOCCSKSARGEN,199.12168884277344,18.33502197265625,279.4518127441406,84.10364850362141,129.36819712320963,0.0,0.0,443.99242146809894,856.30078125,183.90638732910156,28.298236846923828,242.44335428873697,30.23873011271159,118.9478022257487,0.0,0.0,468.7772216796875,835.0398152669271
SOUTH COTABATO,2016.0,"FUENTES, DAISY AVANCE",1,0.7432040572166443,407.91961669921875,1.7853690385818481,3,SOCCSKSARGEN,407.4884440104167,29.203335444132488,482.78741455078125,46.09563191731771,158.18822733561197,0.0,0.0,601.1937255859375,1246.1763509114583,184.55543518066406,23.669788360595703,191.9790382385254,81.3644453684489,144.65764617919922,0.0,0.0,421.51906331380206,837.7364298502604
SOUTH COTABATO,2019.0,"TAMAYO, REYNALDO JR. SUCAYAN",0,0.7306045293807983,578.3519897460938,1.8783122301101685,3,SOCCSKSARGEN,340.74973551432294,32.58672332763672,624.1175130208334,39.634134928385414,197.221435546875,0.0,0.0,882.5977783203125,1711.3828938802083,320.5070088704427,22.075222651163738,378.1410725911458,35.55883534749349,130.8109385172526,0.0,0.0,539.717763264974,1052.2880452473958
SOUTH COTABATO,2022.0,"TAMAYO, REYNALDO JR. SUCAYAN",1,0.7788853049278259,737.5338745117188,1.918002963066101,3,SOCCSKSARGEN,,,,,,,,,,335.96117146809894,29.550181070963543,618.2906697591146,41.632397969563804,199.8731943766276,0.0,0.0,817.0893147786459,1641.37744140625
SOUTHERN LEYTE,1995.0,"TAN, OSCAR MA. KUIZON",0,0.8811967372894287,14.229969024658203,1.8810663223266602,3,Eastern Visayas,0.0,0.0,51.22252909342448,0.0,27.36528778076172,0.0,0.0,28.066633224487305,154.38956197102866,0.0,0.0,23.238804817199707,0.0,16.251871426900227,0.0,0.0,10.589020729064941,70.21068445841472
SOUTHERN LEYTE,1998.0,"LERIAS, ROSETTE YNEGUEZ",0,0.9334738254547119,11.161039352416992,1.929768443107605,3,Eastern Visayas,19.30075963338216,0.7221399943033854,84.77293395996094,0.6953907012939453,36.22018305460612,0.0,0.0,37.380306243896484,175.18309020996094,0.0,0.0,44.82324727376302,0.0,26.810880661010742,0.0,0.0,24.354219436645508,142.0682373046875
SOUTHERN LEYTE,2001.0,"LERIAS, ROSETTE YNEGUEZ",1,0.9377598166465759,9.799820899963379,1.0,3,Eastern Visayas,86.85496266682942,1.395700752735138,161.05307006835938,2.1678667465845742,52.946526845296226,0.0,0.0,70.63453928629558,280.8755340576172,0.0,0.0,70.74203872680664,0.0,35.724988301595054,0.0,0.0,34.96868006388346,179.51056925455728
SOUTHERN LEYTE,2004.0,"LERIAS, ROSETTE YNEGUEZ",1,0.7205172181129456,35.086639404296875,1.4603047370910645,3,Eastern Visayas,93.50842539469402,2.4033074378967285,185.7855428059896,2.7040623823801675,46.346319834391274,0.0,0.0,87.16974639892578,363.72446695963544,76.99212265014648,1.4587039351463318,139.25235748291016,2.111294150352478,43.11343638102213,0.0,0.0,58.69023768107096,224.15546671549478
SOUTHERN LEYTE,2007.0,"MERCADO, DAMIAN GAVIOLA",0,0.8692938685417175,20.69131088256836,1.839807391166687,3,Eastern Visayas,70.74514261881511,5.916710376739502,46.54279613494873,3.9915201663970947,83.31168746948242,0.0,0.0,264.0633036295573,476.9798889160156,90.23477935791016,2.4223382075627646,171.96627298990884,2.422799905141195,50.75554402669271,0.0,0.0,76.88634999593098,341.43552652994794
SOUTHERN LEYTE,2010.0,"MERCADO, DAMIAN GAVIOLA",1,0.7803824543952942,132.50025939941406,1.3710535764694214,3,Eastern Visayas,0.0,5.6349202791849775,10.162092367808023,6.249807993570964,185.11555989583334,0.0,0.0,430.8567403157552,656.5631510416666,103.18238830566406,4.718564033508301,111.7496337890625,3.346213181813558,40.205345153808594,0.0,0.0,165.35952758789062,404.56653849283856
SOUTHERN LEYTE,2013.0,"MERCADO, ROGER GAVIOLA",1,0.6949357986450195,231.91744995117188,1.6750093698501587,3,Eastern Visayas,91.07073211669922,5.604576110839844,68.31406784057617,9.179749965667725,230.33518727620444,0.0,0.0,286.3599548339844,621.8990681966146,0.0,5.750536600748698,11.354874610900879,5.604338010152181,179.82278442382812,0.0,0.0,408.85497029622394,623.5867919921875
SOUTHERN LEYTE,2016.0,"MERCADO, DAMIAN GAVIOLA",1,0.6732239127159119,357.439453125,1.658758521080017,3,Eastern Visayas,2.5,7.9947967529296875,23.84545962015788,12.249448458353678,282.5383555094401,1.1012134949366252,0.0,341.0928141276042,682.3426920572916,90.07073211669922,5.960460027058919,64.23586734135945,7.468301455179851,191.36928049723306,0.0,0.0,319.5126139322917,610.2851969401041
SOUTHERN LEYTE,2019.0,"MERCADO, DAMIAN GAVIOLA",1,0.7434225082397461,322.2841491699219,1.3489116430282593,3,Eastern Visayas,14.003865559895834,0.6670645872751871,48.62183507283529,23.30750783284505,227.4948984781901,0.6276634534200033,0.0,211.90396118164062,507.8461100260417,2.5,6.845771948496501,20.86335817972819,10.940377235412598,310.7236633300781,0.5772087971369425,0.0,349.00836181640625,719.0116780598959
SOUTHERN LEYTE,2022.0,"MERCADO, DAMIAN GAVIOLA",1,0.7902214527130127,406.0773620605469,1.0,3,Eastern Visayas,,,,,,,,,,8.001932779947916,2.849309245745341,38.70308876037598,16.998276392618816,231.07391866048178,0.8378364245096842,0.0,256.717768351237,549.5453084309896
SULTAN KUDARAT,1992.0,"GUMANA, NESTHUR R.",0,0.8647829294204712,8.525435447692871,3.94221830368042,3,Davao Region,0.0,0.0,26.81987762451172,0.0,29.090303421020508,0.0,0.0,21.795413335164387,100.98853047688802,,,,,,,,,
SULTAN KUDARAT,1998.0,"MANGUDADATU, DATU PAKUNG S.",0,0.8856059908866882,27.243318557739258,3.668452501296997,3,Davao Region,19.21689224243164,1.1438480218251545,95.66421000162761,2.0101518630981445,62.2566032409668,0.0,0.0,72.73619842529297,285.15643310546875,0.0,0.0,42.65541458129883,0.0,42.9607785542806,0.0,0.0,35.61384963989258,153.2414093017578
SULTAN KUDARAT,2001.0,"MANGUDADATU, DATU PAKUNG S.",1,0.9538590312004089,15.11185359954834,1.9615414142608643,3,SOCCSKSARGEN,59.18777211507162,5.451786438624064,176.1280059814453,6.597054958343506,88.51500956217448,0.0,0.0,104.89139048258464,373.2496032714844,0.0,0.0,63.703051249186196,0.0,64.44151306152344,0.0,0.0,59.41317876180013,259.5367482503255
SULTAN KUDARAT,2004.0,"MANGUDADATU, PAX SANDIGAN",1,0.9480549693107605,21.10057830810547,1.659683346748352,3,SOCCSKSARGEN,61.42972056070963,5.6981886227925616,201.02401224772134,7.091576099395752,124.40684509277344,0.0,0.0,126.80452982584636,417.0554504394531,57.77377446492513,4.306249777475993,162.8814442952474,6.368108590443929,66.94260533650716,0.0,0.0,94.43330891927083,345.53432210286456
SULTAN KUDARAT,2007.0,"MANGUDADATU, SUHARTO TAN",1,0.9510040879249573,25.396316528320312,1.6818861961364746,3,SOCCSKSARGEN,80.52234776814778,7.90103006362915,110.61783854166667,47.46385383605957,192.11561075846353,0.0,0.0,489.52862040201825,850.7281595865885,61.279649098714195,5.79218848546346,199.1596883138021,7.037627379099528,91.62795766194661,0.0,0.0,125.05022684733073,389.2028503417969
SULTAN KUDARAT,2010.0,"MANGUDADATU, SUHARTO TAN",1,0.613324761390686,465.74310302734375,1.6320862770080566,3,SOCCSKSARGEN,127.45963795979817,20.623799641927082,193.17385864257812,96.83569081624348,185.12621053059897,0.0,0.0,373.5947672526042,828.5545450846354,66.51783752441406,7.045712788899739,113.30763244628906,24.208853403727215,204.28072102864584,0.0,0.0,309.3160095214844,650.1846313476562
SULTAN KUDARAT,2013.0,"MANGUDADATU, SUHARTO TAN",1,0.9560478329658508,38.92825698852539,1.8090033531188965,3,SOCCSKSARGEN,142.70513916015625,8.27933136622111,302.1829427083333,127.89669036865234,220.2064666748047,0.0,0.0,345.45908610026044,883.34912109375,115.4161860148112,18.758152961730957,232.00763956705728,97.83329772949219,178.6880900065104,0.0,0.0,490.78367106119794,930.81689453125
SULTAN KUDARAT,2016.0,"MANGUDADATU, DATU PAX PAKUNG SANDIGAN",1,0.9642089605331421,44.29084396362305,1.5611213445663452,3,SOCCSKSARGEN,228.50354512532553,13.578603426615397,453.1801452636719,211.0980021158854,300.32470703125,0.0,0.0,502.3815612792969,1279.4032796223958,140.36023457845053,10.255253632863363,223.46676127115884,101.29476165771484,218.9164276123047,0.0,0.0,332.0145975748698,842.6815592447916
SULTAN KUDARAT,2019.0,"MANGUDADATU, SUHARTO TAN",1,0.9597938060760498,67.41764831542969,1.1835744380950928,3,SOCCSKSARGEN,562.8368733723959,33.52083079020182,1225.2527262369792,374.8927001953125,378.41310628255206,0.0,0.0,705.2506713867188,2351.8111572265625,187.26965840657553,11.99472713470459,370.9882100423177,171.72382100423178,256.11835225423175,0.0,0.0,447.3284912109375,1093.7949829101562
SULTAN KUDARAT,2022.0,"MANGUDADATU, DATU PAX ALI SANGKI",1,0.9130010008811951,252.77745056152344,1.3304799795150757,3,SOCCSKSARGEN,,,,,,,,,,371.82615152994794,21.284718195597332,925.0860799153646,277.972900390625,355.59389241536456,0.0,0.0,632.9453125,1947.35107421875
SULU,1992.0,"LOONG, TUPAY T.",0,0.9489397406578064,0.7227370142936707,2.117029905319214,3,Zamboanga Peninsula,0.0,0.0,1.4264983137448628,0.0,45.3892567952474,0.0,0.0,29.595712025960285,82.74780019124348,,,,,,,,,
SULU,1998.0,"TAN, ABDUSAKUR M. SAKUR",0,0.7930184006690979,38.99916076660156,3.4949021339416504,3,Zamboanga Peninsula,2.397333304087321,0.0,59.08945274353027,0.0,37.62310981750488,0.0,0.0,51.31309382120768,216.6533457438151,0.0,0.0,3.7707183361053467,0.0,61.875161488850914,0.0,0.0,44.93869272867838,119.7433853149414
SULU,2001.0,"JIKIRI, YUSOP H.",0,0.943011462688446,0.382999986410141,1.793494701385498,3,Zamboanga Peninsula,3.9594386418660483,0.0,165.1149927775065,20.150333404541016,52.15911992390951,0.0,0.0,141.00521850585938,295.11241658528644,0.0,0.0,35.93555736541748,0.0,47.37308311462402,0.0,0.0,48.89174270629883,205.19808959960938
SULU,2004.0,"LOONG, BENJAMIN TUPAY",0,0.9976944923400879,0.7032186985015869,3.556551694869995,3,Zamboanga Peninsula,5.718844572703044,0.0,154.84499867757162,0.0,33.56918716430664,0.0,0.0,149.12615966796875,367.3744303385417,4.892333348592122,0.0,150.61500295003256,20.150333404541016,62.238999684651695,0.0,0.0,125.57233428955078,273.09600321451825
SULU,2007.0,"TAN, ABDUSAKUR MAHAIL",0,0.9791964888572693,0.9294204711914062,1.9993971586227417,3,Zamboanga Peninsula,13.546146392822266,0.019747332980235417,32.126416524251304,21.237314224243164,189.53111012776694,0.0,0.0,253.37338256835938,542.3732401529948,4.506492296854655,0.0,133.76396687825522,0.0,32.36633046468099,0.0,0.0,129.25747680664062,330.8157552083333
SULU,2010.0,"TAN, ABDUSAKUR MAHAIL",1,0.981096088886261,1.028818964958191,2.0848543643951416,3,BARMM,71.81992975870769,0.700000007947286,114.79553731282552,67.25374857584636,210.3016611735026,0.0,0.0,312.64365641276044,664.0453287760416,8.53179931640625,0.019747332980235417,74.12936019897461,10.287373224894205,126.28859965006511,0.0,0.0,187.4116414388021,459.66648356119794
SULU,2013.0,"TAN, ABDUSAKUR II ABUBAKAR",1,0.9437949657440186,2.4407894611358643,1.1748971939086914,3,BARMM,85.97153409322102,8.666666666666666,154.5412572224935,21.89244333902995,290.4627227783203,0.0,0.0,349.7074788411458,794.9629109700521,54.78292592366537,0.45000000794728595,100.16261672973633,44.92969004313151,217.91659545898438,0.0,0.0,335.3220520019531,655.1051839192709
SULU,2016.0,"TAN, ABDUSAKUR II ABUBAKAR",1,0.9463692307472229,2.0228404998779297,1.4733787775039673,3,BARMM,48.96141688028971,59.60972213745117,219.42090861002603,93.38643646240234,244.87508646647134,0.0,17.463333129882812,402.57776896158856,866.873779296875,54.48038673400879,8.916666666666666,131.5959676106771,55.16644287109375,228.08279418945312,0.0,0.0,325.8125915527344,711.0356648763021
SULU,2019.0,"TAN, ABDUSAKUR MAHAIL",1,0.9812120795249939,5.602501392364502,1.7228509187698364,3,BARMM,23.715054829915363,0.0,306.9245300292969,151.26539103190103,236.65013631184897,0.0,0.0,474.5628356933594,1018.1375325520834,93.78190739949544,24.40842564900716,192.48890177408853,74.29856618245442,325.3622639973958,0.0,0.0,391.00572713216144,908.8568929036459
SULU,2022.0,"TAN, ABDUSAKUR MAHAIL",1,0.9912747144699097,7.775575160980225,1.0,3,BARMM,,,,,,,,,,23.25632603963216,35.20129648844401,302.5856018066406,94.72056579589844,211.47994995117188,0.0,17.463333129882812,442.650390625,956.7159830729166
SURIGAO DEL NORTE,1992.0,"MATUGAS, FRANCISCO T.",0,0.859046459197998,6.625970840454102,3.5553550720214844,3,Northern Mindanao,0.0,0.0,52.85839398701986,0.0,28.59282334645589,0.0,0.0,20.59212811787923,122.57795969645183,,,,,,,,,
SURIGAO DEL NORTE,1998.0,"MATUGAS, FRANCISCO T.",1,0.9530125856399536,10.418551445007324,1.7887173891067505,3,CARAGA,4.651277860005696,0.49877798557281494,93.47355651855469,1.7323805491129558,57.88394673665365,0.0,0.0,62.491455078125,277.2804463704427,0.0,0.0,95.38135019938152,0.0,41.532082875569664,0.0,0.0,31.99694887797038,197.57744344075522
SURIGAO DEL NORTE,2001.0,"BARBERS, ROBERT LYNDON S.",0,0.9606484174728394,10.555216789245605,1.9268696308135986,3,CARAGA,20.24373467763265,3.1100637912750244,134.7474568684896,6.7673319180806475,36.92986551920573,0.0,0.0,104.62632497151692,253.5285847981771,0.0,0.0,92.4034652709961,0.0,60.024670918782554,0.0,0.0,52.374847412109375,274.6669209798177
SURIGAO DEL NORTE,2004.0,"BARBERS, ROBERT LYNDON SMITH",1,0.9029608368873596,33.986114501953125,1.8644465208053589,3,CARAGA,62.94768142700195,13.201911290486654,207.95299784342447,7.218041102091472,74.34872945149739,0.0,5.396200338999431,119.18916829427083,353.0957946777344,16.500960032145183,2.546941796938578,122.41113026936848,6.160463015238444,37.120338439941406,0.0,0.0,97.20276387532552,244.10396321614584
SURIGAO DEL NORTE,2007.0,"BARBERS, ROBERT ACE SMITH",1,0.9131675362586975,25.728479385375977,1.8728355169296265,3,CARAGA,72.5031140645345,8.755178133646647,82.38783009847005,32.295975844065346,123.29454040527344,0.0,1.787766933441162,143.6419245402018,411.5926818847656,47.36452039082845,9.403517882029215,183.01103719075522,7.228361447652181,41.139052073160805,0.0,3.608433405558268,115.40620676676433,305.2525126139323
SURIGAO DEL NORTE,2010.0,"MATUGAS, SOL FORCADILLA",0,0.6233775615692139,267.94586181640625,1.9961826801300049,3,CARAGA,23.00636386871338,5.900842348734538,36.62956237792969,15.872507095336914,202.57308959960938,0.0,0.0,304.23362223307294,564.0385945638021,80.02570343017578,11.317510922749838,127.6573994954427,27.70167891184489,128.88230641682944,0.0,3.575533866882324,129.97877502441406,420.9660949707031
SURIGAO DEL NORTE,2013.0,"MATUGAS, SOL FORCADILLA",1,0.6929826736450195,43.185935974121094,1.519282341003418,3,CARAGA,111.14349873860677,9.321375370025635,140.16514333089194,30.914000511169434,167.43250274658203,5.034504095713298,0.0,298.3813018798828,613.0783284505209,33.196988105773926,6.312651793162028,54.48349189758301,14.97385342915853,143.74805959065756,0.0,0.0,281.2953287760417,495.6104736328125
SURIGAO DEL NORTE,2016.0,"MATUGAS, SOL FORCADILLA",1,0.7613846063613892,119.46823120117188,1.7681635618209839,3,CARAGA,117.66488647460938,39.922159830729164,272.5337727864583,113.21584256490071,202.4521484375,1.7308810551961262,0.0,375.4127705891927,862.2780558268229,87.19726816813152,8.054444630940756,97.85052808125813,25.958476702372234,186.96691131591797,1.0387263298034668,0.0,259.218989054362,559.7676798502604
SURIGAO DEL NORTE,2019.0,"MATUGAS, FRANCISCO TINIO",1,0.78266841173172,156.9879150390625,1.8443201780319214,3,CARAGA,108.9881083170573,20.49334462483724,329.89963785807294,75.64705403645833,280.9477132161458,0.0,0.0,511.42869059244794,1142.3500366210938,102.05420430501302,15.678492863972982,195.00298055013022,71.54362551371257,218.08053588867188,5.726658821105957,0.0,353.9385172526042,776.794189453125
SURIGAO DEL NORTE,2022.0,"BARBERS, ROBERT LYNDON SMITH",0,0.8111057877540588,166.54653930664062,1.9114629030227661,3,CARAGA,,,,,,,,,,100.31496683756511,37.6434211730957,355.00267537434894,92.27314758300781,240.7047576904297,0.0,0.0,446.7859700520833,1059.7730305989583
SURIGAO DEL SUR,1992.0,"MURILLO, PRIMO T.",0,0.615635335445404,34.11570358276367,3.5879151821136475,3,Davao Region,0.0,0.0,59.37365976969401,0.0,27.149477005004883,0.0,0.0,24.17127291361491,168.17565155029297,,,,,,,,,
SURIGAO DEL SUR,1998.0,"MURILLO, PRIMO T.",1,0.8976584672927856,24.18998908996582,1.6925392150878906,3,CARAGA,18.966047922770183,2.8233118057250977,127.55820719401042,0.4145273764928182,57.43771616617838,0.0,0.0,125.40936787923177,328.23597208658856,0.0,0.0,78.7964375813802,0.0,34.337486267089844,0.0,0.0,37.235591888427734,213.20466105143228
SURIGAO DEL SUR,2001.0,"PIMENTEL, VICENTE JR. TY",0,0.9271243810653687,15.397445678710938,2.971220016479492,3,CARAGA,65.48572794596355,5.868184248606364,232.19725545247397,1.17983877658844,56.49194844563802,3.5396947860717773,0.2116666634877523,155.91214497884116,371.6801452636719,0.0,0.0,76.7561747233073,0.0,54.03999455769857,0.0,0.0,95.6968510945638,294.5557047526042
SURIGAO DEL SUR,2004.0,"PIMENTEL, VICENTE JR. TY",1,0.9356095790863037,19.788707733154297,1.360162377357483,3,CARAGA,62.54976272583008,7.800571282704671,258.7516835530599,1.0224437316258748,54.2239138285319,0.0,0.0,187.37891133626303,401.00962320963544,61.16538619995117,6.8375137646993,232.94910176595053,1.215788761774699,57.4976437886556,3.5396947860717773,0.2116666634877523,159.9790496826172,372.45616658528644
SURIGAO DEL SUR,2007.0,"PIMENTEL, VICENTE JR. TY",1,0.9287950992584229,25.756025314331055,1.033781886100769,3,CARAGA,100.13257853190105,8.52573331197103,102.78491719563802,23.0855260292689,114.89981079101562,0.0,0.0,297.72190856933594,584.9153035481771,60.31242243448893,6.627037525177002,221.51403299967447,0.9933432737986246,47.496453603108726,0.0,0.0,153.58123270670572,339.62481689453125
SURIGAO DEL SUR,2010.0,"PIMENTEL, JOHNNY TY",1,0.9100350141525269,56.382911682128906,1.4461606740951538,3,CARAGA,127.64824930826823,10.025066057840982,126.09638214111328,34.715907414754234,176.07494608561197,0.0,0.0,351.50830078125,703.5160929361979,91.10569254557292,8.74808661142985,165.76468912760416,11.390584707260132,98.69805908203125,0.0,0.0,283.6137288411458,574.6556599934896
SURIGAO DEL SUR,2013.0,"PIMENTEL, JOHNNY TY",1,0.8743805885314941,35.155399322509766,1.0782090425491333,3,CARAGA,107.37771987915039,9.8116262058417,208.39393107096353,54.551283518473305,236.4420623779297,0.0,0.0,494.15769449869794,938.9936930338541,119.04781341552734,9.688445727030436,164.23125712076822,35.495002110799156,148.63330078125,0.0,0.0,331.61072794596356,646.9984537760416
SURIGAO DEL SUR,2016.0,"PIMENTEL, VICENTE JR. TY",1,0.9189934134483337,46.795387268066406,1.6824334859848022,3,CARAGA,179.04670206705728,22.612804412841797,255.49152628580728,53.83201344807943,182.96139526367188,0.0,0.0,628.7011108398438,1073.7715657552083,102.8906135559082,8.98478834827741,148.5759251912435,46.34005482991537,225.30440266927084,0.0,0.0,412.12115478515625,833.3147583007812
SURIGAO DEL SUR,2019.0,"PIMENTEL, ALEXANDER TY",1,0.918493926525116,91.9808349609375,3.3307836055755615,3,CARAGA,173.36749267578125,11.813664754231771,341.0608418782552,63.9178721110026,184.38077290852866,0.0,0.0,883.96533203125,1440.0802815755208,162.54455057779947,17.673062006632488,239.50748697916666,59.28987503051758,213.87889099121094,0.0,0.0,608.9502156575521,1062.6235758463542
SURIGAO DEL SUR,2022.0,"PIMENTEL, ALEXANDER TY",1,0.9238770604133606,104.65122985839844,1.8924106359481812,3,CARAGA,,,,,,,,,,150.82405598958334,14.815195719401041,303.6368916829427,46.03582763671875,163.0472869873047,0.0,0.0,771.6195068359375,1262.1670735677083
TARLAC,1992.0,"COJUANGCO, MARGARITA R.",0,0.6577835083007812,32.18855667114258,1.7266814708709717,3,Central Luzon,0.0,0.0,68.30980809529622,0.0,26.739255905151367,0.0,0.0,33.82166989644369,204.93485005696616,,,,,,,,,
TARLAC,1995.0,"COJUANGCO, MARGARITA REYES DE LOS",1,0.765658438205719,55.28956985473633,1.1319248676300049,3,Central Luzon,0.0,0.0,120.80934651692708,0.0,67.32048670450847,0.0,0.0,64.98932393391927,304.48923746744794,0.0,0.0,43.23001225789388,0.0,25.51700782775879,0.0,0.0,30.620059331258137,163.748779296875
TARLAC,1998.0,"YAP, JOSE V.",0,0.7515324950218201,87.34286499023438,1.9044924974441528,3,Central Luzon,7.001448313395183,6.605325698852539,207.4211680094401,1.4775257110595703,58.68901443481445,0.0,20.71050262451172,136.45878092447916,415.91700236002606,0.0,0.0,105.83789571126302,0.0,60.08826700846354,0.0,0.0,49.95263989766439,266.29639689127606
TARLAC,2001.0,"YAP, JOSE V.",1,0.690200686454773,130.08790588378906,2.6944258213043213,3,Central Luzon,126.05606333414714,10.541444142659506,403.74460856119794,3.7805190483729043,25.096980094909668,0.9415640036265055,38.51747099558512,223.90754191080728,546.4086100260416,0.0,0.0,138.1412556966146,0.0,63.32766342163086,0.0,0.0,81.94011688232422,384.9709065755208
TARLAC,2004.0,"YAP, JOSE VILLA AGUSTIN",1,0.8294460773468018,96.9864501953125,1.272507667541504,3,Central Luzon,166.61581420898438,9.404329299926758,434.57037353515625,7.283894379933675,49.275715827941895,0.0,22.419159253438313,228.8471883138021,583.5414632161459,88.38412094116211,13.012107849121094,402.27622477213544,4.650092760721843,35.27847226460775,0.9415640036265055,53.14447053273519,242.14387003580728,524.6320495605469
TARLAC,2007.0,"YAP, VICTOR ARENO",1,0.7936557531356812,155.91043090820312,1.9379427433013916,3,Central Luzon,228.04546101888022,9.72581704457601,178.10433959960938,10.315818468729654,64.89011891682942,0.0,22.16310183207194,334.08286539713544,684.1842041015625,139.4224599202474,10.321569124857584,352.6751302083333,3.185449004173279,22.570683161417644,0.0,16.147369066874187,183.5982869466146,510.91722615559894
TARLAC,2010.0,"YAP, VICTOR ARENO",1,0.8066109418869019,185.03948974609375,1.2442328929901123,3,Central Luzon,320.3478088378906,16.59296194712321,225.5436782836914,5.770926634470622,50.907161712646484,0.0,18.91702715555827,476.34665934244794,893.7203369140625,217.02486673990884,9.861273447672525,283.1883138020833,11.621934572855631,77.9655876159668,0.0,29.690825780232746,320.4078674316406,690.7169392903646
TARLAC,2013.0,"YAP, VICTOR ARENO",1,0.7255669832229614,383.5094299316406,1.6468478441238403,3,Central Luzon,281.1745249430339,22.44497553507487,481.3986409505208,4.1986143589019775,55.442694346110024,0.0,33.15318806966146,596.8140055338541,1133.6553141276042,281.7109883626302,12.62519105275472,318.42835489908856,7.858730792999268,53.096246083577476,0.0,16.233444213867188,424.3472188313802,803.5980224609375
TARLAC,2016.0,"SULIT, SUSAN YAP",0,0.8544827103614807,233.82437133789062,1.5945651531219482,3,Central Luzon,421.3372802734375,27.846046765645344,552.0508829752604,51.69545761744181,97.63682047526042,0.0,51.17210133870443,649.1897481282552,1302.2267252604167,302.8028208414714,23.442841211954754,355.05257924397785,3.566986004511515,50.068625132242836,0.0,20.89763832092285,604.6783854166666,1145.8849283854167
TARLAC,2019.0,"SULIT, SUSAN YAP",1,0.8220575451850891,393.72235107421875,1.0,3,Central Luzon,292.6287825504939,21.019215748955805,759.2082926432291,170.6528352101644,136.57067108154297,12.399317423502604,41.592882792154946,810.5413208007812,1726.5073649088542,404.81360880533856,29.281890233357746,497.6506652832031,13.039412021636963,71.12992986043294,0.0,50.51576487223307,573.3765360514323,1142.1571451822917
TARLAC,2022.0,"SULIT, SUSAN YAP",1,0.871285080909729,450.8349914550781,1.0,3,Central Luzon,,,,,,,,,,262.83892659346265,15.128968721876541,674.9868774414062,128.6845760345459,132.10300954182944,6.199658711751302,41.21947987874349,758.1010131835938,1581.4601236979167
TAWI-TAWI,1992.0,"MATBA, HADJARIL D.",0,0.996665358543396,0.108365997672081,1.9726433753967285,3,Zamboanga Peninsula,0.0,0.0,1.0625889798005421,0.0,5.767811934153239,0.0,0.0,31.628921508789062,53.036398569742836,,,,,,,,,
TAWI-TAWI,1998.0,"SAHALI, SADIKUL ADALLA",0,0.9994672536849976,0.05622899904847145,1.6337659358978271,3,Zamboanga Peninsula,0.2363365093866984,0.0,32.26871911684672,0.0,24.73706849416097,0.0,2.566113313039144,80.48794047037761,134.14351654052734,0.0,0.0,13.547865629196167,0.0,7.621280670166016,0.0,0.0,35.036434173583984,66.95396169026692
TAWI-TAWI,2001.0,"MATBA, RASHIDIN H.",0,0.999351978302002,0.10821797698736191,1.9959012269973755,3,Zamboanga Peninsula,0.7892900109291077,2.3977177143096924,167.89088439941406,1.584661841392517,37.67673873901367,0.0,26.330801010131836,136.78842163085938,236.98838806152344,0.0,0.0,1.8511470953623455,0.0,23.846824645996094,0.0,0.0,74.14251708984375,118.63187662760417
TAWI-TAWI,2004.0,"SAHALI, SADIKUL ADALLA",0,1.0,0.0,1.0,3,Zamboanga Peninsula,2.1666666666666665,1.6666666666666667,179.78866577148438,0.7423333128293356,45.05600102742513,0.0,37.0260009765625,138.18700154622397,293.093994140625,0.7625298500061035,1.5984784762064617,142.86575063069662,1.0564412275950115,30.353824297587078,0.0,20.119980653127033,119.32832590738933,205.91226196289062
TAWI-TAWI,2007.0,"SAHALI, SADIKUL ADALLA",1,0.9684736132621765,0.013000000268220901,1.840941071510315,3,Zamboanga Peninsula,4.946757793426514,8.823019663492838,29.10165023803711,8.284873326619467,57.49334971110026,0.0,26.468000411987305,233.0640411376953,362.56292724609375,1.7630966703097026,2.4659059047698975,175.4139607747396,1.0292206009229024,42.57858022054037,0.0,27.289934158325195,142.86580912272134,279.30479431152344
TAWI-TAWI,2010.0,"SAHALI, SADIKUL ADALLA",1,0.9859591722488403,0.7465266585350037,1.9620208740234375,3,BARMM,10.989787658055624,13.33233642578125,48.46698125203451,19.778181076049805,111.99896748860677,0.0,19.237149238586426,288.43853759765625,470.8879699707031,4.177508354187012,2.1573219299316406,76.17413330078125,3.3619702657063804,50.0093739827474,0.0,44.981000900268555,166.56769816080728,310.4828694661458
TAWI-TAWI,2013.0,"SAHALI, NURBERT MAQUISO",1,0.9500133991241455,7.842881202697754,1.9151594638824463,3,BARMM,98.80143038431804,102.35486030578613,70.74063491821289,37.52599080403646,57.763607025146484,9.122772852579752,0.0,452.7887776692708,581.5981241861979,8.34170413017273,16.6656977335612,53.89977137247721,17.109357515970867,91.34265645345052,0.0,11.783010800679525,310.3553771972656,461.71335856119794
TAWI-TAWI,2016.0,"MATBA, RASHIDIN HALUN",0,0.9322069883346558,1.5274320840835571,1.787482738494873,3,BARMM,38.902347564697266,48.74400075276693,122.34634653727214,33.59999974568685,149.41424814860025,0.0,1.099999984105428,522.2304077148438,793.9910074869791,94.54095077514648,94.35386339823405,50.562548319498696,37.025717417399086,79.71981557210286,9.122772852579752,7.454138437906901,361.67029825846356,509.79123942057294
TAWI-TAWI,2019.0,"SALI, YSHMAEL ISMAEL",0,0.9811373949050903,1.6131850481033325,1.7058122158050537,3,BARMM,77.84012858072917,55.573333740234375,308.88087463378906,95.0,202.58708699544272,0.0,0.0,767.2481282552084,1278.7161051432292,35.79389635721842,43.37466684977213,109.5352300008138,29.266666412353516,105.6907107035319,0.0,1.099999984105428,518.8242797851562,734.0502319335938
TAWI-TAWI,2022.0,"SALI, YSHMAEL ISMAIL",1,0.9835532903671265,5.694390773773193,1.720454216003418,3,BARMM,,,,,,,,,,50.37299474080404,44.48933410644531,235.4964116414388,60.166666666666664,196.11649068196616,0.0,0.0,667.1700236002604,1098.782938639323
ZAMBALES,1998.0,"MAGSAYSAY, VICENTE PULIDO",0,0.7957168221473694,24.00072479248047,3.94429349899292,3,Central Luzon,27.754445393880207,1.579630692799886,117.69217427571614,0.3879383405049642,81.876890818278,0.0,0.0,70.6123873392741,290.3836313883464,0.0,0.0,60.56018829345703,0.0,35.26234563191732,0.0,0.0,41.483052571614586,175.60647583007812
ZAMBALES,2001.0,"MAGSAYSAY, VICENTE PULIDO",1,0.7936192750930786,33.709259033203125,2.664259433746338,3,Central Luzon,90.76092783610027,8.526291052500406,204.42015584309897,1.168015480041504,87.69942220052083,0.0,0.0,103.96492258707683,365.8164367675781,0.0,0.0,80.71066792805989,0.0,52.70783233642578,0.0,0.0,52.52991612752279,243.10440063476562
ZAMBALES,2004.0,"MAGSAYSAY, VICENTE PULIDO",1,0.832442581653595,37.58899688720703,1.7512820959091187,3,Central Luzon,70.60988871256511,17.399675051371258,186.43713887532553,0.8270665109157562,87.66777801513672,0.0,0.0,97.60050710042317,357.67235310872394,87.0393803914388,6.412446975708008,196.48279825846353,1.1761600176493328,104.08526357014973,0.0,0.0,101.8548100789388,344.667236328125
ZAMBALES,2007.0,"DELOSO, AMOR DOMINADO",0,0.7976177334785461,90.62521362304688,2.210883140563965,3,Central Luzon,99.77395121256511,30.791112263997395,97.08788553873698,1.7334755659103394,74.60979334513347,0.0,0.0,172.16070302327475,428.5177714029948,74.06165313720703,14.258098602294922,183.3093465169271,0.8554867605368296,80.23207346598308,0.0,0.0,94.13410949707031,349.14744059244794
ZAMBALES,2010.0,"EBDANE, HERMOGENES, JR. EDEJER",0,0.8208127021789551,127.7225341796875,1.8233330249786377,3,Central Luzon,127.80902608235677,41.95508130391439,111.09834436575572,1.812487284342448,63.85722732543945,0.0,0.0,241.78336588541666,497.9715576171875,89.15712229410808,27.86717351277669,121.7185567220052,1.136124054590861,94.42930221557617,0.0,0.0,143.7111612955729,432.56475830078125
ZAMBALES,2013.0,"EBDANE, HERMOGENES, JR. EDEJER",1,0.733111560344696,239.19395446777344,1.827680230140686,3,Central Luzon,250.84369150797525,42.72424062093099,173.1374257405599,39.9941455523173,60.883645375569664,0.0,46.52613321940104,316.0437927246094,585.9023640950521,127.27147165934245,30.414435704549152,159.97989400227866,2.2939918438593545,54.200069427490234,0.0,0.0,231.07212829589844,465.01878865559894
ZAMBALES,2016.0,"DELOSO, AMOR DOMINADO",0,0.7851898670196533,243.52830505371094,1.7828880548477173,3,Central Luzon,190.56602986653647,101.47135416666667,296.1891225179036,2.5550530751546225,74.251220703125,1.5966889063517253,0.0,381.5467224121094,769.57275390625,237.6170399983724,49.64226404825846,106.35330347220103,39.996896942456566,67.94826889038086,0.0,46.52613321940104,261.41562906901044,532.5445556640625
ZAMBALES,2019.0,"EBDANE JR., HERMOGENES EDEJER",0,0.6383613348007202,411.42828369140625,1.848516821861267,3,Central Luzon,309.23221556345624,66.78900655110677,694.7315063476562,122.96316798528035,170.35665893554688,0.05250333249568939,0.0,632.3539530436198,1500.6394449869792,178.7101847330729,61.49659729003906,243.1550038655599,1.926836411158244,66.2334976196289,1.0213918685913086,0.0,383.2408752441406,714.8760986328125
ZAMBALES,2022.0,"EBDANE, HERMOGENES JR. EDEJER",0,0.5762823224067688,741.4381103515625,1.681246042251587,3,Central Luzon,,,,,,,,,,220.60024738311768,87.75087229410808,568.3666788736979,63.71939746538798,154.2768351236979,0.6015487040082613,0.0,527.005859375,1256.6778564453125
ZAMBOANGA DEL NORTE,1992.0,"AMATONG, ISAGANI S.",0,0.8500834107398987,8.714653015136719,2.217165470123291,3,Zamboanga Peninsula,0.0,0.0,60.52431615193685,0.0,50.029598236083984,0.0,0.0,27.666255315144856,197.9799601236979,,,,,,,,,
ZAMBOANGA DEL NORTE,1998.0,"AMATONG, ISAGANI S.",1,0.8387917280197144,61.75324249267578,2.7057437896728516,3,Zamboanga Peninsula,30.8021240234375,2.468517303466797,156.99982452392578,1.4710143407185872,136.97603607177734,0.23885546127955118,0.0,91.1171760559082,433.0320739746094,0.0,0.0,95.54235076904297,0.0,65.62926483154297,0.0,0.0,51.619275410970054,287.8707275390625
ZAMBOANGA DEL NORTE,2001.0,"AMATONG, ISAGANI S.",1,0.8040125966072083,98.63258361816406,1.5704436302185059,3,Zamboanga Peninsula,102.11113993326823,6.8342963854471845,221.9239756266276,8.518441359202066,238.45751953125,0.0,0.0,104.46010080973308,521.3604227701823,0.0,0.0,117.68096669514973,0.0,108.84581247965495,0.0,0.0,68.97455469767253,413.9771016438802
ZAMBOANGA DEL NORTE,2004.0,"YEBES, ROLANDO ENRIQUEZ",0,0.7519811987876892,176.72764587402344,1.94727623462677,3,Zamboanga Peninsula,139.08244832356772,9.480337142944336,370.8409423828125,5.312609672546387,359.18321736653644,0.0,0.0,216.96554565429688,868.2201131184896,97.48138682047527,6.621647993723552,232.03848266601562,6.543504238128662,217.6045125325521,0.23885546127955118,0.0,121.15309143066406,480.9662679036458
ZAMBOANGA DEL NORTE,2007.0,"YEBES, ROLANDO ENRIQUEZ",1,0.8387543559074402,131.25596618652344,1.6619292497634888,3,Zamboanga Peninsula,140.95674641927084,10.442216237386068,122.72347005208333,23.14550979932149,377.77671305338544,0.3233031431833903,0.0,226.16693115234375,865.4749755859375,126.91333770751953,8.893397649129232,345.4361063639323,7.483352899551392,337.4223988850911,0.0,0.0,202.1460189819336,782.3246053059896
ZAMBOANGA DEL NORTE,2010.0,"YEBES, ROLANDO ENRIQUEZ",1,0.7852247953414917,121.77213287353516,1.8081040382385254,3,Zamboanga Peninsula,127.02074432373047,9.368770758310953,113.25015544891357,20.927247047424316,403.5385437011719,0.0,0.0,284.5492655436198,857.0511271158854,144.54029337565103,12.542254130045572,167.13739522298178,17.682645320892334,342.595703125,0.3233031431833903,0.0,185.39635213216147,859.0679728190104
ZAMBOANGA DEL NORTE,2013.0,"UY, ROBERTO YU",0,0.9056597948074341,107.5077896118164,1.7053114175796509,3,Zamboanga Peninsula,90.59904829661052,12.893421490987143,141.07210795084634,14.204814275105795,310.78953043619794,0.0,0.0,487.9049479166667,962.6067097981771,129.03461456298828,8.473799705505371,161.75957234700522,24.251157760620117,388.0025634765625,0.0,0.0,278.74815368652344,837.8670450846354
ZAMBOANGA DEL NORTE,2016.0,"UY, ROBERTO YU",1,0.8705934286117554,228.70547485351562,1.7125251293182373,3,Zamboanga Peninsula,213.56583404541016,10.430304845174154,230.2835947672526,6.287453015645345,264.5181350708008,0.0,0.0,765.6104125976562,1286.1803792317708,88.20618025461833,11.288334051767984,94.15641562143962,15.353683789571127,358.6724446614583,0.0,0.0,388.42734781901044,906.0946248372396
ZAMBOANGA DEL NORTE,2019.0,"UY, ROBERTO YU",1,0.9533529281616211,95.62883758544922,2.1317248344421387,3,Zamboanga Peninsula,256.66721598307294,4.620982805887858,385.5867563883464,39.04174041748047,151.12232462565103,0.0,0.0,1069.5848999023438,1641.597900390625,160.7490666707357,10.495526949564615,177.98013814290366,6.735546112060547,323.78321329752606,0.0,0.0,611.1722412109375,1140.0626220703125
ZAMBOANGA DEL NORTE,2022.0,"JALOSJOS, ROSALINA GARCIA",0,0.9535892605781555,157.1841278076172,2.0431129932403564,3,Zamboanga Peninsula,,,,,,,,,,225.54681396484375,5.913395086924235,338.0550893147786,21.338069597880047,135.51905059814453,0.0,0.0,1042.422139485677,1545.7023111979167
ZAMBOANGA DEL SUR,1992.0,"REAL, ISIDORO JR. E.",0,0.9404324889183044,5.530501842498779,3.033428430557251,3,Zamboanga Peninsula,0.0,0.0,72.03897857666016,0.0,54.33734385172526,0.0,0.0,51.943066914876304,242.51793924967447,,,,,,,,,
ZAMBOANGA DEL SUR,1998.0,"REAL, ISIDORO JR. E.",1,0.7602819800376892,123.62781524658203,1.8971729278564453,3,Zamboanga Peninsula,13.290332794189453,9.353000005086264,261.0952657063802,11.356999715169271,127.27655283610027,0.0,0.17466666301091513,195.20599365234375,626.9040934244791,0.0,0.0,130.65074920654297,0.0,86.00686645507812,0.0,0.0,82.14127985636394,337.6321207682292
ZAMBOANGA DEL SUR,2001.0,"CERILLES, AURORA ENERIO",0,0.7904239892959595,42.73400115966797,1.8525482416152954,3,Zamboanga Peninsula,16.976754188537598,4.454901218414307,203.35025533040366,7.032678127288818,140.69562530517578,0.0,0.0,174.88592020670572,507.0056457519531,0.0,0.0,180.94123331705728,0.0,115.29476165771484,0.0,0.0,140.9720001220703,574.2295328776041
ZAMBOANGA DEL SUR,2004.0,"CERILLES, AURORA ENERIO",1,0.9467992186546326,25.290998458862305,1.8612216711044312,3,Zamboanga Peninsula,11.553562800089518,6.1439032554626465,294.1040395100911,4.784918308258057,107.16082509358723,0.0,0.0,271.6216634114583,515.5997823079427,25.687161763509113,12.411856333414713,276.17645263671875,15.764750957489014,158.4003168741862,0.0,0.17466666301091513,222.1380157470703,595.9217427571615
ZAMBOANGA DEL SUR,2007.0,"CERILLES, AURORA ENERIO",1,0.8466278910636902,36.340877532958984,1.1854770183563232,3,Zamboanga Peninsula,9.394632816314697,6.345867156982422,12.799545605977377,4.027442057927449,120.86233266194661,0.0,0.0,384.0612284342448,563.6425577799479,12.996657371520996,5.189492225646973,233.68508911132812,5.928735097249349,109.50944519042969,0.0,0.0,209.5702107747396,459.7514953613281
ZAMBOANGA DEL SUR,2010.0,"CERILLES, ANTONIO HERRERA",1,0.9223116636276245,70.45526885986328,1.5045700073242188,3,Zamboanga Peninsula,15.101439158121744,16.815214157104492,54.533644358317055,33.89131244023641,200.5148671468099,0.0,0.0,484.32635498046875,762.1001180013021,10.264764149983725,7.94625981648763,128.36199061075845,4.694337209065755,113.61076354980469,0.0,0.0,385.67798868815106,600.0962320963541
ZAMBOANGA DEL SUR,2013.0,"CERILLES, ANTONIO HERRERA",1,0.8352981805801392,137.77232360839844,1.0,3,Zamboanga Peninsula,53.22429879506429,18.718472798665363,58.0578244527181,18.41323757171631,310.22064717610675,0.0,0.0,341.1122131347656,752.6171264648438,11.84039862950643,11.818696022033691,43.54944642384847,19.89035201072693,177.03070068359375,0.0,0.0,447.32448323567706,667.9046223958334
ZAMBOANGA DEL SUR,2016.0,"CERILLES, ANTONIO HERRERA",1,0.7920057773590088,275.5014953613281,1.1537327766418457,3,Zamboanga Peninsula,183.93309879302979,26.953838348388672,264.936767578125,54.04982884724935,176.5887018839518,0.0,0.0,440.61977132161456,907.175537109375,54.32050132751465,16.02111879984538,52.460034688313804,25.69092019399007,249.26538594563803,0.0,0.0,372.32480875651044,727.4359741210938
ZAMBOANGA DEL SUR,2019.0,"YU, VICTOR JO",0,0.9219096899032593,139.03208923339844,1.664717674255371,3,Zamboanga Peninsula,198.6925252278646,26.469650268554688,389.6891377766927,32.6751963297526,103.6886469523112,0.0,0.0,765.1840209960938,1260.6017659505208,103.08232307434082,29.224908192952473,182.80803553263345,50.500800450642906,270.4748128255208,0.0,0.0,371.0898132324219,855.1593424479166
ZAMBOANGA DEL SUR,2022.0,"YU, VICTOR JO",1,0.9219663739204407,233.51837158203125,1.9501608610153198,3,Zamboanga Peninsula,,,,,,,,,,184.62857564290366,19.407690684000652,363.31214396158856,27.42411931355794,100.07869720458984,0.0,0.0,678.1702473958334,1149.7521158854167
ZAMBOANGA SIBUGAY,2001.0,"HOFER, GEORGE TACAO",0,0.9823884963989258,1.931746482849121,1.8863283395767212,3,Zamboanga Peninsula,4.171764691670735,2.601085086663564,178.80982462565103,11.010528882344564,103.36989847819011,0.0,0.0,161.02644856770834,335.7862040201823,,,,,,,,,
ZAMBOANGA SIBUGAY,2004.0,"HOFER, GEORGE TACAO",1,0.939633309841156,18.28833770751953,2.5487349033355713,3,Zamboanga Peninsula,12.331414858500162,3.8642470836639404,207.6372833251953,9.130698204040527,100.22851308186848,0.0,0.0,182.31092834472656,417.3879699707031,4.60782527923584,0.7087843219439188,144.70613861083984,10.002013524373373,83.03356679280598,0.0,0.0,129.38751729329428,264.7195790608724
ZAMBOANGA SIBUGAY,2007.0,"HOFER, GEORGE TACAO",1,0.9464485049247742,19.721220016479492,1.7924748659133911,3,Zamboanga Peninsula,46.38583278656006,5.363768180211385,77.16362762451172,32.84667078653971,173.25848134358725,0.0,0.0,255.33478800455728,572.3240763346354,12.925982475280762,4.699082612991333,190.47713724772134,8.91002114613851,96.27274576822917,0.0,0.0,163.94205729166666,371.38037109375
ZAMBOANGA SIBUGAY,2010.0,"JALOSJOS, ROMMEL APOLINARIO",0,0.8287538886070251,28.541576385498047,1.8954353332519531,3,Zamboanga Peninsula,31.4853458404541,11.04969342549642,46.75666745503744,24.180960337320965,154.82242329915366,0.0,0.0,286.3145446777344,548.3704833984375,39.14305432637533,5.255226135253906,123.28768412272136,19.282923380533855,129.5192616780599,0.0,0.0,220.70228068033853,504.19036865234375
ZAMBOANGA SIBUGAY,2013.0,"PALMA, WILTER YAP",0,0.9189718961715698,39.42887496948242,1.9581784009933472,3,Zamboanga Peninsula,164.15730667114258,15.286967277526855,137.68167368570963,175.06090195973715,101.39649454752605,0.0,0.0,292.1236165364583,553.0328063964844,26.952807744344074,7.608882506688436,71.8269780476888,37.26528739929199,167.30762227376303,0.0,0.0,301.9667663574219,578.0146280924479
ZAMBOANGA SIBUGAY,2016.0,"PALMA, WILTER YAP",1,0.9111064672470093,93.56282806396484,1.7196836471557617,3,Zamboanga Peninsula,171.4296620686849,20.335960865020752,211.71948750813803,19.95386028289795,99.93457285563152,0.0,0.0,344.6295878092448,678.5605061848959,129.2495206197103,10.529762903849283,71.98298327128093,168.98653507232666,135.6125233968099,0.0,0.0,279.96315511067706,536.3341573079427
ZAMBOANGA SIBUGAY,2019.0,"PALMA, WILTER YAP",1,0.9433236718177795,76.73149108886719,1.9414104223251343,3,Zamboanga Peninsula,216.4313761393229,0.0,337.95619710286456,23.051839192708332,168.232297261556,0.0,0.0,625.5433044433594,1157.161865234375,149.2102254231771,27.378101984659832,199.35279846191406,22.764465649922688,97.40830993652344,0.0,0.0,301.4781188964844,619.6576741536459
ZAMBOANGA SIBUGAY,2022.0,"HOFER, DULCE ANN KINTANAR",0,0.9469023942947388,118.23590850830078,1.8646903038024902,3,Zamboanga Peninsula,,,,,,,,,,180.69542439778647,2.3218814531962075,299.557373046875,18.06708526611328,135.91234334309897,0.0,0.0,537.9322611490885,999.7435302734375
