LGU_clean,election_year,incumbent_name,dynasty,health_post3,educ_post3,pubwelf_post3,health_pre,educ_pre,pubwelf_pre,ira_share,local_rev_pc,enc_gol,income_class,region
ABRA,1992.0,"VALERA, VICENTE P.",0,0.0,0.0,9.614391485850016,,,,0.9713652729988098,1.194074034690857,1.8491697311401367,3,CAR
ABRA,1995.0,"VALERA, VICENTE YSIDRO P.",1,0.0,0.0,19.44719918568929,0.0,0.0,7.4050685067971544,0.971737265586853,3.0223870277404785,1.0989365577697754,3,CAR
ABRA,1998.0,"VALERA, MA. ZITA CLAUSTRO",1,24.752644856770832,0.3524893522262573,87.72688547770183,0.0,0.0,7.066813945770264,0.720106303691864,60.83515167236328,1.9435614347457886,3,CAR
ABRA,2001.0,"VALERA, VICENTE P.",1,87.7630844116211,1.3307931174834569,161.7084757486979,0.0,0.0,53.222320556640625,0.7494106292724609,12.709433555603027,1.5489224195480347,3,CAR
ABRA,2004.0,"VALERA, VICENTE P.",1,128.00233205159506,1.9244939982891083,221.39258321126303,82.26456451416016,0.8848159462213516,155.25762939453125,0.7019723653793335,28.07851219177246,1.3217536211013794,3,CAR
ABRA,2007.0,"BERSAMIN, EUSTAQUIO PURUGGANAN",0,112.88697306315105,2.1403429905573526,81.84367116292317,116.78360239664714,2.189302533864975,205.89335123697916,0.6864194273948669,27.399410247802734,1.6443742513656616,3,CAR
ABRA,2010.0,"BERSAMIN, EUSTAQUIO PURUGGANAN",1,147.59911092122397,2.734628995259603,118.61344559987386,114.79141743977864,1.8016270001729329,107.79455312093098,0.6387047171592712,33.210941314697266,1.0463632345199585,3,CAR
ABRA,2013.0,"BERSAMIN, EUSTAQUIO PURUGGANAN",1,159.8714141845703,4.407881498336792,231.52953084309897,133.18737284342447,2.431761105855306,159.37537638346353,0.6478574275970459,40.51002502441406,1.2446894645690918,3,CAR
ABRA,2016.0,"BERNOS, MARIA JOCELYN VALERA",0,319.81048075358075,4.1124541362126665,349.06895955403644,136.3711954752604,3.616501967112223,148.80538590749106,0.640135645866394,120.55709838867188,1.939278483390808,3,CAR
ABRA,2019.0,"BERNOS, MARIA JOCELYN VALERA",1,210.9716796875,9.884470224380493,381.2784423828125,319.16994222005206,5.8430148760477705,349.1356913248698,0.9420928955078125,62.74435806274414,1.325655221939087,3,CAR
ABRA,2022.0,"VALERA, DOMINIC BOSUEGO",0,,,,183.6037851969401,5.2204142808914185,339.4328206380208,0.5466043949127197,45.11509323120117,2.03773832321167,3,CAR
AGUSAN DEL NORTE,1992.0,"RAMA, EDUARDO L.",0,0.0,0.0,25.981421152750652,,,,0.9123236536979675,3.3134539127349854,2.195413112640381,3,Northern Mindanao
AGUSAN DEL NORTE,1998.0,"AMANTE, MA. ANGELICA ROSEDEL M.",0,24.29014841715495,1.5766619046529133,95.23484293619792,0.0,0.0,45.748565673828125,0.8666124939918518,26.187528610229492,1.3978537321090698,3,CARAGA
AGUSAN DEL NORTE,2001.0,"AMANTE, MA. ANGELICA ROSEDEL M.",1,79.21876525878906,4.911719083786011,155.04244995117188,0.0,0.0,68.44318008422852,0.8825214505195618,24.241641998291016,1.7060596942901611,3,CARAGA
AGUSAN DEL NORTE,2004.0,"AMANTE, ERLPE JOHN MALBAS",1,90.3401590983073,6.023196856180827,176.45850118001303,76.31055450439453,4.135044972101848,149.77447509765625,0.8529312014579773,46.48041534423828,1.9312349557876587,3,CARAGA
AGUSAN DEL NORTE,2007.0,"AMANTE, ERLPE JOHN MALBAS",1,103.3436991373698,6.692599773406982,82.77908070882161,85.46903737386067,6.429290135701497,164.8451131184896,0.8223384618759155,73.7529296875,1.683421015739441,3,CARAGA
AGUSAN DEL NORTE,2010.0,"AMANTE, ERLPE JOHN MALBAS",1,121.20426432291667,5.50476090113322,115.73641586303711,101.17522939046223,6.944760640462239,108.60221354166667,0.8800057172775269,60.4844970703125,1.242190957069397,3,CARAGA
AGUSAN DEL NORTE,2013.0,"AMANTE, MA. ANGELICA ROSEDEL M.",1,162.5146026611328,9.72693920135498,267.7010752360026,115.1118672688802,4.933977444966634,134.2731196085612,0.8599756360054016,85.57738494873047,1.0,3,CARAGA
AGUSAN DEL NORTE,2016.0,"MATBA, MA. ANGELICA ROSEDELL AMANTE",0,199.14152018229166,13.996487140655518,282.31951904296875,146.40556844075522,10.201668580373129,192.59215927124023,0.8222081065177917,150.7909393310547,1.8534015417099,3,CARAGA
AGUSAN DEL NORTE,2019.0,"CORVERA, DALE BOKINGO",0,172.27823893229166,24.052037556966145,384.44102986653644,173.97515360514322,9.71383539835612,271.3737080891927,0.8640590906143188,148.10487365722656,1.5923088788986206,3,CARAGA
AGUSAN DEL NORTE,2022.0,"AMANTE, MA. ANGELICA ROSEDELL MALBAS",0,,,,167.74486796061197,18.09980646769206,358.4051106770833,0.8476231098175049,253.21925354003906,1.2372455596923828,3,CARAGA
AGUSAN DEL SUR,1995.0,"PLAZA, DEMOCRITO OTAZA",0,0.0,0.0,58.42697779337565,0.0,0.0,20.297653754552204,0.623515248298645,95.56110382080078,1.8053345680236816,3,Northern Mindanao
AGUSAN DEL SUR,1998.0,"PLAZA, VALENTINA GALIDO",1,20.242581685384113,2.803668657938639,135.99275716145834,0.0,0.0,57.12270736694336,0.880763828754425,36.94880294799805,1.8849235773086548,3,CARAGA
AGUSAN DEL SUR,2001.0,"PLAZA, ADOLPH EDWARD",1,81.88099924723308,6.221309185028076,273.6706949869792,0.0,0.0,77.52041880289714,0.7959001660346985,24.535560607910156,1.5477304458618164,3,CARAGA
AGUSAN DEL SUR,2004.0,"PLAZA, ADOLPH EDWARD",1,89.95082728068034,8.705423990885416,395.7479756673177,74.4264907836914,6.381597836812337,255.33529154459634,0.8779965043067932,69.8139877319336,1.5462841987609863,3,CARAGA
AGUSAN DEL SUR,2007.0,"CORNELIO, MARIA VALENTINA PLAZA",0,125.71060943603516,10.448390324910482,130.9836222330729,78.47700881958008,8.38049586613973,356.93332926432294,0.8353304266929626,107.21936798095703,1.608354926109314,3,CARAGA
AGUSAN DEL SUR,2010.0,"PLAZA, ADOLPH EDWARD",0,145.43204243977866,12.649596214294434,179.60427856445312,124.19976806640625,9.709334055582682,195.0032755533854,0.864841878414154,124.50572204589844,1.4888403415679932,3,CARAGA
AGUSAN DEL SUR,2013.0,"PLAZA, ADOLPH EDWARD",1,139.1456756591797,8.642898241678873,323.28672281901044,130.88792165120444,10.298961321512857,221.61761474609375,0.8488130569458008,173.14195251464844,1.5535906553268433,3,CARAGA
AGUSAN DEL SUR,2016.0,"PLAZA, ADOLPH EDWARD GALIDO",1,291.7291717529297,21.04165045420329,402.2413838704427,122.86710103352864,12.2871732711792,253.45109049479166,0.8680391311645508,230.2606964111328,1.0,3,CARAGA
AGUSAN DEL SUR,2019.0,"CANE, SANTIAGO, JR BARRIGA",0,382.2180582682292,20.6637446085612,662.1733805338541,246.0230967203776,17.57926336924235,348.3197835286458,0.8608618974685669,309.9277038574219,2.062760353088379,3,CARAGA
AGUSAN DEL SUR,2022.0,"CANE, SANTIAGO JR. BARRIGA",1,,,,308.3195495605469,16.207983652750652,590.4608357747396,0.8902277946472168,362.2568359375,1.0,3,CARAGA
AKLAN,1992.0,"CABAGNOT, CORAZON L.",0,0.0,0.0,37.118956883748375,,,,0.8519683480262756,7.191634178161621,2.226304531097412,3,Western Visayas
AKLAN,1998.0,"MIRAFLORES, FLORENCIO T.",0,27.470242818196613,2.098866621653239,101.39391835530598,0.0,0.0,50.11912409464518,0.8915022611618042,20.557161331176758,1.6763910055160522,3,Western Visayas
AKLAN,2001.0,"MIRAFLORES, FLORENCIO T.",1,99.93937174479167,7.093760013580322,192.25865681966147,0.0,0.0,75.0030746459961,0.8988823890686035,27.644140243530273,1.4459803104400635,3,Western Visayas
AKLAN,2004.0,"MARQUEZ, CARLITO S.",0,48.55383427937826,6.599599997202556,164.80548604329428,86.41886393229167,7.28807004292806,170.07994588216147,0.8771908283233643,40.413299560546875,2.6129634380340576,3,Western Visayas
AKLAN,2007.0,"MARQUEZ, CARLITO S.",1,20.627127647399902,13.951362609863281,25.35379473368327,81.02562141418457,6.250999927520752,186.50957234700522,0.7050895690917969,153.78392028808594,2.3545081615448,3,Western Visayas
AKLAN,2010.0,"MARQUEZ, CARLITO S.",1,49.968187967936196,14.786367098490397,49.99506870905558,25.42213757832845,10.126005172729492,64.29347229003906,0.6376474499702454,293.792724609375,1.2888436317443848,3,Western Visayas
AKLAN,2013.0,"MIRAFLORES, FLORENCIO T.",0,118.45116806030273,19.617245197296143,97.03790791829427,36.376471519470215,17.142974217732746,58.211357752482094,0.5262776017189026,533.5352172851562,1.8089228868484497,3,Western Visayas
AKLAN,2016.0,"MIRAFLORES, FLORENCIO TUMBOCON",1,100.24553934733073,32.588162104288735,145.24964396158853,112.65604146321614,10.754468441009521,60.80194203058878,0.5633602738380432,642.0301513671875,1.8425787687301636,3,Western Visayas
AKLAN,2019.0,"MIRAFLORES, FLORENCIO TUMBOCON",1,92.56937646865845,3.4777873754501343,106.07643636067708,85.49826558430989,34.53319231669108,131.45166778564453,0.5895368456840515,746.6787109375,1.9879405498504639,3,Western Visayas
AKLAN,2022.0,"MIRAFLORES, JOSE ENRIQUE MARTIN",1,,,,84.77168003718059,12.400317708651224,105.46033732096355,0.7102347612380981,724.290771484375,1.6017628908157349,3,Western Visayas
ALBAY,1992.0,"SALALIMA, ROMEO R.",0,0.0,0.0,38.53393967946371,,,,0.48758089542388916,48.67290115356445,2.144606113433838,3,Bicol Region
ALBAY,1998.0,"BICHARA, AL FRANCIS C.",0,24.0923334757487,3.2033332188924155,146.37479654947916,0.0,0.0,78.25394439697266,0.7964957356452942,60.64497375488281,1.6965761184692383,3,Bicol Region
ALBAY,2001.0,"BICHARA, AL FRANCIS C.",1,75.37692260742188,13.436372756958008,261.6322072347005,0.0,0.0,97.00859069824219,0.8191326856613159,47.17499923706055,1.5764073133468628,3,Bicol Region
ALBAY,2004.0,"GONZALES, FERNANDO VALLEJO",0,77.58535512288411,8.705366293589273,306.76356506347656,74.60733540852864,13.562666257222494,253.65233357747397,0.849984347820282,49.51484298706055,2.5834193229675293,3,Bicol Region
ALBAY,2007.0,"SALCEDA, JOSE MA CLEMENTE SARTE",0,96.75467427571614,76.64017470677693,242.472900390625,76.35691579182942,10.310849825541178,271.63746134440106,0.8473193645477295,75.20183563232422,1.9087332487106323,3,Bicol Region
ALBAY,2010.0,"SALCEDA, JOSE MA CLEMENTE SARTE",1,125.42451477050781,128.67760467529297,294.4720967610677,85.63743082682292,14.49922784169515,217.33346557617188,0.7041335105895996,175.73431396484375,1.0501995086669922,3,Bicol Region
ALBAY,2013.0,"SALCEDA, JOSE MA CLEMENTE SARTE",1,168.44095357259116,44.557202657063804,354.39964803059894,120.05730692545573,167.75089263916016,410.5031331380208,0.8563478589057922,150.9659881591797,1.0,3,Bicol Region
ALBAY,2016.0,"BICHARA, AL FRANCIS DEL CASTILLO",0,295.28465270996094,47.31762949625651,397.89931233723956,134.63534291585287,44.723986307779946,257.8169657389323,0.8600000143051147,209.1769561767578,1.0968161821365356,3,Bicol Region
ALBAY,2019.0,"BICHARA, AL FRANCIS DEL CASTILLO",1,297.9846661885579,20.203033953905106,527.5220235188802,246.71205139160156,50.3473866780599,357.15122477213544,0.8376409411430359,339.4347229003906,2.090888500213623,3,Bicol Region
ALBAY,2022.0,"ROSAL, NOEL EBRIEGA",0,,,,277.1117312113444,31.490199277798336,498.75950113932294,0.8787230849266052,391.11480712890625,1.532371997833252,3,Bicol Region
ANTIQUE,1992.0,"PLAMERAS, JOVITO JR. C.",0,0.0,0.0,43.95247141520182,,,,0.8243933320045471,8.781292915344238,3.7661850452423096,3,Western Visayas
ANTIQUE,1995.0,"PLAMERAS, JOVITO JR. CHAVOSO",1,0.0,0.0,83.16330973307292,0.0,0.0,26.763780117034912,0.8686543107032776,17.666040420532227,1.6241366863250732,3,Western Visayas
ANTIQUE,1998.0,"JAVIER, EXEQUIEL B. ",0,33.12300109863281,3.318999926249186,139.17263793945312,0.0,0.0,73.46596908569336,0.8739137649536133,26.322959899902344,2.141839027404785,3,Western Visayas
ANTIQUE,2001.0,"PEREZ, SALVACION ZALDIVAR",0,103.1434555053711,10.911309878031412,213.55848185221353,0.0,0.0,100.96328735351562,0.8628294467926025,29.989999771118164,2.294604539871216,3,Western Visayas
ANTIQUE,2004.0,"PEREZ, SALVACION ZALDIVAR",1,76.44485155741374,11.431636810302734,198.63672892252603,99.45259348551433,10.53079636891683,207.4496612548828,0.8941748738288879,37.576629638671875,1.8180102109909058,3,Western Visayas
ANTIQUE,2007.0,"PEREZ, SALVACION ZALDIVAR",1,17.789751688639324,9.90807294845581,41.6379763285319,108.42190806070964,11.040483474731445,222.4657185872396,0.886834979057312,51.71942138671875,2.697556972503662,3,Western Visayas
ANTIQUE,2010.0,"JAVIER, EXEQUIEL BELLAFLOR",0,192.1024627685547,10.354217211405436,158.97430419921875,15.164470672607422,9.194238503774008,73.65380350748698,0.7092499136924744,78.38319396972656,1.7984797954559326,3,Western Visayas
ANTIQUE,2013.0,"JAVIER, EXEQUIEL BELLAFLOR",1,256.44615681966144,12.141053835550943,280.3784434000651,134.3837490081787,11.988774617513021,166.68274052937826,0.7235366702079773,131.5625762939453,1.9178204536437988,3,Western Visayas
ANTIQUE,2016.0,"CADIAO, RHODORA JAVIER",0,357.95546468098956,14.036757310231527,393.07325236002606,230.2493133544922,11.570041020711264,180.68246459960938,0.7388774752616882,175.80023193359375,1.7618800401687622,3,Western Visayas
ANTIQUE,2019.0,"CADIAO, RHODORA JAVIER",1,428.4097418785095,2.8263821663955846,609.273915608724,308.535400390625,14.731575806935629,353.9062194824219,0.6826021671295166,189.3709259033203,1.5032687187194824,3,Western Visayas
ANTIQUE,2022.0,"CADIAO, RHODORA JAVIER",1,,,,355.69375880559284,4.464769210666418,536.5291137695312,0.7247464656829834,185.6474151611328,1.331579327583313,3,Western Visayas
APAYAO,1998.0,"LAOAT, BATARA P.",0,12.394176483154297,0.14689770340919495,63.80282211303711,0.0,0.0,19.63168239593506,0.6521263122558594,71.97232055664062,1.0,3,CAR
APAYAO,2001.0,"BULUT, ELIAS SR. KIRTUG",0,37.22152837117513,0.2937477429707845,126.76928456624348,0.0,0.0,37.696197509765625,0.6544384360313416,4.094660758972168,1.2750855684280396,3,CAR
APAYAO,2004.0,"BULUT, ELIAS SR. KIRTUG",1,45.3731320699056,0.0,134.71407318115234,37.60446294148763,0.3864787817001343,121.77243550618489,0.8360115885734558,1.9415963888168335,1.0872541666030884,3,CAR
APAYAO,2007.0,"BULUT, ELIAS SR. KIRTUG",1,55.587327321370445,0.2502399484316508,52.003649393717446,41.67461649576823,0.054166664679845176,116.36938730875652,0.7319913506507874,2.3564693927764893,1.1084381341934204,3,CAR
APAYAO,2010.0,"BULUT, ELIAS, JR. CAYABA",1,70.20622253417969,1.8329679171244304,69.11224555969238,51.19254048665365,0.0,82.24007415771484,0.9756720066070557,11.014983177185059,1.1026338338851929,3,CAR
APAYAO,2013.0,"BULUT, ELIAS JR. CAYABA",1,79.26814270019531,6.6732602914174395,87.07854715983073,67.43164189656575,1.407715896765391,92.58285522460938,0.9542116522789001,23.898380279541016,1.0714080333709717,3,CAR
APAYAO,2016.0,"BULUT, ELIAS JR. CAYABA",1,102.23107655843098,26.098339160283405,165.1555938720703,79.31877899169922,6.389249722162883,65.00998878479004,0.8900361061096191,65.60882568359375,1.0,3,CAR
APAYAO,2019.0,"BEGTANG, ELEANOR BULUT",0,108.84444173177083,40.14745839436849,329.56081136067706,88.55766296386719,10.211379448572794,126.85309600830078,0.9105358719825745,92.5954818725586,1.0,3,CAR
APAYAO,2022.0,"BULUT, ELIAS JR CAYABA",0,,,,90.9241231282552,36.9201914469401,288.67637634277344,0.6428989171981812,80.6072769165039,1.0,3,CAR
AURORA,1992.0,"ONG, EDGARDO L.",0,0.0,0.0,9.756237188975016,,,,0.890955924987793,3.0460259914398193,3.433574676513672,3,Central Luzon
AURORA,1998.0,"ONG, EDGARDO L.",1,11.593666076660156,1.3339999516805012,62.21485392252604,0.0,0.0,25.171631813049316,0.7878654599189758,34.87319564819336,1.49442458152771,3,Central Luzon
AURORA,2001.0,"ONG, RAMONCITA P.",1,36.282562255859375,4.095850149790446,108.01065063476562,0.0,0.0,39.57253646850586,0.9289419651031494,8.614999771118164,2.2799367904663086,3,Central Luzon
AURORA,2004.0,"CASTILLO, BELLAFLOR ANGARA",0,49.72569783528646,7.247207164764404,169.8219757080078,33.86800003051758,3.8706666628519693,101.71399943033855,0.9330618381500244,13.336186408996582,1.6193301677703857,3,Central Luzon
AURORA,2007.0,"ANGARA-CASTILLO, BELLAFLOR",0,69.8510971069336,9.252206961313883,89.1843490600586,46.26613998413086,5.249211470286052,145.79689280192056,0.8710184693336487,38.95569610595703,1.2859362363815308,3,Central Luzon
AURORA,2010.0,"CASTILLO, BELLAFLOR ANGARA",0,105.65102132161458,7.508345762888591,110.25322977701823,58.564239501953125,9.700953642527262,106.75852711995442,0.8414326906204224,77.56221008300781,1.8008747100830078,3,Central Luzon
AURORA,2013.0,"NOVERAS, GERARDO ANGALA",0,71.50744756062825,26.207163492838543,107.99109395345052,105.18799845377605,8.84943962097168,142.0683568318685,0.8988403677940369,51.03408432006836,1.7751460075378418,3,Central Luzon
AURORA,2016.0,"NOVERAS, GERARDO ANGALA",1,54.08858998616537,7.965784231821696,80.5772705078125,80.06996027628581,24.66085449854533,86.35971577962239,0.9192435145378113,57.506431579589844,1.0,3,Central Luzon
AURORA,2019.0,"NOVERAS, GERARDO ANGALA",1,94.7058817545573,1.8966445922851562,183.00919087727866,44.81786346435547,4.588548183441162,72.42300160725911,0.9198079109191895,78.49378204345703,1.6806166172027588,3,Central Luzon
AURORA,2022.0,"NOVERAS, CHRISTIAN MANUSON",1,,,,77.27882130940755,7.6392059326171875,159.76571655273438,0.9352602362632751,104.3935775756836,1.592849612236023,3,Central Luzon
BASILAN,1995.0,"SALAPUDDIN, GERRY AJUL",0,0.0,0.0,21.0399112701416,0.0,0.0,1.2273553212483723,0.9839388728141785,0.8349609971046448,1.4856501817703247,3,Zamboanga Peninsula
BASILAN,1998.0,"AKBAR, WAHAB M.",0,6.036954243977864,0.07248340050379436,54.832427978515625,0.0,0.0,17.479962984720867,0.8015484809875488,32.23160171508789,2.609924554824829,3,Zamboanga Peninsula
BASILAN,2001.0,"AKBAR, WAHAB M.",1,14.362382570902506,0.12356989365071058,115.84840647379558,0.0,0.0,29.315773010253906,0.9657905101776123,2.1874592304229736,2.1984949111938477,3,Zamboanga Peninsula
BASILAN,2004.0,"WAHAB, AKBAR MUHTAMAD",0,11.963364601135254,0.0560000017285347,243.44398498535156,15.671249707539877,0.15568404427419105,107.96695200602214,0.8496784567832947,1.8906985521316528,1.0,3,Zamboanga Peninsula
BASILAN,2007.0,"AKBAR, JUM JAINUDDIN",0,20.99008019765218,0.0,37.13494110107422,11.625360488891602,0.09636925160884857,188.87572224934897,0.7815539240837097,0.7864904999732971,1.9819512367248535,3,Zamboanga Peninsula
BASILAN,2010.0,"AKBAR, JUM JAINUDDIN",1,26.51479975382487,0.0,62.80817413330078,18.5869566599528,0.0,116.7394307454427,0.971393883228302,9.697644233703613,2.3345751762390137,3,BARMM
BASILAN,2013.0,"AKBAR, JUM JAINUDDIN",1,41.577187856038414,0.7127791941165924,91.57723744710286,24.5282719930013,0.0,67.57261657714844,0.8829587697982788,52.10149383544922,1.412053108215332,3,BARMM
BASILAN,2016.0,"SALLIMAN, HADJIMAN SABBIHI",0,56.5201301574707,0.26561667025089264,84.96471913655598,37.874399185180664,0.7127791941165924,62.66878763834635,0.9726828932762146,1.0849696397781372,1.4868067502975464,3,BARMM
BASILAN,2019.0,"SALLIMAN, HADJIMAN SABBIHI",1,86.83465576171875,0.0,196.02411397298178,47.87654240926107,0.26561667025089264,94.42748514811198,0.9617781639099121,17.75255012512207,2.024184226989746,3,BARMM
BASILAN,2022.0,"HATAMAN-SALLIMAN, HADJIMAN SABBIHI ",0,,,,65.21944681803386,0.0,154.63992818196616,0.9860422611236572,17.384912490844727,1.7023870944976807,3,BARMM
BATAAN,1995.0,"ROMAN, LEONARDO BANZON",0,0.0,0.0,115.28511555989583,0.0,0.0,48.333109537760414,0.45651328563690186,148.71958923339844,1.6864346265792847,3,Central Luzon
BATAAN,1998.0,"ROMAN, LEONARDO B.",1,20.060298919677734,35.93581899007162,264.8317413330078,0.0,0.0,118.82745869954427,0.3994871973991394,284.4986877441406,2.009570598602295,3,Central Luzon
BATAAN,2001.0,"ROMAN, LEONARDO B.",1,59.13109334309896,67.7027359008789,300.34900919596356,0.0,0.0,168.04535166422525,0.5165744423866272,225.81533813476562,1.0,3,Central Luzon
BATAAN,2004.0,"GARCIA, ENRIQUE JR. TUASON",0,38.75317780176798,140.14964548746744,347.0244445800781,59.57828267415365,87.83579508463542,350.6434834798177,0.5811400413513184,191.57720947265625,1.96860933303833,3,Central Luzon
BATAAN,2007.0,"GARCIA, ENRIQUE JR. TUASON",1,16.266586462656658,87.24161529541016,68.1312993367513,57.19440714518229,117.07158660888672,335.5900370279948,0.34572193026542664,294.6916198730469,1.6777782440185547,3,Central Luzon
BATAAN,2010.0,"GARCIA, ENRIQUE, JR. TUASON",1,26.338090896606445,89.4612325032552,84.01802841822307,9.799426714579264,102.03455352783203,126.20928955078125,0.517661452293396,457.1672668457031,1.6286417245864868,3,Central Luzon
BATAAN,2013.0,"GARCIA, ALBERT RAYMOND ",1,273.5453643798828,106.24934514363606,175.20604960123697,25.025163650512695,83.2758280436198,116.49930063883464,0.519317090511322,532.7914428710938,1.34071946144104,3,Central Luzon
BATAAN,2016.0,"GARCIA, ALBERT RAYMOND SANDEJAS",1,158.55209350585938,146.91090774536133,327.1472574869792,248.58760515848795,111.90539677937825,113.4275844891866,0.5070974826812744,851.2210693359375,1.0,3,Central Luzon
BATAAN,2019.0,"GARCIA, ALBERT RAYMOND SANDEJAS",1,212.2655029296875,108.63800048828125,567.9385986328125,124.40055592854817,112.77771377563477,257.16254170735675,0.3986436426639557,1652.135498046875,1.3886325359344482,3,Central Luzon
BATAAN,2022.0,"GARCIA, JOSE ENRIQUE III SANDEJAS",1,,,,174.1940155029297,113.06942749023438,480.7927551269531,0.5076196789741516,1680.9866943359375,1.0,3,Central Luzon
BATANES,1992.0,"CASTILLEJOS, TELESFORO F.",0,0.0,0.0,14.498399416605631,,,,0.8555715680122375,2.012331962585449,2.201939105987549,3,Cagayan Valley
BATANES,1995.0,"CASTILLEJOS, TELESFORO FALCES",1,0.0,0.0,26.411770502726238,0.0,0.0,8.523061007261276,0.8897088170051575,5.8630690574646,1.9054932594299316,3,Cagayan Valley
BATANES,1998.0,"GATO, VICENTE DE SAGON",0,5.589666366577148,0.31166666746139526,37.33496856689453,0.0,0.0,23.056026458740234,0.9250254034996033,5.754948139190674,1.4246091842651367,3,Cagayan Valley
BATANES,2001.0,"GATO, VICENTE DE SAGON",1,17.321666717529297,0.57000000278155,65.10299936930339,0.0,0.0,26.363515853881836,0.9672099947929382,3.3580000400543213,1.949558973312378,3,Cagayan Valley
BATANES,2004.0,"GATO, VICENTE DE SAGON",1,21.54800033569336,0.5613333433866501,83.04433186848958,17.01799964904785,0.7476666669050852,63.84266662597656,0.9589953422546387,4.978000164031982,1.6616557836532593,3,Cagayan Valley
BATANES,2007.0,"CASTILLEJOS, TELESFORO FALCES",0,24.848942438761394,0.7769188284873962,21.588106155395508,20.18233362833659,0.4703333427508672,74.61033121744792,0.8807442784309387,7.235000133514404,1.6286531686782837,3,Cagayan Valley
BATANES,2010.0,"GATO, VICENTE DE SAGON",0,25.28318977355957,0.6043906311194102,20.004325707753498,23.540143330891926,0.45000000794728595,40.71391741434733,0.9442351460456848,12.578739166259766,2.542309522628784,3,Cagayan Valley
BATANES,2013.0,"GATO, VICENTE DE SAGON",1,106.28266461690266,8.111177563667297,52.7680778503418,23.449500401814777,0.8581277628739675,28.730846405029297,0.9235260486602783,19.964967727661133,2.3492116928100586,3,Cagayan Valley
BATANES,2016.0,"CAYCO, MARILOU HORLINA",0,31.046504974365234,0.7633701463540395,63.86449178059896,105.73566436767578,8.022533535957336,34.94184732437134,0.9678833484649658,11.126639366149902,3.01999831199646,3,Cagayan Valley
BATANES,2019.0,"CAYCO, MARILOU HORLINA",1,28.83603486418724,0.45609887440999347,78.78554280598958,33.062788009643555,1.002518614133199,61.03679275512695,0.96037358045578,18.171066284179688,1.6165478229522705,3,Cagayan Valley
BATANES,2022.0,"CAYCO, MARILOU HORLINA",1,,,,23.403336932261784,0.430940181016922,73.73106384277344,0.9803243279457092,14.620933532714844,1.6383110284805298,3,Cagayan Valley
BATANGAS,1992.0,"MAYO, VICENTE A.",0,0.0,0.0,123.53312174479167,,,,0.6105660200119019,48.14226531982422,2.3084399700164795,3,CALABARZON
BATANGAS,1998.0,"MANDANAS, HERMILANDO I.",0,65.78499857584636,35.308667500813804,428.94056701660156,0.0,0.0,167.8814951578776,0.6480426788330078,205.49691772460938,1.392603874206543,3,CALABARZON
BATANGAS,2001.0,"MANDANAS, HERMILANDO I.",1,164.27754974365234,99.14569600423177,565.3268636067709,0.0,0.0,269.2224985758464,0.6423088908195496,279.5469970703125,1.1505978107452393,3,CALABARZON
BATANGAS,2004.0,"SANCHEZ, ARMANDO CARPIO",0,236.88121541341147,172.56112162272134,879.6716105143229,163.43466440836588,100.91233317057292,604.2476603190104,0.5778478980064392,287.0243835449219,3.0855002403259277,3,CALABARZON
BATANGAS,2007.0,"RECTO, ROSA VILMA SANTOS",0,294.13768513997394,114.26259485880534,462.16534423828125,207.2427215576172,143.90021514892578,741.4083658854166,0.6840155720710754,422.65093994140625,1.8690471649169922,3,CALABARZON
BATANGAS,2010.0,"RECTO, ROSA VILMA SANTOS",1,408.8904724121094,81.11052958170573,581.8906707763672,285.4041748046875,156.32039388020834,562.5201619466146,0.6321091055870056,772.7985229492188,1.6956557035446167,3,CALABARZON
BATANGAS,2013.0,"RECTO, ROSA VILMA SANTOS",1,427.1786804199219,63.50621795654297,783.1318969726562,373.70311482747394,75.13028081258138,776.2842000325521,0.648764431476593,831.0682373046875,1.0703121423721313,3,CALABARZON
BATANGAS,2016.0,"MANDANAS, HERMILANDO INGCO",0,619.7024230957031,65.38906860351562,1030.6210327148438,397.11419677734375,78.92193857828777,524.3572235107422,0.7045274376869202,911.8538818359375,3.777630567550659,3,CALABARZON
BATANGAS,2019.0,"MANDANAS, HERMILANDO INGCO",1,626.0080224672953,46.603820795814194,1532.3766682942708,540.5078633626302,39.01428731282552,912.2435913085938,0.677118182182312,1422.26220703125,1.0358834266662598,3,CALABARZON
BATANGAS,2022.0,"MANDANAS, HERMILANDO INGCO",1,,,,563.2783064842224,60.396980280677475,1401.5781656901042,0.7505729794502258,1580.7855224609375,1.5688824653625488,3,CALABARZON
BENGUET,1992.0,"PANGANIBAN, JAIME PAUL B.",0,0.0,0.0,41.78503545125326,,,,0.7160252928733826,15.75815486907959,3.774681568145752,3,CAR
BENGUET,1998.0,"MOLINTAS, RAUL M.",0,9.192111333211264,3.543945630391439,104.54621124267578,0.0,0.0,65.83486684163411,0.776647686958313,46.10197830200195,2.546830892562866,3,CAR
BENGUET,2001.0,"MOLINTAS, RAUL M.",1,83.23716481526692,11.26010545094808,181.19987996419272,0.0,0.0,93.26521809895833,0.8088303208351135,51.00743103027344,1.904269814491272,3,CAR
BENGUET,2004.0,"MELCHOR, BORROMEO PINAS",0,59.801666259765625,12.606517473856607,162.32950337727866,64.23226483662923,11.577981948852539,161.26330057779947,0.7772935628890991,65.52262878417969,2.838792324066162,3,CAR
BENGUET,2007.0,"FONGWAN, NESTOR BAGTANG",0,51.25292078653971,17.89708360036214,55.374524434407554,73.41468811035156,10.668495814005533,172.77197774251303,0.6658260822296143,171.19500732421875,2.350346088409424,3,CAR
BENGUET,2010.0,"FONGWAN, NESTOR BAGTANG",1,84.0240961710612,17.782172838846844,76.27222696940105,45.861376444498696,17.339271545410156,78.79329427083333,0.7403435111045837,156.302978515625,1.791269302368164,3,CAR
BENGUET,2013.0,"FONGWAN, NESTOR BAGTANG",1,120.4716084798177,13.357915878295898,129.0721435546875,72.01458104451497,16.27084191640218,98.9310073852539,0.6703517436981201,246.29367065429688,1.3541440963745117,3,CAR
BENGUET,2016.0,"PACALSO, CRESENCIO CARIÑO",0,132.55151875813803,13.838801066080729,179.32915242513022,118.40044657389323,17.350697835286457,92.92921956380208,0.6784116625785828,352.90533447265625,2.953258514404297,3,CAR
BENGUET,2019.0,"DICLAS, MELCHOR DAGUINES",0,145.16067098081112,9.843122574190298,306.11130777994794,115.36106618245442,11.73173713684082,147.39359029134116,0.7230246067047119,382.6960754394531,1.7031883001327515,3,CAR
BENGUET,2022.0,"DICLAS, MELCHOR DAGUINES",1,,,,123.86033223569393,10.288441432019075,270.03379821777344,0.7250650525093079,600.4906616210938,1.8367220163345337,3,CAR
BILIRAN,1995.0,"JARO, WAYNE MCFARLAND",0,0.0,0.0,29.002667744954426,0.0,0.0,8.019079128901163,0.7665700316429138,18.70088768005371,2.3682844638824463,3,Eastern Visayas
BILIRAN,1998.0,"PARILLA, DANILO M.",0,10.998332977294922,0.6723333199818929,53.68792470296224,0.0,0.0,24.47753969828288,0.926033616065979,7.35607385635376,1.8075308799743652,3,Eastern Visayas
BILIRAN,2001.0,"ESPINA, ROGELIO JIMENEZ",0,19.333415349324543,1.3778433005015056,97.71191660563152,0.0,0.0,28.85235850016276,0.8993058204650879,18.27199935913086,2.4747474193573,3,Eastern Visayas
BILIRAN,2004.0,"ESPINA, ROGELIO JIMENEZ",1,31.145047505696613,1.66762908299764,86.48608907063802,20.221999486287434,1.6094553073247273,108.03419494628906,0.9203685522079468,13.767322540283203,1.3806263208389282,3,Eastern Visayas
BILIRAN,2007.0,"ESPINA, ROGELIO JIMENEZ",1,72.36320241292317,3.151885191599528,73.91085561116536,29.62415313720703,1.4200756152470906,80.01588185628255,0.9220068454742432,17.150312423706055,1.4619499444961548,3,Eastern Visayas
BILIRAN,2010.0,"ESPINA, GERARDO, JR. JIMENEZ",1,97.08200327555339,2.560573856035868,76.62714703877766,53.57873789469401,2.2293835481007895,69.9136454264323,0.8884276151657104,25.735002517700195,2.639082193374634,3,Eastern Visayas
BILIRAN,2013.0,"ESPINA, GERARDO JR. JIMENEZ",1,156.64312744140625,2.9123337666193643,139.71721903483072,96.63294728597005,3.5313562552134194,109.8924560546875,0.9210714101791382,28.010757446289062,1.5919514894485474,3,Eastern Visayas
BILIRAN,2016.0,"ESPINA, GERARDO JR. JIMENEZ",1,146.92965189615884,2.2966414292653403,160.8241729736328,141.56752268473306,3.0100329319636026,92.96686108907063,0.8520849943161011,74.6973648071289,1.0,3,Eastern Visayas
BILIRAN,2019.0,"ESPINA, ROGELIO JIMENEZ",1,175.5622762044271,0.9736173947652181,265.73749287923175,138.6466064453125,2.0357948541641235,150.55343627929688,0.9105274081230164,58.87771987915039,1.5403302907943726,3,Eastern Visayas
BILIRAN,2022.0,"ESPINA, GERARD ROGER MENDIOLA",1,,,,142.0039520263672,1.2899501323699951,231.1247762044271,0.9056509137153625,102.62384796142578,1.1209814548492432,3,Eastern Visayas
BOHOL,1992.0,"TIROL, DAVID B.",0,0.0,0.0,55.9763069152832,,,,0.5190097093582153,68.29270935058594,2.3784992694854736,3,Central Visayas
BOHOL,1998.0,"RELAMPAGOS, RENE L.",0,47.81548055013021,6.405996322631836,233.08198038736978,0.0,0.0,84.77506256103516,0.5469188690185547,249.85389709472656,1.2497429847717285,3,Central Visayas
BOHOL,2001.0,"AUMENTADO, ERICO BOYLES",0,115.80473073323567,16.8309113184611,339.6973876953125,0.0,0.0,131.09580739339194,0.581969678401947,291.938232421875,1.8276832103729248,3,Central Visayas
BOHOL,2004.0,"AUMENTADO, ERICO BOYLES",1,139.63610331217447,17.232667605082195,385.72544352213544,123.27631123860677,18.061787287394207,363.3125508626302,0.894680380821228,63.65022277832031,1.8430219888687134,3,Central Visayas
BOHOL,2007.0,"AUMENTADO, ERICO BOYLES",1,255.87322489420572,23.131751378377277,231.4545694986979,128.25064341227213,16.522132873535156,364.79640706380206,0.9104207158088684,68.62179565429688,1.0742270946502686,3,Central Visayas
BOHOL,2010.0,"CHATTO, EDGARDO MIGRIÑO",0,252.1504669189453,35.8768196105957,186.34635734558105,240.85022989908853,21.462621053059895,289.5341796875,0.8827086091041565,130.72073364257812,2.6381771564483643,3,Central Visayas
BOHOL,2013.0,"CHATTO, EDGARDO MIGRIÑO",1,364.25023396809894,49.16743914286295,440.1405029296875,220.93647257486978,29.49179458618164,259.14243570963544,0.8557268381118774,184.87249755859375,1.4748986959457397,3,Central Visayas
BOHOL,2016.0,"CHATTO, EDGARDO MIGRIÑO",1,498.5180257161458,17.259275913238525,603.0066630045573,339.07110595703125,57.57391611735026,284.46119499206543,0.8377941846847534,297.639404296875,1.7440298795700073,3,Central Visayas
BOHOL,2019.0,"YAP, ARTHUR CUA",0,631.1673177083334,18.46239471435547,956.7860921223959,440.62354532877606,20.72171688079834,523.2938639322916,0.8532794117927551,342.1945495605469,2.0504369735717773,3,Central Visayas
BOHOL,2022.0,"AUMENTADO, ERICO ARISTOTLE CABAGNOT",0,,,,496.6236165364583,11.302089850107828,819.175537109375,0.8760760426521301,466.03704833984375,1.6301050186157227,3,Central Visayas
BUKIDNON,1992.0,"FORTICH, CARLOS O.",0,0.0,0.0,55.74928283691406,,,,0.8030831813812256,21.653627395629883,3.7809998989105225,3,Northern Mindanao
BUKIDNON,1995.0,"FORTICH, CARLOS OZAMIZ",1,0.0,0.0,72.47709528605144,0.0,0.0,36.6036319732666,0.8235859274864197,49.90812683105469,1.4837123155593872,3,Northern Mindanao
BUKIDNON,1998.0,"FORTICH, CARLOS O.",1,27.690999348958332,4.3426666259765625,221.9155756632487,0.0,0.0,58.41389846801758,0.8457029461860657,61.629676818847656,1.4279389381408691,3,Northern Mindanao
BUKIDNON,2001.0,"ZUBIRI, JOSE MA. JR. RUBIN",0,208.02860260009766,20.849697430928547,468.96372477213544,0.0,0.0,142.69178263346353,0.8783926963806152,67.63400268554688,1.4090622663497925,3,Northern Mindanao
BUKIDNON,2004.0,"ZUBIRI, JOSE MA. JR. RUBIN",1,12.495787620544434,18.851651509602863,467.83460998535156,137.32514190673828,16.80582586924235,402.99383544921875,0.7137799263000488,122.44554138183594,1.1322662830352783,3,Northern Mindanao
BUKIDNON,2007.0,"ZUBIRI, JOSE MA. JR. RUBIN",1,14.356746355692545,17.303810437520344,29.797999064127605,106.5655148824056,23.091557184855144,462.2756703694661,0.7760365605354309,237.05027770996094,1.2196307182312012,3,Northern Mindanao
BUKIDNON,2010.0,"CALINGASAN, ALEX PADUA",0,11.210841019948324,37.87274424235026,50.60669136047363,13.469932238260904,16.783775965372723,204.87050120035806,0.7005079388618469,317.70367431640625,2.0326409339904785,3,Northern Mindanao
BUKIDNON,2013.0,"ZUBIRI, JOSE MA. JR. RUBIN",0,42.047329902648926,16.689114173253376,381.30274454752606,13.928088506062826,31.58176835378011,58.601810455322266,0.7874874472618103,369.261962890625,1.1814093589782715,3,Northern Mindanao
BUKIDNON,2016.0,"ZUBIRI, JOSE MARIA, JR. RUBIN",1,74.55248260498047,5.1978349685668945,236.3307647705078,33.99985392888387,26.413472016652424,315.899938583374,0.7391648888587952,694.400146484375,1.2659451961517334,3,Northern Mindanao
BUKIDNON,2019.0,"ZUBIRI, JOSE MARIA, JR. RUBIN",1,605.27392578125,0.09066667159398396,1489.5664469401042,79.19794273376465,4.107962369918823,219.8794911702474,0.7320636510848999,968.218505859375,1.3021541833877563,3,Northern Mindanao
BUKIDNON,2022.0,"ROQUE, ROGELIO NEIL PEPITO",0,,,,308.5332781473796,2.3684909641742706,1111.1097412109375,0.8491733074188232,782.0557861328125,2.0186493396759033,3,Northern Mindanao
BULACAN,1995.0,"PAGDANGANAN, ROBERTO MAMANGON",0,0.0,0.0,250.29329427083334,0.0,0.0,69.6210543314616,0.6209057569503784,153.95370483398438,1.5959663391113281,3,Central Luzon
BULACAN,1998.0,"DELA CRUZ, JOSEFINA M.",0,58.65840148925781,68.5537821451823,420.8476969401042,0.0,0.0,213.7385457356771,0.6149412393569946,263.6636657714844,1.41185462474823,3,Central Luzon
BULACAN,2001.0,"DELA CRUZ, JOSEFINA M.",1,168.0190684000651,155.65778350830078,731.3309122721354,0.0,0.0,224.33625284830728,0.5604851841926575,442.7869873046875,1.0623054504394531,3,Central Luzon
BULACAN,2004.0,"DELA CRUZ, JOSEFINA M.",1,238.60204060872397,200.8383585611979,934.9877522786459,174.98580423990884,186.22423299153647,801.2261352539062,0.6426739692687988,445.65399169921875,1.1253411769866943,3,Central Luzon
BULACAN,2007.0,"MENDOZA, JOSELITO ROXAS",0,398.58143107096356,165.7839101155599,643.0228474934896,202.6697031656901,172.34168752034506,798.9232788085938,0.5779701471328735,751.8012084960938,2.6010243892669678,3,Central Luzon
BULACAN,2010.0,"SY-ALVARADO, WILHELMINO MANUCDOC",0,598.0851440429688,179.98015848795572,859.2959798177084,315.5157165527344,179.07146708170572,654.0484415690104,0.5938796997070312,1059.966064453125,1.9805206060409546,3,Central Luzon
BULACAN,2013.0,"SY-ALVARADO, WILHELMINO MANUCDOC",1,550.7032432556152,117.40344492594402,1353.533447265625,567.1585896809896,178.39580281575522,1055.4252115885417,0.6748275756835938,818.2925415039062,1.0,3,Central Luzon
BULACAN,2016.0,"SY-ALVARADO, WILHELMINO MANUCDOC",1,1122.9982503255208,112.56297556559245,1522.9912109375,452.6379559834798,128.8141098022461,1013.6943359375,0.6466533541679382,1331.8646240234375,1.9236825704574585,3,Central Luzon
BULACAN,2019.0,"FERNANDO, DANIEL RAMIREZ",0,1572.72607421875,108.45717366536458,2396.826131184896,1030.0508219401042,121.2089360555013,1540.1390380859375,0.6474819183349609,1863.764404296875,1.9756429195404053,3,Central Luzon
BULACAN,2022.0,"FERNANDO, DANIEL RAMIREZ",1,,,,1179.4920247395833,89.45276387532552,1909.8513590494792,0.7107964158058167,2408.317138671875,1.6730015277862549,3,Central Luzon
CAGAYAN,1992.0,"AGUINALDO, RODOLFO E.",0,0.0,0.0,71.7866948445638,,,,0.9048543572425842,8.406294822692871,1.7165849208831787,3,Cagayan Valley
CAGAYAN,1998.0,"VARGAS, FLORENCIO L",0,46.826334635416664,4.689666748046875,213.14063008626303,0.0,0.0,98.14025115966797,0.8675767183303833,53.183815002441406,2.5271060466766357,3,Cagayan Valley
CAGAYAN,2001.0,"LARA, EDGAR RAMONES",0,141.28166707356772,12.514666875203451,364.67933146158856,0.0,0.0,142.42232259114584,0.8813786506652832,68.04299926757812,1.7256755828857422,3,Cagayan Valley
CAGAYAN,2004.0,"LARA, EDGAR RAMONES",1,164.31299336751303,10.996999899546305,428.0389912923177,140.74300130208334,12.78433354695638,357.89732869466144,0.8757331371307373,87.12300109863281,1.3018112182617188,3,Cagayan Valley
CAGAYAN,2007.0,"ANTONIO, ALVARO TRINIDAD",0,181.36936950683594,21.4853998819987,150.38927205403647,157.15032958984375,9.516000270843506,396.7219950358073,0.8675515651702881,118.3479995727539,2.027386426925659,3,Cagayan Valley
CAGAYAN,2010.0,"ANTONIO, ALVARO TRINIDAD",1,224.11407979329428,22.944926579793293,185.1735382080078,169.27011108398438,19.009171803792317,224.43262227376303,0.8368289470672607,171.1717071533203,1.734629511833191,3,Cagayan Valley
CAGAYAN,2013.0,"ANTONIO, ALVARO TRINIDAD",1,248.16063435872397,12.542993545532227,303.74249267578125,205.03924051920572,24.02601369222005,251.9835459391276,0.83774334192276,229.32940673828125,1.5862118005752563,3,Cagayan Valley
CAGAYAN,2016.0,"MAMBA, MANUEL NOVENO",0,196.05982971191406,22.321479161580402,227.63768005371094,242.76190185546875,17.14758046468099,220.0653533935547,0.9009124040603638,183.43724060058594,2.7374985218048096,3,Cagayan Valley
CAGAYAN,2019.0,"MAMBA, MANUEL NOVENO",1,241.56739775339761,7.228065172831218,422.0833435058594,241.4473622639974,17.97696876525879,268.4214680989583,0.9182403683662415,178.9674835205078,2.154966115951538,3,Cagayan Valley
CAGAYAN,2022.0,"MAMBA, MANUEL NOVENO",1,,,,169.0825548171997,12.079761664072672,320.04368591308594,0.9364013075828552,211.6123809814453,1.0,3,Cagayan Valley
CAMARINES NORTE,1992.0,"PADILLA, CASIMIRO ROY JR. A.",0,0.0,0.0,33.16655413309733,,,,0.9014827609062195,4.585928916931152,3.4714643955230713,3,Bicol Region
CAMARINES NORTE,1998.0,"PIMENTEL, EMMANUEL B.",0,25.47039794921875,1.5631499290466309,92.50952275594075,0.0,0.0,42.29310862223307,0.8790405988693237,23.912954330444336,2.62214994430542,3,Bicol Region
CAMARINES NORTE,2001.0,"TYPOCO, JESUS JR. O.",0,80.06982167561848,4.935679992039998,179.01585896809897,0.0,0.0,52.485894521077476,0.9042590856552124,26.489023208618164,2.3366193771362305,3,Bicol Region
CAMARINES NORTE,2004.0,"TYPOCO, JESUS JR. O.",1,35.36926301320394,6.077097415924072,137.0063908894857,81.00787353515625,4.72390882174174,178.0757598876953,0.79608553647995,35.35765075683594,1.9280264377593994,3,Bicol Region
CAMARINES NORTE,2007.0,"TYPOCO, JESUS JR. O.",1,23.284793217976887,11.223357836405436,39.62737147013346,54.06574408213297,6.879507541656494,149.715939839681,0.7575136423110962,121.97943878173828,1.9685388803482056,3,Bicol Region
CAMARINES NORTE,2010.0,"TALLADO, EDGARDO ANGELES",0,104.60245259602864,11.936376571655273,81.33162879943848,21.574059804280598,6.572275797526042,70.01349385579427,0.8110418319702148,90.13292694091797,2.9553470611572266,3,Bicol Region
CAMARINES NORTE,2013.0,"TALLADO, EDGARDO ANGELES",1,143.5494817097982,17.421807924906414,186.82576497395834,68.74207878112793,14.327621777852377,89.80289713541667,0.8430761694908142,115.6156234741211,1.8744080066680908,3,Bicol Region
CAMARINES NORTE,2016.0,"TALLADO, EDGARDO ANGELES",1,298.9032694498698,11.189716974894205,334.34131876627606,130.31663767496744,14.06888516743978,123.05310122172038,0.8005216121673584,216.05508422851562,2.245250940322876,3,Bicol Region
CAMARINES NORTE,2019.0,"TALLADO, EDGARDO ANGELES",1,275.05515543619794,12.454771846532822,525.7621765136719,240.7827402750651,13.427090644836426,277.2211507161458,0.773523211479187,331.3607177734375,1.7230253219604492,3,Bicol Region
CAMARINES NORTE,2022.0,"PADILLA, RICARTE ROBLEDO",0,,,,252.28792317708334,10.636374642451605,473.9273173014323,0.8354657292366028,370.97509765625,1.9443544149398804,3,Bicol Region
CAMARINES SUR,1998.0,"VILLAFUERTE, LUIS R.",0,38.06414794921875,15.912762641906738,256.2690963745117,0.0,0.0,80.98870086669922,0.9293215274810791,26.903831481933594,2.0232632160186768,3,Bicol Region
CAMARINES SUR,2001.0,"VILLAFUERTE, LUIS R.",1,72.43843332926433,37.546841303507485,341.7022298177083,0.0,0.0,123.78462219238281,0.9308177828788757,36.40654373168945,1.3708994388580322,3,Bicol Region
CAMARINES SUR,2004.0,"VILLAFUERTE, LUIS RAYMOND JR. FAVIS",1,69.56999842325847,16.54366652170817,284.2366689046224,73.82053120930989,31.804683685302734,355.1367899576823,0.769305408000946,51.06800079345703,2.1571528911590576,3,Bicol Region
CAMARINES SUR,2007.0,"VILLAFUERTE, LUIS RAYMUNDO JR.",1,85.02401224772136,42.0909423828125,237.23309326171875,68.30266698201497,23.713332811991375,261.25733947753906,0.8952274322509766,95.01899719238281,1.4214789867401123,3,Bicol Region
CAMARINES SUR,2010.0,"VILLAFUERTE, LUIS RAYMOND JR. FAVIS",1,118.47654724121094,29.333486557006836,157.26588567097983,79.78214263916016,38.414730072021484,239.16039021809897,0.6712402105331421,379.9442443847656,1.4768424034118652,3,Bicol Region
CAMARINES SUR,2013.0,"VILLAFUERTE, MIGUEL REYES",1,131.1708552042643,18.81246026357015,206.40885416666666,87.71297963460286,35.66290537516276,272.8916931152344,0.8825317621231079,163.5443878173828,2.4780516624450684,3,Bicol Region
CAMARINES SUR,2016.0,"VILLAFUERTE, MIGUEL REYES",1,155.34300231933594,36.84963353474935,338.44179280598956,143.4159164428711,15.614177385965982,126.15149561564128,0.9078734517097473,188.20152282714844,1.6787810325622559,3,Bicol Region
CAMARINES SUR,2019.0,"VILLAFUERTE, MIGUEL REYES",1,151.31240590413412,65.76553853352864,479.06203206380206,150.01775614420572,32.93802833557129,332.7889099121094,0.8923344016075134,291.6818542480469,2.013798475265503,3,Bicol Region
CAMARINES SUR,2022.0,"VILLAFUERTE, VINCENZO RENATO LUIGI REYES",1,,,,133.1450424194336,47.18711725870768,416.1628723144531,0.8423281311988831,592.8959350585938,1.9287841320037842,3,Bicol Region
CAMIGUIN,1995.0,"GALLARDO, ANTONIO ADANIEL",0,0.0,0.0,23.270764032999676,0.0,0.0,8.196368753910065,0.9395381808280945,3.482151985168457,1.931020736694336,3,Northern Mindanao
CAMIGUIN,1998.0,"ROMUALDO, PEDRO PALARCA",0,12.718666076660156,0.768333355585734,51.865777333577476,0.0,0.0,20.618191401163738,0.9199127554893494,7.096455097198486,1.5236729383468628,3,Northern Mindanao
CAMIGUIN,2001.0,"ROMUALDO, PEDRO PALARCA",1,40.62676429748535,0.5327430615822474,75.03360112508138,0.0,0.0,34.99803479512533,0.9278233051300049,8.600000381469727,1.4880746603012085,3,Northern Mindanao
CAMIGUIN,2004.0,"ROMUALDO, PEDRO PALARCA",1,52.55272420247396,0.9527644515037537,94.17071024576823,37.95371945699056,1.085395023226738,72.81350326538086,0.9428590536117554,8.006624221801758,1.2554914951324463,3,Northern Mindanao
CAMIGUIN,2007.0,"ROMUALDO, JURDIN JESUS M.",1,66.58685811360677,1.6077571113904316,51.804117838541664,49.624342600504555,0.8512270450592041,89.04959360758464,0.9214934706687927,14.29979133605957,1.6389076709747314,3,Northern Mindanao
CAMIGUIN,2010.0,"ROMUALDO, JURDIN JESUS M.",1,77.42519887288411,1.6153900027275085,59.25681018829346,57.513423919677734,1.2712347507476807,55.665629069010414,0.9091343283653259,23.90211296081543,1.3177186250686646,3,Northern Mindanao
CAMIGUIN,2013.0,"ROMUALDO, JURDIN JESUS M.",1,124.74227396647136,3.250805377960205,92.03145090738933,79.64888000488281,1.6774222652117412,85.95747375488281,0.8974552154541016,28.994735717773438,1.373879075050354,3,Northern Mindanao
CAMIGUIN,2016.0,"ROMUALDO, MARIA LUISA DE LA FUENTE",1,97.15016682942708,3.258867025375366,120.79146067301433,119.63855234781902,3.059180974960327,58.8939536412557,0.9133106470108032,36.383026123046875,1.0,3,Northern Mindanao
CAMIGUIN,2019.0,"ROMUALDO, JURDIN JESUS MODINA",1,31.05640920003255,3.5430434544881186,118.89544677734375,93.16441599527995,2.228362957636515,112.89839680989583,0.9007886052131653,55.33708953857422,1.1405048370361328,3,Northern Mindanao
CAMIGUIN,2022.0,"ROMUALDO, XAVIER JESUS DELA FUENTE",1,,,,49.787522633870445,3.5853590965270996,127.70996348063152,0.9348230361938477,58.114166259765625,1.3907628059387207,3,Northern Mindanao
CAPIZ,1992.0,"CONTRERAS, ESTEBAN EVAN E.",0,0.0,0.0,66.99659601847331,,,,0.8857605457305908,6.079748153686523,2.226090669631958,3,Western Visayas
CAPIZ,1995.0,"CONTRERAS, ESTEBAN EVAN E.",1,0.0,0.0,95.90149180094402,0.0,0.0,31.021124203999836,0.8792374134063721,41.13315200805664,1.5678362846374512,3,Western Visayas
CAPIZ,1998.0,"BERMEJO, VICENTE B.",0,32.9920908610026,1.2277687390645344,152.04745229085287,0.0,0.0,106.27565511067708,0.9368405342102051,14.879905700683594,1.8942924737930298,3,Western Visayas
CAPIZ,2001.0,"BERMEJO, VICENTE B.",1,73.59354591369629,3.471575220425924,183.36077880859375,0.0,0.0,104.86381530761719,0.9444586038589478,18.43877601623535,1.569429874420166,3,Western Visayas
CAPIZ,2004.0,"BERMEJO, VICENTE B.",1,75.24563090006511,6.071080207824707,266.6485951741536,98.41640981038411,3.91526726881663,226.58885192871094,0.9139352440834045,25.88405990600586,1.0102546215057373,3,Western Visayas
CAPIZ,2007.0,"TANCO, VICTOR ARANCILLO",0,67.70161437988281,4.342360178629558,72.33984120686848,79.08845456441243,5.392906824747722,207.87877909342447,0.838913083076477,64.7996597290039,1.0177510976791382,3,Western Visayas
CAPIZ,2010.0,"TANCO, VICTOR ARANCILLO",1,127.9911371866862,8.391081809997559,90.32910124460857,35.20238749186198,4.081294059753418,120.7814229329427,0.8129146099090576,87.08859252929688,1.6610671281814575,3,Western Visayas
CAPIZ,2013.0,"TANCO, VICTOR ARANCILLO",1,161.60146458943686,8.78364864985148,266.5804901123047,109.33438110351562,7.642240524291992,127.72057342529297,0.891202449798584,74.88628387451172,1.2846393585205078,3,Western Visayas
CAPIZ,2016.0,"DEL ROSARIO, ANTONIO ANDRADA",0,504.93091837565106,12.220983346303305,597.3604125976562,119.223082224528,7.927547295888265,161.50162728627524,0.8388988971710205,196.4537353515625,1.0742930173873901,3,Western Visayas
CAPIZ,2019.0,"CONTRERAS, ESTEBAN EVAN BACERO",0,470.5959879557292,0.8666666348775228,794.5685424804688,422.13836669921875,8.929528713226318,492.8738098144531,0.7730719447135925,383.7723388671875,2.2805771827697754,3,Western Visayas
CAPIZ,2022.0,"CASTRO, FREDENIL HERNAEZ",0,,,,415.95131429036456,7.0530467828114825,732.6034342447916,0.8092204928398132,388.2378845214844,1.6159605979919434,3,Western Visayas
CATANDUANES,1995.0,"ALCANTARA, SEVERO CAJUDAY",0,0.0,0.0,56.646018981933594,0.0,0.0,22.232339819272358,0.8726366758346558,13.842881202697754,1.7233964204788208,3,Bicol Region
CATANDUANES,1998.0,"SANCHEZ, HECTOR S.",0,23.871999104817707,0.7866666316986084,92.24633026123047,0.0,0.0,45.68645095825195,0.9285526871681213,11.319071769714355,2.38455867767334,3,Bicol Region
CATANDUANES,2001.0,"VERCELES, LEANDRO JR. B.",0,78.66031138102214,2.7788893381754556,156.8441162109375,0.0,0.0,69.3029301961263,0.9454360604286194,11.017999649047852,1.7479709386825562,3,Bicol Region
CATANDUANES,2004.0,"VERCELES, LEANDRO JR. B.",1,88.76523844401042,3.1170386473337808,176.60699462890625,75.34933217366536,2.5833333333333335,148.89032999674478,0.9578397870063782,10.331881523132324,2.1901228427886963,3,Bicol Region
CATANDUANES,2007.0,"CUA, JOSEPH CHUA",0,104.02280680338542,3.54659104347229,82.38271840413411,84.55359649658203,2.861120621363322,169.1008504231771,0.9581193327903748,12.750835418701172,1.8814964294433594,3,Bicol Region
CATANDUANES,2010.0,"CUA, JOSEPH CHUA",1,85.40508778889973,5.02037517229716,70.82985957463582,110.76853942871094,3.9138712882995605,116.07054138183594,0.7762653231620789,91.96952056884766,1.6604204177856445,3,Bicol Region
CATANDUANES,2013.0,"WONG, ARACELI BERNARDINO",0,133.5858891805013,6.223041852315267,129.69265747070312,80.09041086832683,4.349792718887329,95.9562479654948,0.7886252403259277,110.04376983642578,1.9531975984573364,3,Bicol Region
CATANDUANES,2016.0,"CUA, JOSEPH CHUA",0,153.03862508138022,9.480015436808268,180.8073272705078,120.46043395996094,6.003129482269287,81.09746567408244,0.8075154423713684,148.50962829589844,2.5462870597839355,3,Bicol Region
CATANDUANES,2019.0,"CUA, JOSEPH CHUA",1,139.33151245117188,8.599376837412516,238.42957051595053,141.46965535481772,8.194222291310629,164.37869262695312,0.8152198791503906,167.81297302246094,1.7535829544067383,3,Bicol Region
CATANDUANES,2022.0,"CUA, JOSEPH CHUA",1,,,,124.32374572753906,8.01494836807251,224.9849853515625,0.8604706525802612,152.51438903808594,1.5615594387054443,3,Bicol Region
CAVITE,1992.0,"REMULLA, JUANITO R.",0,0.0,0.0,77.24559783935547,,,,0.5668178200721741,49.424922943115234,1.4935847520828247,3,CALABARZON
CAVITE,1995.0,"VELASCO, EPIMACO ARDINA",0,0.0,0.0,138.12538146972656,0.0,0.0,45.852189699808754,0.5460777878761292,159.4860076904297,1.8437299728393555,3,CALABARZON
CAVITE,1998.0,"REVILLA, RAMON BONG JR. R.",0,48.814666748046875,47.226664225260414,367.4193979899089,0.0,0.0,121.15582529703777,0.6307280659675598,199.6623077392578,1.6382964849472046,3,CALABARZON
CAVITE,2001.0,"MALIKSI, ERINEO SAQUILAYAN",0,224.75226847330728,158.63739522298178,756.2342936197916,0.0,0.0,182.73291015625,0.5396614670753479,314.5010070800781,1.753517508506775,3,CALABARZON
CAVITE,2004.0,"MALIKSI, ERINEO SAQUILAYAN",1,271.9890645345052,212.9317881266276,816.9474487304688,196.46133422851562,142.7126668294271,738.8426717122396,0.6244834065437317,423.8820495605469,1.3586769104003906,3,CALABARZON
CAVITE,2007.0,"MALIKSI, ERINEO SAQUILAYAN",1,325.8911946614583,158.50109100341797,358.2283630371094,262.18398030598956,196.95138041178384,778.9193318684896,0.5119641423225403,684.8209228515625,1.0357224941253662,3,CALABARZON
CAVITE,2010.0,"REMULLA, JUANITO VICTOR JR. ",0,360.78843180338544,168.32208251953125,408.67479451497394,276.0043640136719,207.97858174641928,463.8805440266927,0.5106795430183411,1477.89697265625,2.3028836250305176,3,CALABARZON
CAVITE,2013.0,"REMULLA, JUANITO VICTOR JR. ",1,557.27880859375,83.0907719930013,641.4988810221354,350.15960693359375,148.3926773071289,567.7208760579427,0.7227306962013245,681.3848266601562,1.8338767290115356,3,CALABARZON
CAVITE,2016.0,"REMULLA, JESUS CRISPIN CATIBAYAN",1,492.2770080566406,59.06336339314779,771.8314819335938,549.8651631673177,100.97116597493489,448.228271484375,0.7566080093383789,793.1228637695312,1.0644922256469727,3,CALABARZON
CAVITE,2019.0,"REMULLA, JUANITO VICTOR CATIBAYAN",1,488.4567464192708,104.50239765644073,1090.6777954101562,478.4206034342448,74.0703862508138,759.735107421875,0.795315682888031,932.5206909179688,1.6359776258468628,3,CALABARZON
CAVITE,2022.0,"REMULLA, JUANITO VICTOR CATIBAYAN",1,,,,412.9247639973958,69.1826484600703,912.2559611002604,0.814923882484436,1492.077880859375,1.1975778341293335,3,CALABARZON
CEBU,1992.0,"DELA SERNA, VICENTE L.",0,0.0,0.0,101.01707458496094,,,,0.18928216397762299,449.39007568359375,2.3585801124572754,3,Central Visayas
CEBU,1998.0,"GARCIA, PABLO P.",0,54.85813903808594,5.6983896891276045,346.4144999186198,0.0,0.0,171.1325225830078,0.5109679698944092,480.1828308105469,1.719089388847351,3,Central Visayas
CEBU,2001.0,"GARCIA, PABLO P.",1,136.88666534423828,21.549050013224285,605.9023030598959,0.0,0.0,236.4220733642578,0.7074779868125916,186.57479858398438,1.9077348709106445,3,Central Visayas
CEBU,2004.0,"GARCIA, GWENDOLYN FIEL",1,167.412841796875,43.51308949788412,919.1757609049479,134.8517837524414,18.279008865356445,551.4647216796875,0.6718324422836304,279.5914611816406,2.685720682144165,3,Central Visayas
CEBU,2007.0,"GARCIA, GWENDOLYN FIEL",1,217.12102762858072,44.04570007324219,205.47659810384116,151.46964009602866,35.8901735941569,825.1573893229166,0.8081352114677429,279.5380859375,1.4354225397109985,3,Central Visayas
CEBU,2010.0,"GARCIA, GWENDOLYN FIEL",1,337.57976786295575,58.06937917073568,313.2183494567871,241.88606770833334,51.40855280558268,442.81090291341144,0.7815812826156616,310.1748962402344,1.8867355585098267,3,Central Visayas
CEBU,2013.0,"DAVIDE, HILARIO III PEREZ",0,455.63665771484375,41.52315425872803,586.2906901041666,235.32282511393228,53.944661458333336,384.6775156656901,0.7207145690917969,520.8530883789062,1.8429441452026367,3,Central Visayas
CEBU,2016.0,"DAVIDE, HILARIO III PEREZ",1,575.361572265625,66.5051638285319,797.6531982421875,438.6631164550781,34.61221853892008,381.8848533630371,0.774225115776062,661.6959838867188,2.210371971130371,3,Central Visayas
CEBU,2019.0,"GARCIA, GWENDOLYN FIEL",0,547.340087890625,45.99571228027344,830.0871988932291,541.5268249511719,64.46291478474934,723.2136027018229,0.7755300998687744,974.8298950195312,1.7345911264419556,3,Central Visayas
CEBU,2022.0,"GARCIA, GWENDOLYN FIEL",1,,,,474.80645751953125,45.30425262451172,803.3117268880209,0.8135048151016235,1330.48583984375,1.2400603294372559,3,Central Visayas
COMPOSTELA VALLEY,1998.0,"CABALLERO, JOSE R.",0,16.594666798909504,5.808666865030925,109.03595225016277,,,,0.4880146384239197,87.46155548095703,2.278657913208008,3,Davao Region
COMPOSTELA VALLEY,2001.0,"CABALLERO, JOSE R.",1,44.257259368896484,11.99826176961263,221.17484029134116,0.0,0.0,38.500061670939125,0.8697474002838135,40.70399856567383,1.7834042310714722,3,Davao Region
COMPOSTELA VALLEY,2004.0,"CABALLERO, JOSE R.",1,48.40038172403971,14.692936261494955,258.509770711263,47.623453776041664,13.168054262797037,224.7744344075521,0.7449471950531006,76.43355560302734,1.246813416481018,3,Davao Region
COMPOSTELA VALLEY,2007.0,"UY, ARTURO TAO",0,43.28400166829427,16.669785499572754,51.17749786376953,44.37199274698893,12.714256286621094,230.27154032389322,0.7106136679649353,59.593711853027344,1.5970051288604736,3,Davao Region
COMPOSTELA VALLEY,2010.0,"UY, ARTURO TAO",1,38.99953524271647,19.479140122731526,76.91021474202473,47.54181035359701,18.98452313741048,129.39581807454428,0.8380581736564636,130.5924072265625,1.0,3,Davao Region
COMPOSTELA VALLEY,2013.0,"UY, ARTURO TAO",1,39.976683934529625,28.35890992482503,114.42180887858073,42.45343844095866,21.211438814798992,83.80994669596355,0.851481020450592,132.92015075683594,1.0,3,Davao Region
COMPOSTELA VALLEY,2016.0,"UY, JAYVEE TYRON LIM",1,39.09053039550781,20.978798548380535,159.2829360961914,31.664531071980793,25.22379159927368,84.51941935221355,0.7359999418258667,351.7088317871094,1.963605523109436,3,Davao Region
COMPOSTELA VALLEY,2019.0,"UY, JAYVEE TYRON LIM",1,,,,48.344347635904946,18.73603693644206,114.52699025472005,0.7289730310440063,537.4862060546875,1.0,3,Davao Region
COTABATO,1992.0,"DIAZ, ROSARIO P.",0,0.0,0.0,33.1198476155599,,,,0.8607189059257507,12.547261238098145,2.311136484146118,3,SOCCSKSARGEN
COTABATO,1998.0,"PIÑOL, EMMANUEL F.",0,30.0416259765625,2.8745946884155273,149.62693532307944,0.0,0.0,56.363250732421875,0.8603567481040955,45.75394821166992,2.3818869590759277,3,SOCCSKSARGEN
COTABATO,2001.0,"PIÑOL, EMMANUEL F.",1,108.37647501627605,13.768203735351562,312.04392496744794,0.0,0.0,86.71796417236328,0.878527045249939,57.548919677734375,1.439916729927063,3,SOCCSKSARGEN
COTABATO,2004.0,"PIÑOL, EMMANUEL FANTIN",1,140.72931671142578,16.927549362182617,436.4047139485677,102.4962870279948,11.722283045450846,288.3981628417969,0.8558908104896545,94.87240600585938,1.3322768211364746,3,SOCCSKSARGEN
COTABATO,2007.0,"SACDALAN, JESUS NONATO",0,214.33984883626303,19.62194760640462,208.36267598470053,124.13993581136067,16.329912503560383,388.18707275390625,0.8017151355743408,123.99810028076172,1.9399405717849731,3,SOCCSKSARGEN
COTABATO,2010.0,"MENDOZA, EMMYLOU TALIÑO",0,253.0972900390625,26.8450133005778,196.2138328552246,179.41653442382812,17.77837880452474,243.10813903808594,0.7812338471412659,176.8765869140625,1.8598088026046753,3,SOCCSKSARGEN
COTABATO,2013.0,"TALIÑO-MENDOZA, EMMYLOU",0,181.74877421061197,11.047913392384848,230.87609354654947,252.77025349934897,26.72642644246419,320.4997049967448,0.8182457685470581,286.13690185546875,1.8363280296325684,3,SOCCSKSARGEN
COTABATO,2016.0,"TALIÑO-MENDOZA, EMMYLOU JACOLO",1,262.5334116617839,6.894149621327718,367.7738037109375,210.31389872233072,14.241546471913656,168.26369857788086,0.8308954238891602,369.79730224609375,1.377271294593811,3,SOCCSKSARGEN
COTABATO,2019.0,"CATAMCO, NANCY ALAAN",0,278.79604085286456,5.483071645100911,582.5314534505209,187.5811309814453,9.288584073384603,262.8492685953776,0.8526214361190796,426.5332946777344,2.0544233322143555,3,SOCCSKSARGEN
COTABATO,2022.0,"MENDOZA, EMMYLOU TALIÑO",0,,,,273.5467224121094,4.6337761878967285,562.3125203450521,0.9078156352043152,408.10430908203125,1.9716238975524902,3,SOCCSKSARGEN
DAVAO DE ORO,2022.0,"GONZAGA, DOROTHY MONTEJO",0,,,,25.025653839111328,8.781418800354004,302.7889099121094,0.7857241630554199,658.9292602539062,1.8550077676773071,3,Davao Region
DAVAO DEL NORTE,1992.0,"AMATONG, PROSPERO S.",0,0.0,0.0,38.97716267903646,,,,0.6558577418327332,51.55832290649414,1.119122862815857,3,Davao Region
DAVAO DEL NORTE,1998.0,"DEL ROSARIO, RODOLFO PAGUIA",0,21.533920288085938,4.472603480021159,117.07611846923828,0.0,0.0,56.51581827799479,0.7927250266075134,92.91939544677734,1.052706241607666,3,Davao Region
DAVAO DEL NORTE,2001.0,"DEL ROSARIO, RODOLFO PAGUIA",1,45.89954121907552,12.724800745646158,227.3816935221354,0.0,0.0,56.60626347859701,0.7862313985824585,66.19203186035156,1.4738372564315796,3,Davao Region
DAVAO DEL NORTE,2004.0,"GEMENTIZA, GELACIO PORALAN",0,50.12849044799805,14.03848679860433,258.84288533528644,52.15346145629883,12.771605491638184,226.02255249023438,0.7893928289413452,101.12712097167969,1.2000830173492432,3,Davao Region
DAVAO DEL NORTE,2007.0,"DEL ROSARIO, RODOLFO PAGUIA",0,92.94508488972981,13.97831662495931,119.90061442057292,46.622002919514976,14.578716913859049,241.2518310546875,0.8835328221321106,65.21575164794922,1.5088207721710205,3,Davao Region
DAVAO DEL NORTE,2010.0,"DEL ROSARIO, RODOLFO PAGUIA",1,102.63388061523438,20.42641035715739,122.44225120544434,68.24582926432292,14.178667704264322,158.6446533203125,0.8827711939811707,91.3570556640625,1.0,3,Davao Region
DAVAO DEL NORTE,2013.0,"DEL ROSARIO, RODOLFO PAGUIA",1,84.46673583984375,35.7552235921224,100.5136489868164,126.64123789469402,12.737135251363119,173.484130859375,0.8517435193061829,129.49290466308594,1.0,3,Davao Region
DAVAO DEL NORTE,2016.0,"DEL ROSARIO, ANTONIO RAFAEL GARCIA",1,59.08763758341471,34.00243949890137,134.56580098470053,90.4639180501302,37.87530771891276,74.89018313090007,0.8182401061058044,223.403076171875,1.3880412578582764,3,Davao Region
DAVAO DEL NORTE,2019.0,"JUBAHIB, EDWIN IGNACIO",0,40.53971608479818,24.98480987548828,202.704833984375,49.494833628336586,27.286311467488606,114.96040598551433,0.8592935800552368,262.55194091796875,1.6063530445098877,3,Davao Region
DAVAO DEL NORTE,2022.0,"JUBAHIB, EDWIN IGNACIO",1,,,,43.343865712483726,28.462941487630207,204.12592569986978,0.8892548680305481,336.584716796875,1.6499886512756348,3,Davao Region
DAVAO DEL SUR,1992.0,"LLANOS, ROGELIO E.",0,0.0,0.0,52.61632410685221,,,,0.7610785365104675,15.261183738708496,2.0486574172973633,3,Davao Region
DAVAO DEL SUR,1998.0,"LLANOS, ROGELIO E.",1,23.220985412597656,2.832550048828125,182.2850341796875,0.0,0.0,68.3324343363444,0.9015935659408569,23.48244857788086,1.2832388877868652,3,Davao Region
DAVAO DEL SUR,2001.0,"LLANOS, REYNERIO E.",1,62.371639251708984,9.355285008748373,193.4126434326172,0.0,0.0,121.18260955810547,0.9195760488510132,26.099079132080078,1.6859450340270996,3,Davao Region
DAVAO DEL SUR,2004.0,"BAUTISTA, BENJAMIN JR. PERALTA",0,66.33660252888997,9.126059532165527,195.47164916992188,64.85523986816406,9.975154876708984,216.4322306315104,0.93399578332901,29.858245849609375,1.8796886205673218,3,Davao Region
DAVAO DEL SUR,2007.0,"CAGAS, DOUGLAS RALOTA",0,102.61964162190755,15.500162283579508,97.25120798746745,61.03942362467448,8.77631139755249,188.28251139322916,0.9301392436027527,40.93889617919922,1.9553585052490234,3,Davao Region
DAVAO DEL SUR,2010.0,"CAGAS, DOUGLAS RALOTA",1,149.9530995686849,36.36821428934733,129.68186855316162,78.96254984537761,11.833605766296387,108.88601430257161,0.9042573571205139,75.65750122070312,2.161759853363037,3,Davao Region
DAVAO DEL SUR,2013.0,"BAUTISTA, CLAUDE PERALTA",0,121.4498291015625,30.325857798258465,248.55667622884116,142.48162841796875,32.30882771809896,186.95292154947916,0.8517439365386963,128.00021362304688,1.7483547925949097,3,Davao Region
DAVAO DEL SUR,2016.0,"CAGAS, DOUGLAS RALOTA",0,208.9285430908203,67.67493184407552,347.37718709309894,114.87821451822917,25.224851608276367,162.34719244639078,0.8596310019493103,172.0230255126953,2.027808904647827,3,Davao Region
DAVAO DEL SUR,2019.0,"CAGAS, DOUGLAS RALOTA",1,232.59906005859375,104.58724975585938,556.6301472981771,191.84011840820312,55.826742808024086,293.2114664713542,0.8911387324333191,133.9073944091797,1.6389050483703613,3,Davao Region
DAVAO DEL SUR,2022.0,"CAGAS, YVONNE ROÑA",1,,,,197.12269592285156,79.53119150797527,504.79480997721356,0.8900741934776306,229.03269958496094,1.9752670526504517,3,Davao Region
DAVAO OCCIDENTAL,2016.0,"BAUTISTA, CLAUDE PERALTA",0,38.54622427622477,1.3052209615707397,49.272481282552086,62.1766103108724,2.861632982889811,0.0,0.9666942954063416,10.668035507202148,1.0,3,Davao Region
DAVAO OCCIDENTAL,2019.0,"BAUTISTA, CLAUDE PERALTA",1,66.94181315104167,5.221089998881022,119.07662709554036,35.242061932881676,1.3052209615707397,41.86053911844889,0.7980939745903015,222.4078826904297,1.0,3,Davao Region
DAVAO OCCIDENTAL,2022.0,"BAUTISTA, FRANKLIN PERALTA",1,,,,45.597372690836586,2.610544999440511,96.57861328125,0.9231229424476624,118.98985290527344,1.0,3,Davao Region
DAVAO ORIENTAL,1992.0,"LOPEZ, ROSALIND Y.",0,0.0,0.0,37.17988077799479,,,,0.8985520005226135,6.093739032745361,2.4062082767486572,3,Davao Region
DAVAO ORIENTAL,1995.0,"LOPEZ, ROSALIND YBASCO",1,0.0,0.0,67.60359700520833,0.0,0.0,23.060809294382732,0.883496880531311,15.36031436920166,1.5985519886016846,3,Davao Region
DAVAO ORIENTAL,1998.0,"LOPEZ, ROSALIND Y.",1,26.089820861816406,3.4939966201782227,128.4404525756836,0.0,0.0,60.14293670654297,0.8421716690063477,45.3671989440918,1.882380485534668,3,Davao Region
DAVAO ORIENTAL,2001.0,"PALMA GIL, MA. ELENA T.",0,66.94452158610027,8.079845905303955,216.0738983154297,0.0,0.0,78.41571553548177,0.9220080971717834,21.06800079345703,1.9812471866607666,3,Davao Region
DAVAO ORIENTAL,2004.0,"PALMA GIL, MA. ELENA T.",1,66.87546793619792,8.957038561503092,212.00976053873697,71.18537902832031,9.343089739481607,222.48624674479166,0.9342241883277893,26.102895736694336,1.942529320716858,3,Davao Region
DAVAO ORIENTAL,2007.0,"MALANYAON, CORAZON NUÑEZ",0,131.93915812174478,8.645389874776205,135.6023712158203,65.70174153645833,8.91248877843221,195.05050150553384,0.9062950611114502,40.11040115356445,1.6147819757461548,3,Davao Region
DAVAO ORIENTAL,2010.0,"MALANYAON, CORAZON NUÑEZ",1,147.86750284830728,12.731905937194824,142.9402256011963,96.59098307291667,8.013808250427246,147.77137756347656,0.9048047065734863,71.7266616821289,1.036037802696228,3,Davao Region
DAVAO ORIENTAL,2013.0,"MALANYAON, CORAZON NUÑEZ",1,197.5005645751953,10.988514264424643,237.6240997314453,157.23338317871094,12.751778602600098,204.72600809733072,0.9094245433807373,77.60697937011719,1.0,3,Davao Region
DAVAO ORIENTAL,2016.0,"DAYANGHIRANG, NELSON LECHONCITO",0,345.3794860839844,12.25979995727539,475.0979817708333,170.01331075032553,12.39029852549235,149.82930946350098,0.8444353938102722,202.27639770507812,1.7393094301223755,3,Davao Region
DAVAO ORIENTAL,2019.0,"DAYANGHIRANG, NELSON LECHONCITO",1,415.4830729166667,14.604534149169922,729.9195149739584,286.4651387532552,9.355947176615397,369.87354532877606,0.8516219854354858,252.63743591308594,1.0,3,Davao Region
DAVAO ORIENTAL,2022.0,"MALANYAON, CORAZON TOROBA NUÑEZ",0,,,,343.1481221516927,11.691347122192383,672.2707926432291,0.8807726502418518,304.76898193359375,1.0,3,Davao Region
DINAGAT ISLANDS,2007.0,"VILLAROMAN, GERALDINE ECLEO",0,27.288509368896484,0.6236668229103088,27.918375651041668,,,,0.9958357810974121,0.8058562874794006,1.0,3,CARAGA
DINAGAT ISLANDS,2010.0,"ECLEO, GLENDA BURAY",0,17.654091596603394,1.1931954522927601,13.06311321258545,23.450567881266277,0.3775271574656169,38.0591189066569,0.9394258856773376,17.26447868347168,1.1483700275421143,3,CARAGA
DINAGAT ISLANDS,2013.0,"ECLEO, GLENDA BURAY",1,70.77796045939128,3.171755075454712,75.27557754516602,16.285630623499554,0.7678810060024261,22.778810183207195,0.8937294483184814,16.01873016357422,1.9732733964920044,3,CARAGA
DINAGAT ISLANDS,2016.0,"ECLEO, GLENDA BURAY",1,54.37035115559896,2.2138476769129434,108.78146870930989,64.0981330871582,3.1082842350006104,43.90658950805664,0.8509113192558289,28.31975555419922,1.0,3,CARAGA
DINAGAT ISLANDS,2019.0,"BAG-AO, ARLENE JAVELLANA",0,70.78653971354167,0.03811333328485489,162.773681640625,55.16388193766276,1.9311267137527466,104.43135833740234,0.8950247168540955,19.842769622802734,1.898690938949585,3,CARAGA
DINAGAT ISLANDS,2022.0,"DEMEREY, NILO JR. PEPITO",0,,,,52.629764556884766,1.036702581991752,144.05315653483072,0.89820796251297,59.36171340942383,1.7464332580566406,3,CARAGA
EASTERN SAMAR,1995.0,"BARBO, LUTGARDO BOCO",0,0.0,0.0,80.5807991027832,0.0,0.0,26.36299228668213,0.8982605934143066,15.413583755493164,2.404783248901367,3,Eastern Visayas
EASTERN SAMAR,1998.0,"AMBIL, RUPERTO JR. A.",0,30.5923334757487,2.227666695912679,201.21514129638672,0.0,0.0,68.35364278157552,0.94769686460495,11.357682228088379,2.7696468830108643,3,Eastern Visayas
EASTERN SAMAR,2001.0,"SALAZAR, CLOTILDE JAPZON",0,112.0247573852539,2.2202643156051636,208.67405700683594,0.0,0.0,112.09913635253906,0.9416776299476624,24.424999237060547,2.7935311794281006,3,Eastern Visayas
EASTERN SAMAR,2004.0,"EVARDONE, BEN PAGARAN",0,134.19532012939453,5.2903852462768555,278.0142313639323,104.22443135579427,3.6091333627700806,256.3443603515625,0.9607707858085632,13.609763145446777,2.129591703414917,3,Eastern Visayas
EASTERN SAMAR,2007.0,"EVARDONE, BEN PAGARAN",1,155.7943115234375,7.234595775604248,122.48270670572917,124.79614512125652,3.2577149868011475,238.2832489013672,0.9521766304969788,21.77134895324707,1.1878955364227295,3,Eastern Visayas
EASTERN SAMAR,2010.0,"NICART, CONRADO JR. BASADA",0,203.25582885742188,0.0,160.24179776509604,148.18707275390625,7.903721173604329,173.75891621907553,0.8703451156616211,38.87152862548828,4.795588493347168,3,Eastern Visayas
EASTERN SAMAR,2013.0,"NICART, CONRADO JR. BASADA",1,161.1920598347982,19.60228164990743,224.87179565429688,190.3147226969401,2.2023425102233887,213.71646626790366,0.9222053289413452,49.942691802978516,1.8818917274475098,3,Eastern Visayas
EASTERN SAMAR,2016.0,"NICART, CONRADO JR. BASADA",1,279.5383809407552,1.2193216880162556,291.23802693684894,154.454953511556,19.49261498451233,156.28455289204916,0.93889319896698,63.29902267456055,1.5942637920379639,3,Eastern Visayas
EASTERN SAMAR,2019.0,"EVARDONE, BEN PAGARAN",0,200.9614054361979,0.0,299.1681416829427,254.07847595214844,1.3289883534113567,265.9368082682292,0.9456518292427063,72.82909393310547,1.7856383323669434,3,Eastern Visayas
EASTERN SAMAR,2022.0,"EVARDONE, BEN PAGARAN",1,,,,201.01789347330728,0.0,298.6439615885417,0.9674767255783081,68.84841918945312,1.1347795724868774,3,Eastern Visayas
GUIMARAS,1995.0,"LOPEZ, IMELDA RELUCIO",0,0.0,0.0,93.37095197041829,0.0,0.0,10.436720848083496,0.7226625680923462,22.646240234375,1.1891032457351685,3,Western Visayas
GUIMARAS,1998.0,"NAVA, JOAQUIN CARLOS R.",0,8.783330281575521,1.3173100153605144,50.493560791015625,0.0,0.0,22.863258997599285,0.6747187376022339,132.45654296875,1.9025139808654785,3,Western Visayas
GUIMARAS,2001.0,"NAVA, JOAQUIN CARLOS RAHMANARAÑO",1,26.54756037394206,3.2916200955708823,94.23253122965495,0.0,0.0,95.9542236328125,0.9120551347732544,10.934209823608398,1.5918983221054077,3,Western Visayas
GUIMARAS,2004.0,"NAVA, JOAQUIN CARLOS RAHMANARAÑO",1,40.8652229309082,4.334220091501872,125.21795654296875,25.66598383585612,3.7465734481811523,87.54816182454427,0.889297604560852,19.28990936279297,1.3830084800720215,3,Western Visayas
GUIMARAS,2007.0,"NAVA, FELIPE HILAN ARAÑO",1,26.32987689971924,8.769052028656006,19.605262120564777,33.531673431396484,2.6701000531514487,113.52802276611328,0.8991344571113586,22.34255027770996,1.5115505456924438,3,Western Visayas
GUIMARAS,2010.0,"NAVA, FELIPE HILAN ARAÑO",1,11.336385091145834,6.398335615793864,22.370425860087078,40.12551625569662,7.8297475179036455,60.84351094563802,0.8089619874954224,37.32798767089844,1.2375012636184692,3,Western Visayas
GUIMARAS,2013.0,"GUMARIN, SAMUEL TAYO",0,128.57610448201498,13.035537719726562,48.22993723551432,11.694681803385416,8.219076792399088,28.712330500284832,0.7757851481437683,58.02500534057617,1.9156628847122192,3,Western Visayas
GUIMARAS,2016.0,"GUMARIN, SAMUEL TAYO",1,45.93316523234049,11.99744971593221,74.4985720316569,121.40534496307373,12.243897914886475,34.33139133453369,0.7977750897407532,94.97110748291016,1.7795804738998413,3,Western Visayas
GUIMARAS,2019.0,"GUMARIN, SAMUEL TAYO",1,57.32969665527344,3.4831122557322183,107.46687825520833,37.7269090016683,7.148258050282796,59.72482681274414,0.7795288562774658,138.0446319580078,1.0648852586746216,3,Western Visayas
GUIMARAS,2022.0,"NAVA, JOAQUIN CARLOS RAHMAN ARAÑO",0,,,,46.88638432820638,9.068113883336386,100.47615559895833,0.7951406836509705,205.8780975341797,1.0352381467819214,3,Western Visayas
IFUGAO,1992.0,"PAWINGI, ALBERT D.",0,0.0,0.0,20.601850112279255,,,,0.974745512008667,0.8526059985160828,1.7874637842178345,3,CAR
IFUGAO,1995.0,"DULINAYAN, ILDEFONSO NALULA",0,0.0,0.0,46.999226888020836,0.0,0.0,10.043864647547403,0.9569740891456604,3.5618529319763184,2.561061143875122,3,CAR
IFUGAO,1998.0,"DULINAYAN, ILDEFONSO NALULA",1,20.262540181477863,0.33778401215871173,80.16474914550781,0.0,0.0,41.073445638020836,0.9521404504776001,6.2436909675598145,2.690244436264038,3,CAR
IFUGAO,2001.0,"BAGUILAT, TEODORO JR. BRAWNER",0,66.34386189778645,1.2915304899215698,133.52723948160806,0.0,0.0,56.72461700439453,0.9455792903900146,9.686285018920898,3.5346357822418213,3,CAR
IFUGAO,2004.0,"CAPPLEMAN, BENJAMIN BUDUHAN",0,79.1568094889323,2.279596964518229,160.7371571858724,63.24607849121094,1.0914111137390137,126.59449768066406,0.9282533526420593,17.21381950378418,2.6385433673858643,3,CAR
IFUGAO,2007.0,"BAGUILAT, TEODORO JR. BRAWNER",0,136.2336196899414,5.362746795018514,114.88307698567708,74.48811340332031,2.058076540629069,149.5285390218099,0.85911625623703,46.6835823059082,2.874173641204834,3,CAR
IFUGAO,2010.0,"BALITANG, EUGENE MARIANO",0,151.3802235921224,6.772451400756836,118.67412503560384,108.76386006673177,4.41466760635376,114.93404134114583,0.8819307684898376,54.427345275878906,1.9082390069961548,3,CAR
IFUGAO,2013.0,"HABAWEL, DENIS BAUTISTA",0,192.04561869303384,8.15385103225708,203.0243377685547,154.2073720296224,5.335621515909831,169.2669219970703,0.84408038854599,82.93611907958984,2.5018579959869385,3,CAR
IFUGAO,2016.0,"MAYAM-O, PEDRO GUHMI",0,209.91259765625,10.10316276550293,234.59252421061197,178.66373697916666,8.63285462061564,139.38718350728354,0.8502879738807678,113.65756225585938,4.4955267906188965,3,CAR
IFUGAO,2019.0,"DALIPOG, JERRY UYAMMI",0,224.46004231770834,4.36097626388073,359.6184997558594,202.74433390299478,9.177083969116211,220.6981964111328,0.8598321676254272,137.110107421875,2.722928047180176,3,CAR
IFUGAO,2022.0,"DALIPOG, JERRY UYAMI",1,,,,185.45179748535156,5.812564894556999,325.2071838378906,0.912229061126709,131.12100219726562,1.2642836570739746,3,CAR
ILOCOS NORTE,1995.0,"FARIÑAS, RODOLFO CASTRO",0,0.0,0.0,59.48247400919596,0.0,0.0,30.30991268157959,0.7432383298873901,21.491971969604492,1.1754006147384644,3,Ilocos Region
ILOCOS NORTE,1998.0,"MARCOS, FERDINAND JR. R. BONGBONG ",0,34.31100209554037,4.2065474192301435,155.77491251627603,0.0,0.0,48.5975596110026,0.7350660562515259,35.371036529541016,1.2433576583862305,3,Ilocos Region
ILOCOS NORTE,2001.0,"MARCOS, FERDINAND JR. R. BONGBONG ",1,102.65895589192708,11.13803482055664,240.00574239095053,0.0,0.0,99.6995137532552,0.8434240221977234,49.506778717041016,1.0,3,Ilocos Region
ILOCOS NORTE,2004.0,"MARCOS, FERDINAND JR. R. BONGBONG ",1,123.22973378499348,19.42947991689046,327.6660664876302,103.24998219807942,11.086069742838541,236.0109659830729,0.7706103324890137,61.612144470214844,1.0,3,Ilocos Region
ILOCOS NORTE,2007.0,"KEON, MICHAEL MARCOS",0,146.2824503580729,21.396059036254883,134.47219848632812,112.65582529703777,15.819193840026855,292.12628173828125,0.7283114194869995,108.6959457397461,1.573630928993225,3,Ilocos Region
ILOCOS NORTE,2010.0,"MARCOS, MARIA IMELDA ROMUALDEZ",0,173.8907216389974,28.235192616780598,370.2922668457031,141.26868693033853,22.54667027791341,182.2022705078125,0.6054667830467224,77.7029800415039,1.4436179399490356,3,Ilocos Region
ILOCOS NORTE,2013.0,"MARCOS, MARIA IMELDA ROMUALDEZ",1,253.21300252278647,29.784343719482422,418.3171793619792,161.57125854492188,24.978634516398113,344.7362569173177,0.6920392513275146,148.06185913085938,1.0,3,Ilocos Region
ILOCOS NORTE,2016.0,"MARCOS, MARIA IMELDA ROMUALDEZ",1,268.3939208984375,100.07197570800781,442.13905843098956,240.64700317382812,24.089065551757812,299.9374084472656,0.5614835023880005,290.7229309082031,1.0,3,Ilocos Region
ILOCOS NORTE,2019.0,"MANOTOC, MATTHEW MARCOS",0,328.57204182942706,150.59830778837204,730.1837158203125,235.6678212483724,80.69092559814453,496.9540100097656,0.6505955457687378,322.1867980957031,1.0,3,Ilocos Region
ILOCOS NORTE,2022.0,"MANOTOC, MATTHEW MARCOS",1,,,,271.2052307128906,110.51009927193324,634.2198791503906,0.5962278842926025,381.6734313964844,1.3603566884994507,3,Ilocos Region
ILOCOS SUR,1995.0,"SINGSON, LUIS CRISOLOGO",0,0.0,0.0,91.04866790771484,0.0,0.0,50.681987285614014,0.31525447964668274,14.511091232299805,1.2464162111282349,3,Ilocos Region
ILOCOS SUR,1998.0,"SINGSON, LUIS CRISOLOGO",1,37.86175282796224,7.4576873779296875,161.46976216634116,0.0,0.0,80.8739751180013,0.32088589668273926,23.837114334106445,1.7057181596755981,3,Ilocos Region
ILOCOS SUR,2001.0,"SAVELLANO, DEOGRACIAS VICTOR B.",0,102.76160939534505,10.68987226486206,243.70925903320312,0.0,0.0,118.7668965657552,0.5452238917350769,19.9222469329834,1.5215556621551514,3,Ilocos Region
ILOCOS SUR,2004.0,"SINGSON, LUIS CRISOLOGO",0,101.18131001790364,9.425091902414957,282.4811045328776,109.29394276936848,15.90617815653483,238.87675984700522,0.5733758807182312,18.081087112426758,1.7260069847106934,3,Ilocos Region
ILOCOS SUR,2007.0,"SAVELLANO, DEOGRACIAS VICTOR B.",0,164.6006113688151,11.267128626505533,163.2877451578776,97.49232737223308,7.845080375671387,253.07152303059897,0.7697772979736328,41.236793518066406,1.998765468597412,3,Ilocos Region
ILOCOS SUR,2010.0,"SINGSON, LUIS CRISOLOGO",0,190.52738444010416,11.351354281107584,185.03797403971353,115.7128397623698,10.371417363484701,178.0982208251953,0.33815741539001465,54.68659210205078,1.5406821966171265,3,Ilocos Region
ILOCOS SUR,2013.0,"SINGSON, RYAN LUIS VERZOSA",1,252.79327646891275,45.497138341267906,537.7914123535156,193.56290181477866,11.6997283299764,240.35113525390625,0.27735796570777893,240.96389770507812,1.4784131050109863,3,Ilocos Region
ILOCOS SUR,2016.0,"SINGSON, RYAN LUIS VERZOSA",1,331.07358805338544,21.1370849609375,589.6057739257812,199.77401987711588,40.64101060231527,387.31138102213544,0.29575255513191223,475.7435302734375,1.0,3,Ilocos Region
ILOCOS SUR,2019.0,"SINGSON, RYAN LUIS VERZOSA",1,364.4126790364583,18.513768513997395,928.1349690755209,325.1070963541667,19.697320302327473,553.8782552083334,0.30737343430519104,592.341796875,1.212921380996704,3,Ilocos Region
ILOCOS SUR,2022.0,"SINGSON, JEREMIAS CRISOLOGO",1,,,,322.062744140625,19.921506881713867,804.9336547851562,0.2725629508495331,532.1700439453125,1.0,3,Ilocos Region
ILOILO,1992.0,"DEFENSOR, ARTHUR D.",0,0.0,0.0,124.2377700805664,,,,0.808413028717041,23.036964416503906,2.9214587211608887,3,Western Visayas
ILOILO,1998.0,"DEFENSOR, ARTHUR D.",1,80.69654337565105,18.81053288777669,379.27882893880206,0.0,0.0,197.67362467447916,0.8107560276985168,93.94796752929688,1.9725514650344849,3,Western Visayas
ILOILO,2001.0,"TUPAS, NIEL D.",0,159.92071318626404,49.072367350260414,445.38755289713544,0.0,0.0,266.7478841145833,0.6710363030433655,93.45075988769531,1.42376708984375,3,Western Visayas
ILOILO,2004.0,"TUPAS, NIEL SR. DEMAULO",1,275.0685221354167,73.99876658121745,675.6885375976562,158.1462380886078,51.951456705729164,453.513427734375,0.8238518834114075,146.99002075195312,1.6140446662902832,3,Western Visayas
ILOILO,2007.0,"TUPAS, NIEL SR. DEMAULO",1,336.5260009765625,58.12395477294922,295.6109313964844,259.3583679199219,68.05747350056966,620.7921549479166,0.8288923501968384,182.03578186035156,1.4936670064926147,3,Western Visayas
ILOILO,2010.0,"DEFENSOR, ARTHUR D.",0,244.63466135660806,63.4753163655599,282.90197626749676,302.72850545247394,61.215187072753906,379.0094401041667,0.8524417281150818,212.8842010498047,2.0682828426361084,3,Western Visayas
ILOILO,2013.0,"DEFENSOR, ARTHUR D.",1,239.37100474039713,37.680962880452476,370.019775390625,346.19586181640625,60.19787343343099,428.6825256347656,0.8715732097625732,207.5853729248047,1.7634073495864868,3,Western Visayas
ILOILO,2016.0,"DEFENSOR, ARTHUR SR. DOLIGOSA",1,286.5286051432292,67.47762680053711,392.43817138671875,153.36439005533853,48.84209314982096,242.1461067199707,0.7195809483528137,764.5997924804688,1.0420681238174438,3,Western Visayas
ILOILO,2019.0,"DEFENSOR, ARTHUR JR. RIVERA",1,276.16839599609375,12.724918365478516,419.74939982096356,325.5902913411458,62.30647277832031,425.4779968261719,0.7093033790588379,1035.39794921875,1.8571676015853882,3,Western Visayas
ILOILO,2022.0,"DEFENSOR, ARTHUR JR. RIVERA",1,,,,215.44659423828125,22.431430180867512,370.5847880045573,0.7791263461112976,1146.3270263671875,1.0290578603744507,3,Western Visayas
ISABELA,1998.0,"DY, BENJAMIN DE GUZMAN",0,52.631184895833336,3.7100661595662436,282.2093556722005,0.0,0.0,173.97801717122397,0.9222273826599121,32.68082046508789,1.0841083526611328,3,Cagayan Valley
ISABELA,2001.0,"DY, FAUSTINO JR. SANCHEZ",1,116.29568481445312,19.420328776041668,605.9510192871094,0.0,0.0,220.48096211751303,0.8812887668609619,51.933929443359375,1.0,3,Cagayan Valley
ISABELA,2004.0,"PADACA, MARIA GRACIA CIELO MAGNO",0,157.31466674804688,15.031000137329102,574.5996500651041,131.8372039794922,14.878728548685709,595.941162109375,0.8158565163612366,53.85100173950195,1.8398189544677734,3,Cagayan Valley
ISABELA,2007.0,"PADACA, MARIA GRACIA CIELO",1,158.86755879720053,13.683578173319498,129.0160369873047,140.43333435058594,19.15399996439616,541.8579813639323,0.8924449682235718,98.86599731445312,1.903098702430725,3,Cagayan Valley
ISABELA,2010.0,"DY, FAUSTINO, III DE GUZMAN",0,212.0035400390625,17.312092145284016,176.56452624003092,157.5347696940104,13.282783190409342,261.55201721191406,0.8529566526412964,179.31951904296875,2.004737138748169,3,Cagayan Valley
ISABELA,2013.0,"DY, FAUSTINO III DE GUZMAN",1,242.34261067708334,19.84442710876465,308.26341756184894,199.8104044596354,15.01630433400472,233.8979949951172,0.7136505246162415,376.1438293457031,1.1680564880371094,3,Cagayan Valley
ISABELA,2016.0,"DY, FAUSTINO III DE GUZMAN",1,292.6301778157552,19.563838958740234,348.4022928873698,226.43792724609375,18.718143463134766,207.0367399851481,0.8069027066230774,439.23321533203125,1.3344266414642334,3,Cagayan Valley
ISABELA,2019.0,"ALBANO, RODOLFO III TAGUINOD",0,353.5439046223958,23.55420684814453,538.0261840820312,267.6136728922526,19.020947138468426,332.23423258463544,0.7973107695579529,518.9617309570312,1.0370993614196777,3,Cagayan Valley
ISABELA,2022.0,"ALBANO, RODOLFO III TAGUINOD",1,,,,285.1900634765625,20.521528244018555,462.29296875,0.8015196919441223,492.7297668457031,1.051668405532837,3,Cagayan Valley
KALINGA,1998.0,"BELAC, DOMINADOR T.  ",0,25.99694061279297,0.1649583379427592,105.1814676920573,0.0,0.0,46.82790883382162,0.9432870745658875,8.826355934143066,1.8728306293487549,3,CAR
KALINGA,2001.0,"DUGUIANG, MACARIO A.",0,71.81260045369466,2.7506372531255088,139.7584660847982,0.0,0.0,79.63338724772136,0.9322813153266907,15.018516540527344,3.9348535537719727,3,CAR
KALINGA,2004.0,"BELAC, DOMINADOR T.  ",0,83.99006907145183,1.2544989983240764,165.09453837076822,71.31374486287434,2.2964399059613547,137.19476064046225,0.9597660899162292,9.342228889465332,1.9613717794418335,3,CAR
KALINGA,2007.0,"DIASEN, FLOYDELIA REYES",0,104.75045522054036,1.711018164952596,81.08663177490234,81.83557637532552,1.3062723477681477,158.05602010091147,0.9443575143814087,17.09775733947754,1.4607882499694824,3,CAR
KALINGA,2010.0,"BAAC, JOCEL COLLADO",0,134.83743794759116,2.1299612124760947,115.68340174357097,93.61681620279948,1.6158206860224407,96.65164693196614,0.9312463998794556,31.612293243408203,3.543321132659912,3,CAR
KALINGA,2013.0,"BAAC, JOCEL COLLADO",1,153.5308634440104,1.493413011233012,214.3931884765625,136.87030283610025,2.2661751906077066,155.169314066569,0.8598915934562683,82.4619140625,1.529922604560852,3,CAR
KALINGA,2016.0,"BAAC, JOCEL COLLADO",1,365.0406087239583,6.549686988194783,403.97780354817706,121.49657694498698,1.505815029144287,136.34074020385742,0.835228681564331,139.45745849609375,2.198122501373291,3,CAR
KALINGA,2019.0,"TUBBAN, FERDINAND BAAC",0,266.49114990234375,7.941071192423503,410.65138753255206,294.61639404296875,4.29874328772227,322.43524169921875,0.8022496700286865,221.81700134277344,2.879493236541748,3,CAR
KALINGA,2022.0,"EDDUBA, JAMES SAGMAYAO",0,,,,273.45513916015625,6.735443115234375,421.92291259765625,0.8742526769638062,188.90184020996094,2.2647593021392822,3,CAR
LA UNION,1998.0,"ORROS, JUSTO JR. O",0,42.36322530110677,5.07157039642334,211.89565785725912,0.0,0.0,94.0484390258789,0.6801099181175232,30.11680030822754,1.625519037246704,3,Ilocos Region
LA UNION,2001.0,"ORTEGA, VICTOR FRANCISCO C.",0,149.19727579752603,14.868237495422363,326.8951009114583,0.0,0.0,151.11580657958984,0.6055814623832703,46.89480972290039,2.2526254653930664,3,Ilocos Region
LA UNION,2004.0,"ORTEGA, VICTOR FRANCISCO C.",1,125.35845947265625,16.56509240468343,366.3195292154948,138.75835164388022,14.810781796773275,313.76702880859375,0.740028977394104,84.29582214355469,1.4365715980529785,3,Ilocos Region
LA UNION,2007.0,"ORTEGA, MANUEL CAMPOS",1,99.56477483113606,22.239420255025227,100.1707255045573,125.80877685546875,17.16938241322835,340.90980021158856,0.8045307397842407,61.1544189453125,1.7661486864089966,3,Ilocos Region
LA UNION,2010.0,"ORTEGA, MANUEL CAMPOS",1,174.94029744466147,73.07594045003255,277.0602773030599,121.19062423706055,15.432548522949219,185.14442443847656,0.4773634374141693,138.68650817871094,1.3436634540557861,3,Ilocos Region
LA UNION,2013.0,"ORTEGA, MANUEL CAMPOS",1,309.8458709716797,123.08843231201172,518.7914123535156,142.64051310221353,60.994083404541016,287.3924916585286,0.5598757266998291,389.0271911621094,1.1228760480880737,3,Ilocos Region
LA UNION,2016.0,"ORTEGA, FRANCISCO EMMANUEL III RAMOS",1,75.54471842447917,62.784125010172524,416.74843343098956,349.3536020914714,130.1385040283203,333.9990590413411,0.46246209740638733,587.8414306640625,2.3449790477752686,3,Ilocos Region
LA UNION,2019.0,"ORTEGA, FRANCISCO EMMANUEL III RAMOS",1,76.56363592545192,19.137373685836792,659.0653076171875,75.34786224365234,63.448961893717446,556.3160909016927,0.7087839245796204,499.19696044921875,1.0916768312454224,3,Ilocos Region
LA UNION,2022.0,"DAVID, RAPHAELLE VERONICA ORTEGA",0,,,,62.153441528479256,25.473877668380737,522.6901143391927,0.5873622298240662,567.5557250976562,1.1145867109298706,3,Ilocos Region
LAGUNA,1992.0,"SAN LUIS, FELICISIMO T.",0,0.0,0.0,126.5986328125,,,,0.4369925856590271,101.22050476074219,2.4073328971862793,3,CALABARZON
LAGUNA,1998.0,"LINA, JOSE JR DAVID",0,113.45033772786458,88.42633056640625,594.4486694335938,0.0,0.0,192.56427001953125,0.4513804316520691,481.5347595214844,1.2199312448501587,3,CALABARZON
LAGUNA,2001.0,"LAZARO, TERESITA SANTIAGO",0,373.7740478515625,233.3805185953776,978.9483235677084,0.0,0.0,391.993896484375,0.4197349548339844,694.9420166015625,1.653680443763733,3,CALABARZON
LAGUNA,2004.0,"LAZARO, TERESITA SANTIAGO",1,381.003662109375,276.57875061035156,1022.3195190429688,346.8310038248698,229.7286631266276,930.8309936523438,0.516912579536438,653.4221801757812,2.8829970359802246,3,CALABARZON
LAGUNA,2007.0,"LAZARO, TERESITA SANTIAGO",1,532.936777750651,147.73758824666342,526.9720458984375,380.7247721354167,285.47434488932294,1048.6805623372395,0.628127932548523,527.7815551757812,1.9181621074676514,3,CALABARZON
LAGUNA,2016.0,"HERNANDEZ, RAMIL LAUREL",0,885.8249104817709,92.87030792236328,1382.2226969401042,559.083730061849,105.40822347005208,533.2324358622233,0.8281526565551758,455.0810241699219,2.1099679470062256,3,CALABARZON
LAGUNA,2019.0,"HERNANDEZ, RAMIL LAUREL",1,1105.20662856102,76.56985473632812,2331.459676106771,821.5982055664062,97.14182790120442,1118.8157958984375,0.8584033846855164,496.3993225097656,1.5182489156723022,3,CALABARZON
LAGUNA,2022.0,"HERNANDEZ, RAMIL LAUREL",1,,,,881.3453614711761,66.01684061686198,2053.6254069010415,0.7318568825721741,803.2400512695312,1.7445600032806396,3,CALABARZON
LANAO DEL NORTE,1995.0,"DIMAPORO, ABDULLAH DIMAKUTA",0,0.0,0.0,53.84272257486979,0.0,0.0,18.98030908902486,0.9137331247329712,11.689010620117188,1.5911130905151367,3,SOCCSKSARGEN
LANAO DEL NORTE,1998.0,"DIMAPORO, IMELDA QUIBRANZA",1,18.834786732991535,1.6093118985493977,107.37499237060547,0.0,0.0,46.043924967447914,0.9396138191223145,11.067305564880371,1.4476712942123413,3,SOCCSKSARGEN
LANAO DEL NORTE,2001.0,"DIMAPORO, IMELDA QUIBRANZA",1,63.51829274495443,3.6921832958857217,171.87039693196616,0.0,0.0,68.11374028523763,0.8483010530471802,43.77466583251953,2.302908182144165,3,Northern Mindanao
LANAO DEL NORTE,2004.0,"DIMAPORO, IMELDA QUIBRANZA",1,78.52646382649739,4.178829908370972,245.04723103841147,61.86676279703776,3.610735853513082,172.96723429361978,0.8666014671325684,49.18199157714844,1.3804525136947632,3,Northern Mindanao
LANAO DEL NORTE,2007.0,"DIMAPORO, MOHAMAD K QUIBRANZA",1,67.02936617533366,1.1512304147084553,35.55945142110189,66.88451512654622,4.718358834584554,219.8917439778646,0.8578063249588013,63.67777633666992,1.6183305978775024,3,Northern Mindanao
LANAO DEL NORTE,2010.0,"DIMAPORO, MOHAMAD K QUIBRANZA",1,98.38830629984538,8.85441541671753,54.1941286722819,90.33840433756511,2.3024608294169107,111.13027954101562,0.8100758194923401,138.27064514160156,1.158455729484558,3,Northern Mindanao
LANAO DEL NORTE,2013.0,"DIMAPORO, MOHAMAD K QUIBRANZA",1,171.1495507558187,8.085625648498535,249.42748514811197,54.04024124145508,5.8965121905008955,62.48851076761881,0.7757882475852966,189.55133056640625,1.6949957609176636,3,Northern Mindanao
LANAO DEL NORTE,2016.0,"DIMAPORO, IMELDA QUIBRANZA",1,318.6534423828125,9.771093726158142,341.90699259440106,137.19307390848795,6.636431694030762,155.94474156697592,0.7903537750244141,253.88851928710938,1.5511597394943237,3,Northern Mindanao
LANAO DEL NORTE,2019.0,"DIMAPORO, IMELDA QUIBRANZA",1,24.57653045654297,12.70623779296875,174.64610290527344,314.8640950520833,9.303475419680277,334.6993408203125,0.7973147630691528,319.56768798828125,1.3031094074249268,3,Northern Mindanao
LANAO DEL NORTE,2022.0,"DIMAPORO, IMELDA QUIBRANZA",1,,,,103.20138168334961,11.227834383646647,248.36901092529297,0.8089759349822998,495.49432373046875,1.1184734106063843,3,Northern Mindanao
LANAO DEL SUR,1995.0,"MUTILAN, MAHID MIRA-ATO",0,0.0,0.0,8.206504503885904,0.0,0.0,2.9950903256734214,0.9252516031265259,10.626611709594727,2.8763082027435303,3,SOCCSKSARGEN
LANAO DEL SUR,1998.0,"MUTILAN, ALIM MAHID M.",1,0.0,0.016666666915019352,36.1196346282959,0.0,0.0,7.781019846598308,0.9637888669967651,9.534987449645996,2.5878188610076904,3,SOCCSKSARGEN
LANAO DEL SUR,2001.0,"ADIONG, MAMINTAL SR. MAGANGCONG",0,0.0,0.0,123.38497416178386,0.0,0.0,9.744394620259603,0.9596648812294006,15.933329582214355,4.715619087219238,3,SOCCSKSARGEN
LANAO DEL SUR,2004.0,"ADIONG, MAMINTAL SR. MAGANGCONG",1,3.4772542317708335,0.0,188.76309712727866,0.0,0.016666666915019352,114.52887725830078,0.9757038950920105,13.238386154174805,1.0,3,SOCCSKSARGEN
LANAO DEL SUR,2007.0,"ADIONG, MAMINTAL JR. ALONTO",1,9.977017561594645,0.10038000345230103,66.23594665527344,1.7059439023335774,0.0,154.7830047607422,0.9784079194068909,17.036277770996094,3.202834129333496,3,SOCCSKSARGEN
LANAO DEL SUR,2010.0,"ADIONG, MAMINTAL, JR. ALONTO",1,43.726339975992836,4.068978309631348,175.67779032389322,6.423748016357422,0.0,104.84137471516927,0.9601007103919983,39.0385627746582,1.0,3,BARMM
LANAO DEL SUR,2013.0,"ADIONG, MAMINTAL JR. ALONTO",1,46.85993194580078,10.292257030804953,242.14166768391928,24.347972869873047,0.10038000345230103,159.08218383789062,0.9523837566375732,57.1329460144043,1.5108381509780884,3,BARMM
LANAO DEL SUR,2016.0,"ADIONG, BEDJORIA SORAYA ALONTO",1,49.61493412653605,1.6977340647329886,270.2539876302083,66.05316925048828,14.3612353404363,223.93900044759116,0.9809017777442932,12.07552433013916,1.9514611959457397,3,BARMM
LANAO DEL SUR,2019.0,"ADIONG, MAMINTAL JR. ALONTO",1,48.59722900390625,0.3466666539510091,397.16408284505206,39.99517297744751,0.000916666661699613,229.98385620117188,0.9888908267021179,20.994535446166992,1.4918150901794434,3,BARMM
LANAO DEL SUR,2022.0,"ADIONG, MAMINTAL JR. ALONTO",1,,,,39.42808532714844,1.8701507250467937,404.57200113932294,0.9912954568862915,27.571495056152344,1.3997488021850586,3,BARMM
LEYTE,1992.0,"PETILLA, LEOPOLDO E.",0,0.0,0.0,111.68129475911458,,,,0.6684941053390503,43.81367874145508,3.410796642303467,3,Eastern Visayas
LEYTE,1998.0,"PETILLA, REMEDIOS L.",1,45.13579813639323,4.4830474853515625,261.08112080891925,0.0,0.0,176.68077087402344,0.873431384563446,60.092708587646484,2.707761287689209,3,Eastern Visayas
LEYTE,2001.0,"PETILLA, REMEDIOS L.",1,217.40257263183594,28.399823506673176,435.7020670572917,0.0,0.0,258.89845784505206,0.9131198525428772,38.83913040161133,1.5902018547058105,3,Eastern Visayas
LEYTE,2004.0,"PETILLA, CARLOS JERICHO LORETO",1,210.5549519856771,24.471789677937824,473.6850992838542,191.03228251139322,28.04327392578125,379.98109944661456,0.9153125286102295,55.00850296020508,1.925068736076355,3,Eastern Visayas
LEYTE,2007.0,"PETILLA, CARLOS JERICHO LORETO",1,88.65839831034343,26.80412228902181,42.84407043457031,209.28766377766928,21.80219332377116,440.33876546223956,0.8945660591125488,93.94882202148438,1.0451833009719849,3,Eastern Visayas
LEYTE,2010.0,"PETILLA, CARLOS JERICHO LORETO",1,20.3087641398112,20.41776466369629,51.38353729248047,153.72828229268393,28.441590627034504,200.07416534423828,0.6557408571243286,244.33447265625,1.0,3,Eastern Visayas
LEYTE,2013.0,"PETILLA, LEOPOLDO DOMINICO",1,297.520565032959,33.79008547465006,270.4525655110677,28.012256622314453,26.28948974609375,68.6734619140625,,0.0,1.0,3,Eastern Visayas
LEYTE,2016.0,"PETILLA, LEOPOLDO DOMINICO LORETO",1,608.2971801757812,35.81774393717448,667.1457722981771,124.92620468139648,18.793774286905926,76.8909403483073,0.7147785425186157,690.1918334960938,1.05991530418396,3,Eastern Visayas
LEYTE,2019.0,"PETILLA, LEOPOLDO DOMINICO LORETO",1,424.4856770833333,40.90320078531901,732.72509765625,538.1212972005209,38.35951232910156,596.7550862630209,0.7947299480438232,579.59033203125,1.0652341842651367,3,Eastern Visayas
LEYTE,2022.0,"PETILLA, CARLOS JERICHO LORETO",1,,,,455.01308186848956,32.90614318847656,752.3985188802084,0.8489590287208557,627.5874633789062,1.2280333042144775,3,Eastern Visayas
MAGUINDANAO,1998.0,"CANDAO, ZACARIA A.",0,1.2356746196746826,0.5014030536015829,59.375102043151855,0.0,0.0,5.820140997568767,0.9011316895484924,3.877316951751709,1.9996111392974854,3,SOCCSKSARGEN
MAGUINDANAO,2001.0,"AMPATUAN, ANDAL SALIBO",0,6.237995942433675,2.0383050044377646,258.25355021158856,0.0,0.0,12.57106844584147,0.9540402293205261,2.740908145904541,1.6476472616195679,3,SOCCSKSARGEN
MAGUINDANAO,2004.0,"AMPATUAN, ANDAL SALIBO",1,9.859154542287191,1.619290331999461,261.36912536621094,4.538878997166951,1.812047799428304,221.5934041341146,0.9511098265647888,4.12875509262085,1.2499518394470215,3,SOCCSKSARGEN
MAGUINDANAO,2007.0,"AMPATUAN, ANDAL SALIBO",1,6.059554576873779,1.305702308813731,67.70589192708333,10.251791954040527,2.024184226989746,284.9424641927083,0.9400858879089355,3.664776563644409,1.0,3,SOCCSKSARGEN
MAGUINDANAO,2010.0,"MANGUDADATU, ESMAEL GAGUIL",0,48.598880449930824,1.7395728826522827,115.84320449829102,5.08430830637614,1.012502392133077,83.93311564127605,0.9788343906402588,2.474053382873535,2.5002641677856445,3,BARMM
MAGUINDANAO,2013.0,"MANGUDADATU, ESMAEL GAGUIL",1,54.14358393351237,11.11760926246643,149.58538309733072,39.51531219482422,1.3734207153320312,152.78666178385416,0.9440510272979736,4.863027095794678,1.4843534231185913,3,BARMM
MAGUINDANAO,2016.0,"MANGUDADATU, ESMAEL GAGUIL",1,32.63148816426595,28.548797130584717,106.29526011149089,49.17974853515625,1.2369741598765056,102.936705271403,0.9442603588104248,13.73229694366455,1.6307411193847656,3,BARMM
MAGUINDANAO,2019.0,"MANGUDADATU, MARIAM SANGKI",1,4.65187931060791,5.161323547363281,466.4825439453125,50.19629224141439,39.4115506807963,161.84767405192056,0.9600622057914734,36.081825256347656,1.8079029321670532,3,BARMM
MAGUINDANAO,2022.0,"MANGUDADATU, MARIAM SANGKI",1,,,,2.325939655303955,2.5806617736816406,301.4619852701823,0.9883236289024353,26.96879768371582,1.6799542903900146,3,BARMM
MARINDUQUE,1998.0,"REYES, CARMENCITA ONGSIAKO",0,19.683666229248047,0.6970000267028809,73.31820170084636,0.0,0.0,39.90723673502604,0.7974205613136292,28.694791793823242,2.297147274017334,3,MIMAROPA
MARINDUQUE,2001.0,"REYES, CARMENCITA ONGSIAKO",1,62.0509999593099,2.8496667544047036,127.0806655883789,0.0,0.0,49.52279535929362,0.9005821347236633,13.597999572753906,1.7699594497680664,3,MIMAROPA
MARINDUQUE,2004.0,"REYES, CARMENCITA ONGSIAKO",1,70.30653889973958,5.849168300628662,155.39881896972656,60.77899932861328,2.813333431879679,122.85299936930339,0.9349819421768188,13.529999732971191,1.7590981721878052,3,Mimaropa Region
MARINDUQUE,2007.0,"CARRION, JOSE ANTONIO N.",0,86.65061442057292,6.400247732798259,70.00765228271484,66.9188346862793,4.941129287083943,143.855712890625,0.9274016618728638,19.388017654418945,3.9718427658081055,3,Mimaropa Region
MARINDUQUE,2010.0,"REYES, CARMENCITA ONGSIAKO",0,91.97554524739583,3.2686864535013833,68.94585100809734,79.86173248291016,6.197519620259603,89.99771881103516,0.931434690952301,25.43022918701172,2.5732240676879883,3,MIMAROPA Region
MARINDUQUE,2013.0,"REYES, CARMENCITA ONGSIAKO",1,136.75497690836588,6.644715944925944,119.91622161865234,91.93344116210938,4.1349382400512695,101.85915883382161,0.907071590423584,39.53919982910156,1.9513205289840698,3,MIMAROPA Region
MARINDUQUE,2016.0,"REYES, CARMENCITA ONGSIAKO",1,121.14377339680989,4.241196711858113,135.11911265055338,129.52208455403647,7.4556013743082685,81.18777147928874,0.9348075985908508,37.20413589477539,1.9344409704208374,3,MIMAROPA Region
MARINDUQUE,2019.0,"VELASCO, PRESBITERO JR. JOSE",0,122.71990841627121,0.0,199.19702657063803,116.02140553792317,2.8713961442311606,126.29969787597656,0.9273678064346313,42.31381607055664,1.5162943601608276,3,MIMAROPA Region
MARINDUQUE,2022.0,"VELASCO, PRESBITERO JR. JOSE",1,,,,105.01219560702641,1.5367638270060222,180.04155985514322,0.8928673267364502,101.11015319824219,2.2243216037750244,3,MIMAROPA Region
MASBATE,1998.0,"KHO, ANTONIO T.",0,27.81066640218099,1.224999984105428,122.23710632324219,0.0,0.0,60.83300272623698,0.9786728620529175,5.172222137451172,2.295135259628296,3,Bicol Region
MASBATE,2001.0,"KHO, ANTONIO T.",1,95.13067626953125,4.199427127838135,189.70164998372397,0.0,0.0,96.08834838867188,0.932056188583374,9.560999870300293,1.8541748523712158,3,Bicol Region
MASBATE,2004.0,"KHO, ANTONIO T.",1,106.22138214111328,3.673297961552938,226.5989023844401,91.79233296712239,3.5349999268849692,182.2163340250651,0.9199740290641785,12.829280853271484,1.9847451448440552,3,Bicol Region
MASBATE,2007.0,"KHO, ELISA TINGCUNGCO",1,131.26000213623047,3.610201676686605,99.94790649414062,100.0008061726888,4.702561616897583,204.2657216389974,0.979110836982727,11.295599937438965,1.9657288789749146,3,Bicol Region
MASBATE,2010.0,"LANETE, RIZALINA SEACHON",0,166.69981892903647,10.545929590861002,138.45659383138022,121.15766906738281,3.2790319124857583,136.1324462890625,0.8981742262840271,55.16423797607422,1.9286807775497437,3,Bicol Region
MASBATE,2013.0,"LANETE, RIZALINA SEACHON",1,201.26431783040366,8.41497802734375,223.74456787109375,154.28437296549478,7.4103678067525225,174.90501403808594,0.9197323322296143,64.8031997680664,2.1052446365356445,3,Bicol Region
MASBATE,2016.0,"KHO, ANTONIO TERO",0,263.90582275390625,21.9719451268514,312.20689392089844,206.22522481282553,10.640039761861166,169.6459757486979,0.9151967167854309,111.47235870361328,3.0260770320892334,3,Bicol Region
MASBATE,2019.0,"KHO, ANTONIO TERO",1,388.05688711007434,4.387161652247111,526.1821085611979,203.7840321858724,11.105571428934732,247.4258015950521,0.9444982409477234,90.19286346435547,1.4588489532470703,3,Bicol Region
MASBATE,2022.0,"KHO, ANTONIO TERO",1,,,,309.31155629952747,15.395986318588257,456.31028238932294,0.9125128388404846,135.8936309814453,1.7385475635528564,3,Bicol Region
MISAMIS OCCIDENTAL,1995.0,"GARCIA, FLORENCIO LABASTIDA",0,0.0,0.0,60.843868255615234,0.0,0.0,26.7269770304362,0.8940363526344299,14.753026962280273,2.000195026397705,3,Northern Mindanao
MISAMIS OCCIDENTAL,1998.0,"CLARETE, ERNIE D. ",0,23.42926788330078,1.0032546520233154,113.90771357218425,0.0,0.0,61.082557678222656,0.939146101474762,11.343282699584961,2.568877935409546,3,Northern Mindanao
MISAMIS OCCIDENTAL,2001.0,"OCAMPOS, LORETO LEO S.",0,82.19066874186198,2.6428064505259194,204.43353780110678,0.0,0.0,64.63764190673828,0.9332400560379028,18.36319351196289,1.673944115638733,3,Northern Mindanao
MISAMIS OCCIDENTAL,2004.0,"OCAMPOS, LORETO LEO S.",1,104.15151468912761,3.4605065981547036,255.89517720540366,74.13132222493489,2.714608351389567,195.37914530436197,0.8528263568878174,51.58687973022461,1.0875309705734253,3,Northern Mindanao
MISAMIS OCCIDENTAL,2007.0,"OCAMPOS, LORETO LEO S.",1,78.32862091064453,4.149300257364909,47.29779561360677,98.20713551839192,3.157597064971924,237.3216349283854,0.867624819278717,58.418785095214844,1.0564576387405396,3,Northern Mindanao
MISAMIS OCCIDENTAL,2010.0,"RAMIRO, HERMINIA DE MESA",0,10.147258122762045,3.176321188608805,20.25652535756429,112.02449798583984,4.175057093302409,136.89679718017578,0.8152714371681213,122.25872802734375,2.0169878005981445,3,Northern Mindanao
MISAMIS OCCIDENTAL,2013.0,"RAMIRO, HERMINIA DE MESA",1,24.389694213867188,11.69730281829834,38.419122060139976,13.884374618530273,4.384926637013753,25.307907104492188,0.768388569355011,139.50244140625,1.0885968208312988,3,Northern Mindanao
MISAMIS OCCIDENTAL,2016.0,"RAMIRO, HERMINIA DEMESA",1,19.700568517049152,6.918354193369548,42.20998891194662,18.464993794759113,9.618172327677408,27.655489285786945,0.7380130290985107,217.86050415039062,1.0265381336212158,3,Northern Mindanao
MISAMIS OCCIDENTAL,2019.0,"TAN, PHILIP TIU",0,14.39733632405599,10.0,64.22839482625325,18.936381657918293,5.817039330800374,39.233299255371094,0.7138082385063171,236.35134887695312,1.666811466217041,3,Northern Mindanao
MISAMIS OCCIDENTAL,2022.0,"OAMINAL, HENRY SEVILLA",0,,,,13.887555440266928,8.180445353190104,54.799669901529946,0.9061615467071533,187.21241760253906,1.406829833984375,3,Northern Mindanao
MISAMIS ORIENTAL,1992.0,"EMANO, VICENTE Y.",0,0.0,0.0,47.22251955668131,,,,0.5119674801826477,41.36555862426758,1.9413018226623535,3,Northern Mindanao
MISAMIS ORIENTAL,1995.0,"EMANO, VICENTE YAP",1,0.0,0.0,98.25192260742188,0.0,0.0,29.465645790100098,0.5409376621246338,113.79611206054688,1.8757539987564087,3,Northern Mindanao
MISAMIS ORIENTAL,1998.0,"CALINGIN, ANTONIO P.",0,22.882619222005207,8.57625643412272,144.93069712320963,0.0,0.0,82.29728190104167,0.49963250756263733,205.35549926757812,2.098069429397583,3,Northern Mindanao
MISAMIS ORIENTAL,2001.0,"CALINGIN, ANTONIO P.",1,53.73580678304037,20.098904927571613,229.81637064615884,0.0,0.0,109.02327982584636,0.6244904398918152,98.71076965332031,1.8239357471466064,3,Northern Mindanao
MISAMIS ORIENTAL,2004.0,"MORENO, OSCAR SERIÑA",0,30.585046132405598,31.08859380086263,239.57128397623697,67.78059387207031,22.975456873575848,235.13702901204428,0.8561781048774719,61.58216094970703,1.5104833841323853,3,Northern Mindanao
MISAMIS ORIENTAL,2007.0,"MORENO, OSCAR SERIÑA",1,30.67512385050456,30.656339645385742,44.18760426839193,29.62469991048177,27.896690368652344,223.83501180013022,0.7787907719612122,123.7073974609375,1.5092928409576416,3,Northern Mindanao
MISAMIS ORIENTAL,2010.0,"MORENO, OSCAR SERIÑA",1,37.15872065226237,19.031806310017902,42.75336170196533,29.36826451619466,30.20306396484375,105.8585688273112,0.709851861000061,254.25489807128906,1.3584750890731812,3,Northern Mindanao
MISAMIS ORIENTAL,2013.0,"EMANO, YEVGENY VINCENTE",0,41.420998891194664,21.737959543863933,69.11771647135417,35.12124252319336,22.79147211710612,61.87797419230143,0.7547531723976135,254.75302124023438,1.8917982578277588,3,Northern Mindanao
MISAMIS ORIENTAL,2016.0,"EMANO, YEVGENY VINCENTE BEJA",1,105.21318944295247,30.865354537963867,161.96311950683594,40.259910583496094,20.704166412353516,48.87360986073812,0.7949941158294678,285.4001770019531,1.7207179069519043,3,Northern Mindanao
MISAMIS ORIENTAL,2019.0,"EMANO, YEVGENY VINCENTE BEJA",1,489.1973876953125,29.50933074951172,646.5740661621094,75.46135330200195,22.07663917541504,115.91957346598308,0.7636153101921082,453.7371826171875,1.8153595924377441,3,Northern Mindanao
MISAMIS ORIENTAL,2022.0,"UNABIA, PETER MAMAWAG",0,,,,288.6541341145833,30.162391662597656,433.1463877360026,0.7886839509010315,456.10888671875,2.2763073444366455,3,Northern Mindanao
MOUNTAIN,1992.0,"DALOG, MAXIMO B.",0,0.0,0.0,27.697482109069824,,,,0.9757289886474609,0.7177510261535645,4.3450398445129395,3,CAR
MOUNTAIN,1998.0,"MAYAEN, LEONARD G.",0,16.20605977376302,0.2286798357963562,72.413818359375,0.0,0.0,43.914618174235024,0.9394943714141846,8.169371604919434,2.6943976879119873,3,CAR
MOUNTAIN,2001.0,"MALINIAS, SARIO M.",0,49.790818532307945,0.5701549251874288,114.7652104695638,0.0,0.0,53.433404286702476,0.9704232215881348,5.636686325073242,3.5303256511688232,3,CAR
MOUNTAIN,2004.0,"DALOG, MAXIMO B.",0,65.50126393636067,1.0398718913396199,146.4519500732422,50.363487243652344,0.6200101772944132,112.87062327067058,0.9685150980949402,6.750462532043457,3.100672960281372,3,CAR
MOUNTAIN,2007.0,"DALOG, MAXIMO B.",1,79.2013651529948,1.152187744776408,58.5625966389974,57.37911860148112,0.8338438272476196,128.87043253580728,0.8943670392036438,26.786102294921875,2.394178628921509,3,CAR
MOUNTAIN,2010.0,"MAYAEN, LEONARD G.",0,107.48043823242188,2.09295117855072,73.88275988896687,75.44903055826823,0.9284704923629761,83.92903900146484,0.8619825839996338,46.76750946044922,3.718463659286499,3,CAR
MOUNTAIN,2013.0,"MAYAEN, LEONARD G.",1,165.64659881591797,10.962042888005575,137.24024709065756,93.67456309000652,2.13590935866038,100.83287302652995,0.8539222478866577,71.80812072753906,1.8782466650009155,3,CAR
MOUNTAIN,2016.0,"MAYAEN, LEONARD GABAS",1,190.95080057779947,9.16720167795817,222.07040405273438,156.7071304321289,10.519041419029236,85.84682289759319,0.8676007986068726,86.07402801513672,1.0,3,CAR
MOUNTAIN,2019.0,"LACWASAN, BONIFACIO JR. CALDE",0,175.71187337239584,2.8404563069343567,298.8067881266276,175.71180725097656,8.401745557785034,198.90889994303384,0.8737343549728394,108.47956085205078,2.7424516677856445,3,CAR
MOUNTAIN,2022.0,"LACWASAN, BONIFACIO JR. CALDE",1,,,,153.34814453125,3.302577714125315,264.0887044270833,0.9075925946235657,125.32942962646484,1.1198492050170898,3,CAR
NEGROS OCCIDENTAL,1995.0,"COSCOLLUELA, RAFAEL LUZ",0,0.0,0.0,131.95508257548013,0.0,0.0,75.96471786499023,0.641564667224884,198.70729064941406,1.7380436658859253,3,Western Visayas
NEGROS OCCIDENTAL,1998.0,"COSCOLLUELA, RAFAEL LUZ",1,67.13300069173177,7.112333297729492,401.47910563151044,0.0,0.0,176.3491668701172,0.9100931286811829,8.505705833435059,1.2349448204040527,3,Western Visayas
NEGROS OCCIDENTAL,2001.0,"MARAÑON, JOSEPH GALICIA",0,141.6085408528646,55.6767832438151,422.8801676432292,0.0,0.0,158.8178908030192,0.8490291833877563,127.7979965209961,1.686347484588623,3,Western Visayas
NEGROS OCCIDENTAL,2004.0,"MARAÑON, JOSEPH GALICIA",1,29.808300018310547,48.26279067993164,265.48492940266925,196.78523763020834,44.70404370625814,581.7359212239584,0.7496925592422485,142.2020263671875,1.2218986749649048,3,Western Visayas
NEGROS OCCIDENTAL,2007.0,"MARAÑON, JOSEPH GALICIA",1,45.35899988810221,45.61953608194987,96.78097534179688,32.6983273824056,53.130836486816406,269.9444936116536,0.7207176089286804,435.0719909667969,1.0207531452178955,3,Western Visayas
NEGROS OCCIDENTAL,2010.0,"MARAÑON, ALFREDO JR GALICIA",1,90.17073822021484,69.3961664835612,174.69974263509116,36.56492360432943,41.292198181152344,134.94971211751303,0.8627419471740723,239.87940979003906,1.7071292400360107,3,Western Visayas
NEGROS OCCIDENTAL,2013.0,"MARAÑON, ALFREDO JR GALICIA",1,176.63063049316406,51.258811155954994,221.27147420247397,80.14247258504231,60.89119974772135,200.82149251302084,0.651997447013855,330.19586181640625,1.676521897315979,3,Western Visayas
NEGROS OCCIDENTAL,2016.0,"MARAÑON, ALFREDO JR. GALICIA",1,768.9986953735352,93.15737406412761,997.3858642578125,179.02696482340494,51.57791566848755,186.00256856282553,0.6217500567436218,1041.6917724609375,1.0,3,Western Visayas
NEGROS OCCIDENTAL,2019.0,"LACSON, EUGENIO JOSE VILLARREAL",0,881.1107584635416,63.4227040608724,1626.7541097005208,421.8057581583659,85.16881815592448,628.3675282796224,0.8441418409347534,586.2931518554688,1.0548681020736694,3,Western Visayas
NEGROS OCCIDENTAL,2022.0,"LACSON, EUGENIO JOSE VILLARREAL",1,,,,813.2406005859375,65.43013509114583,1564.9649658203125,0.9188112020492554,477.50360107421875,1.0816166400909424,3,Western Visayas
NEGROS ORIENTAL,1995.0,"MACIAS, EMILIO II CABRERA",0,0.0,0.0,148.77265167236328,0.0,0.0,51.18683783213297,0.8652740120887756,34.279258728027344,1.0,3,Central Visayas
NEGROS ORIENTAL,1998.0,"ARNAIZ, GEORGE P.",0,63.56304931640625,8.148588180541992,234.78707377115884,0.0,0.0,124.76900990804036,0.8422204852104187,61.62631607055664,1.847404956817627,3,Central Visayas
NEGROS ORIENTAL,2001.0,"ARNAIZ, GEORGE P.",1,210.62755330403647,24.25514539082845,400.37188720703125,0.0,0.0,176.90241495768228,0.8632740378379822,66.69222259521484,1.7456798553466797,3,Central Visayas
NEGROS ORIENTAL,2004.0,"ARNAIZ, GEORGE P.",1,269.47881571451825,26.751431783040363,537.7056376139323,197.44745890299478,26.92769432067871,379.75621541341144,0.8229458928108215,99.92618560791016,1.0151203870773315,3,Central Visayas
NEGROS ORIENTAL,2007.0,"MACIAS, EMILIO II CABRERA",0,331.0170186360677,26.03792381286621,272.9494323730469,243.5969492594401,22.92522684733073,461.3440653483073,0.8292148113250732,153.50469970703125,1.0217362642288208,3,Central Visayas
NEGROS ORIENTAL,2010.0,"MACIAS, EMILIO II CABRERA",1,413.3945821126302,25.01852544148763,283.0917828877767,306.73374430338544,24.081942240397137,330.9894612630208,0.7897688746452332,240.13699340820312,1.956078052520752,3,Central Visayas
NEGROS ORIENTAL,2013.0,"DEGAMO, ROEL RAGAY",0,290.3814760843913,17.188847541809082,478.81298828125,369.2628682454427,26.419082005818684,425.49671427408856,0.8147554993629456,260.48760986328125,2.60186505317688,3,Central Visayas
NEGROS ORIENTAL,2016.0,"DEGAMO, ROEL RAGAY",1,620.9797973632812,24.338520685831707,702.0163981119791,314.6780865987142,18.47787062327067,321.9265505472819,0.8370236754417419,311.6641540527344,1.6822216510772705,3,Central Visayas
NEGROS ORIENTAL,2019.0,"DEGAMO, ROEL RAGAY",1,456.3582356770833,14.183100382486979,808.8119099934896,551.6545817057291,24.91246287027995,629.8266296386719,0.8203738331794739,453.0128173828125,1.2888565063476562,3,Central Visayas
NEGROS ORIENTAL,2022.0,"DEGAMO, ROEL RAGAY",1,,,,444.2477213541667,15.086254119873047,775.5656534830729,0.9040749073028564,352.290771484375,2.1361165046691895,3,Central Visayas
NORTHERN SAMAR,1992.0,"ABAYON, HARLIN C.",0,0.0,0.0,39.63300387064616,,,,0.9204427599906921,4.0774922370910645,1.855614185333252,3,Eastern Visayas
NORTHERN SAMAR,1995.0,"ABAYON, HARLIN CASTILLO",1,0.0,0.0,70.85990397135417,0.0,0.0,25.240081151326496,0.9434801340103149,7.958703994750977,1.892725944519043,3,Eastern Visayas
NORTHERN SAMAR,1998.0,"ONG, MADELEINE M.",0,49.3106689453125,5.259000142415364,267.0622253417969,0.0,0.0,59.453904469807945,0.9213255047798157,18.185266494750977,1.9489609003067017,3,Eastern Visayas
NORTHERN SAMAR,2001.0,"DAZA, RAUL AGUILA",0,124.80354817708333,2.661400238672892,227.23727416992188,0.0,0.0,94.51160430908203,0.9133970141410828,55.39099884033203,1.7866246700286865,3,Eastern Visayas
NORTHERN SAMAR,2004.0,"DAZA, RAUL AGUILA",1,125.61251831054688,4.42771848042806,242.07173665364584,128.5356699625651,6.978000164031982,349.8436635335286,0.9058064818382263,17.207345962524414,1.3513929843902588,3,Eastern Visayas
NORTHERN SAMAR,2007.0,"DAZA, RAUL AGUILA",1,172.4645792643229,5.711958885192871,136.05975850423178,126.46158345540364,3.2088143825531006,234.59663899739584,0.9438857436180115,26.422178268432617,1.9670096635818481,3,Eastern Visayas
NORTHERN SAMAR,2010.0,"DAZA, PAUL RUIZ",1,210.1341756184896,22.786720911661785,173.81206035614014,156.32909138997397,5.815014680226644,155.72982788085938,0.9358619451522827,37.95840072631836,1.7437686920166016,3,Eastern Visayas
NORTHERN SAMAR,2013.0,"ONG, JOSE JR. LAO",0,296.90468343098956,5.851801077524821,341.0400695800781,194.08289591471353,14.261707305908203,234.59684244791666,0.8033385872840881,86.18958282470703,1.7491358518600464,3,Eastern Visayas
NORTHERN SAMAR,2016.0,"ONG, JOSE JR. LAO",1,338.98683675130206,5.009536902109782,353.92125447591144,264.5700378417969,13.93739652633667,227.9542112350464,0.8551880717277527,172.33981323242188,1.4435067176818848,3,Eastern Visayas
NORTHERN SAMAR,2019.0,"ONGCHUAN, EDWIN MARINO CO",0,328.8163248697917,13.446600596110025,571.3746337890625,318.61216227213544,5.852491855621338,336.01951090494794,0.8272238969802856,273.5960998535156,1.0,3,Eastern Visayas
NORTHERN SAMAR,2022.0,"ONGCHUAN, EDWIN MARINO CO",1,,,,294.0337320963542,8.37801202138265,499.08668009440106,0.9183395504951477,189.36343383789062,1.1079593896865845,3,Eastern Visayas
NUEVA ECIJA,1992.0,"JOSON, TOMAS III N.",0,0.0,0.0,87.60193761189778,,,,0.8725196719169617,12.231049537658691,1.8398724794387817,3,Central Luzon
NUEVA ECIJA,1995.0,"JOSON, EDUARDO NONATO N.",1,0.0,0.0,145.0907185872396,0.0,0.0,58.634572982788086,0.7102370262145996,103.13671112060547,1.689039707183838,3,Central Luzon
NUEVA ECIJA,1998.0,"JOSON, TOMAS III N.",1,44.76862589518229,3.595043500264486,261.5599873860677,0.0,0.0,132.51705169677734,0.7749524712562561,112.08242797851562,1.3558059930801392,3,Central Luzon
NUEVA ECIJA,2001.0,"JOSON, TOMAS III N.",1,141.51482645670572,21.110088348388672,405.03502400716144,0.0,0.0,170.53567504882812,0.5507910251617432,45.991451263427734,1.5053324699401855,3,Central Luzon
NUEVA ECIJA,2004.0,"JOSON, TOMAS III N.",1,149.97720845540366,33.57486788431803,541.6373494466146,138.80611673990884,19.089131991068523,425.1968485514323,0.91871178150177,60.24300003051758,1.8561081886291504,3,Central Luzon
NUEVA ECIJA,2007.0,"UMALI, AURELIO MATIAS",0,74.16117986043294,64.22983932495117,108.96246846516927,146.901123046875,27.19676399230957,470.32427978515625,0.8623324632644653,144.5579071044922,1.7235323190689087,3,Central Luzon
NUEVA ECIJA,2010.0,"UMALI, AURELIO MATIAS",1,38.88414510091146,67.94986724853516,137.25362141927084,112.73368072509766,52.43716939290365,251.57084147135416,0.8564136624336243,203.66908264160156,1.6281083822250366,3,Central Luzon
NUEVA ECIJA,2013.0,"UMALI, AURELIO MATIAS",1,87.25005722045898,68.60862731933594,231.008176167806,35.93193689982096,74.12253061930339,153.76904805501303,0.8283519148826599,280.22515869140625,1.607040286064148,3,Central Luzon
NUEVA ECIJA,2016.0,"UMALI, CZARINA DOMINGO",1,300.0634536743164,78.15713119506836,526.6325937906901,82.19527180989583,69.12136459350586,182.40152740478516,0.855406641960144,342.8161926269531,1.6171320676803589,3,Central Luzon
NUEVA ECIJA,2019.0,"UMALI, AURELIO MATIAS",1,314.54380289713544,64.24636840820312,1017.6871948242188,162.93405787150064,55.235188802083336,364.09471130371094,0.8158972263336182,629.265380859375,2.0800533294677734,3,Central Luzon
NUEVA ECIJA,2022.0,"UMALI, AURELIO MATIAS",1,,,,314.3892110188802,72.14649963378906,869.5954182942709,0.8929789662361145,547.589111328125,1.4447051286697388,3,Central Luzon
NUEVA VIZCAYA,1992.0,"DUMLAO, PATRICIO G.",0,0.0,0.0,36.01983515421549,,,,0.9213277101516724,3.43045711517334,2.0651931762695312,3,Cagayan Valley
NUEVA VIZCAYA,1995.0,"AGBAYANI, RODOLFO QUIRINO",0,0.0,0.0,33.122432708740234,0.0,0.0,26.53132502237956,0.8324307203292847,24.65494155883789,1.4872779846191406,3,Cagayan Valley
NUEVA VIZCAYA,1998.0,"AGBAYANI, RODOLFO Q. ",1,15.36495844523112,1.108418385187785,87.75375874837239,0.0,0.0,28.490413029988606,0.9150257110595703,15.674226760864258,1.02028489112854,3,Cagayan Valley
NUEVA VIZCAYA,2001.0,"AGBAYANI, RODOLFO Q.",1,19.919607321421307,5.748176733652751,133.613405863444,0.0,0.0,49.30192184448242,0.9128702282905579,23.757286071777344,1.0268067121505737,3,Cagayan Valley
NUEVA VIZCAYA,2004.0,"CUARESMA, LUISA LLOREN",0,7.6756666501363116,29.13099988301595,171.52366638183594,32.69423246383667,4.448261817296346,142.38958485921225,0.9087201356887817,30.722999572753906,2.6435279846191406,3,Cagayan Valley
NUEVA VIZCAYA,2007.0,"CUARESMA, LUISA LLOREN",1,9.856181144714355,31.18604628245036,30.025787353515625,7.381666660308838,16.851999759674072,141.8856658935547,0.8263524174690247,84.41100311279297,1.7361165285110474,3,Cagayan Valley
NUEVA VIZCAYA,2010.0,"CUARESMA, LUISA LLOREN",1,75.49616559346516,38.132686614990234,55.79437669118246,9.005379358927408,41.21541976928711,91.57662963867188,0.7627009749412537,180.43133544921875,1.5202264785766602,3,Cagayan Valley
NUEVA VIZCAYA,2013.0,"PADILLA, RUTH RAÑA",0,190.98857625325522,16.273334980010986,257.1485850016276,12.606600761413574,31.73628584543864,63.52831268310547,0.746862530708313,219.23545837402344,2.7071568965911865,3,Cagayan Valley
NUEVA VIZCAYA,2016.0,"PADILLA, CARLOS MAPILI",1,284.1577962239583,26.008809407552082,343.7570088704427,179.60603841145834,21.260881265004475,172.57015641530356,0.758289098739624,272.0356750488281,1.8333913087844849,3,Cagayan Valley
NUEVA VIZCAYA,2019.0,"PADILLA, CARLOS MAPILI",1,301.58164469401044,20.9983336130778,499.68651326497394,264.3874867757161,22.340036392211914,316.38087972005206,0.7119178175926208,330.82379150390625,1.7368649244308472,3,Cagayan Valley
NUEVA VIZCAYA,2022.0,"PADILLA, CARLOS MAPILI",1,,,,248.81836954752603,20.602254231770832,444.50913492838544,0.8619258403778076,314.61041259765625,1.681105136871338,3,Cagayan Valley
OCCIDENTAL MINDORO,1992.0,"RAMIREZ, JOSEPHINE Y.",0,0.0,0.0,39.170553843180336,,,,0.8287541270256042,10.724699020385742,2.0600411891937256,3,MIMAROPA
OCCIDENTAL MINDORO,1998.0,"SATO, JOSEPHINE RAMIREZ",0,28.384007771809895,0.998799721399943,138.22630818684897,0.0,0.0,58.550498962402344,0.9270753264427185,16.181543350219727,1.362130880355835,3,MIMAROPA
OCCIDENTAL MINDORO,2001.0,"VILLAROSA, JOSE TAPALES",0,89.11032358805339,11.307404200236002,261.0081532796224,0.0,0.0,79.96622212727864,0.7997915744781494,22.52913475036621,1.980870246887207,3,MIMAROPA
OCCIDENTAL MINDORO,2004.0,"SATO, JOSEPHINE RAMIREZ",0,87.98154195149739,9.25031312306722,308.98427327473956,87.87208048502605,9.794300158818563,258.7359670003255,0.8913493752479553,43.92481994628906,1.70815908908844,3,Mimaropa Region
OCCIDENTAL MINDORO,2007.0,"SATO, JOSEPHINE RAMIREZ",1,118.05005900065105,10.61283016204834,125.1116943359375,88.22771453857422,8.649493853251139,278.1631317138672,0.9176064729690552,30.816211700439453,1.7217122316360474,3,Mimaropa Region
OCCIDENTAL MINDORO,2010.0,"SATO, JOSEPHINE RAMIREZ",1,155.06692504882812,10.409222920735678,181.81725438435873,101.62443542480469,10.326878229777018,173.88055928548178,0.9485328793525696,36.32841873168945,1.4786726236343384,3,MIMAROPA Region
OCCIDENTAL MINDORO,2013.0,"MENDIOLA, MARIO GENE JARO",0,193.90262349446616,17.093789100646973,323.2919006347656,144.09241231282553,10.701428731282553,236.17925516764322,0.7382725477218628,271.14398193359375,1.769038200378418,3,MIMAROPA Region
OCCIDENTAL MINDORO,2016.0,"MENDIOLA, MARIO GENE JARO",1,276.8538513183594,28.106658935546875,381.63621012369794,179.32969665527344,15.310031255086264,201.09691747029623,0.9149248600006104,89.32392120361328,1.569866418838501,3,MIMAROPA Region
OCCIDENTAL MINDORO,2019.0,"GADIANO, EDUARDO BALTAZAR",0,350.1968180338542,15.870606740315756,599.0497639973959,245.2586873372396,25.154163996378582,382.57508341471356,0.8432806134223938,114.94657897949219,1.7445002794265747,3,MIMAROPA Region
OCCIDENTAL MINDORO,2022.0,"GADIANO, EDUARDO BALTAZAR",1,,,,278.04271443684894,15.778025309244791,530.3841044108073,0.9401655793190002,97.81548309326172,1.631988763809204,3,MIMAROPA Region
ORIENTAL MINDORO,1992.0,"VALENCIA, RODOLFO G.",0,0.0,0.0,38.9520263671875,,,,0.880303144454956,6.831480979919434,1.771195888519287,3,MIMAROPA
ORIENTAL MINDORO,1998.0,"VALENCIA, RODOLFO G.",1,25.45599873860677,1.9470000267028809,128.928342183431,0.0,0.0,55.28521982828776,0.8845112323760986,30.111717224121094,1.8169503211975098,3,MIMAROPA
ORIENTAL MINDORO,2001.0,"MARASIGAN, BARTOLOME SR. LAYA",0,81.15529123942058,9.820817947387695,257.68479410807294,0.0,0.0,79.38057454427083,0.9085667133331299,31.68000030517578,1.6344726085662842,3,MIMAROPA
ORIENTAL MINDORO,2004.0,"MARASIGAN, BARTOLOME SR. LAYA",1,83.2766825358073,15.50870132446289,309.5714823404948,79.76766459147136,8.130333423614502,243.5286661783854,0.9109207987785339,39.31510925292969,1.7733666896820068,3,Mimaropa Region
ORIENTAL MINDORO,2007.0,"PANALIGAN, ARNAN CAPULONG",0,167.49326833089194,25.98614756266276,187.44129943847656,79.82933553059895,12.404617627461752,286.1872049967448,0.925552487373352,41.74712371826172,1.440738320350647,3,Mimaropa Region
ORIENTAL MINDORO,2010.0,"UMALI, ALFONSO JR. VILLAR",0,199.41842651367188,26.976054509480793,204.34533818562826,142.12472025553384,23.55251185099284,224.88226318359375,0.8936991691589355,60.16930389404297,1.999191403388977,3,MIMAROPA Region
ORIENTAL MINDORO,2013.0,"UMALI, ALFONSO JR. VILLAR",1,155.88192749023438,23.17943795522054,266.5051015218099,176.09175618489584,32.76071294148763,262.9070587158203,0.8392800092697144,107.8924331665039,1.0,3,MIMAROPA Region
ORIENTAL MINDORO,2016.0,"UMALI, ALFONSO JR. VILLAR",1,284.1930389404297,74.79446538289388,401.0320638020833,179.36182149251303,23.32514476776123,204.78957239786783,0.8620331287384033,184.06430053710938,1.3868430852890015,3,MIMAROPA Region
ORIENTAL MINDORO,2019.0,"DOLOR, HUMERLITO ATIENZA",0,272.9231004714966,72.42971988891561,518.823008219401,239.1738026936849,47.091041564941406,332.4315948486328,0.6624671220779419,249.73703002929688,1.7741285562515259,3,MIMAROPA Region
ORIENTAL MINDORO,2022.0,"DOLOR, HUMERLITO ATIENZA",1,,,,237.71394316355386,67.16945581013958,478.6006673177083,0.8581988215446472,161.24610900878906,1.7203290462493896,3,MIMAROPA Region
PALAWAN,1992.0,"SOCRATES, SALVADOR P.",0,0.0,0.0,49.07355499267578,,,,0.8848496675491333,22.92148208618164,2.141688823699951,3,MIMAROPA
PALAWAN,1998.0,"SOCRATES, SALVADOR P.",1,32.053192138671875,5.845558802286784,261.97003173828125,0.0,0.0,64.22429911295573,0.9196518659591675,28.124801635742188,1.405453085899353,3,MIMAROPA
PALAWAN,2001.0,"REYES, MARIO JOEL T.",0,126.66445668538411,16.913929621378582,500.77757771809894,0.0,0.0,121.93468983968098,0.6487638354301453,16.1090030670166,1.812628984451294,3,MIMAROPA
PALAWAN,2004.0,"REYES, MARIO JOEL TOLENTINO",1,81.05058288574219,5.458782196044922,417.12359619140625,129.1966985066732,17.933236440022785,556.3788452148438,0.9729702472686768,19.66534423828125,2.0576980113983154,3,Mimaropa Region
PALAWAN,2007.0,"REYES, MARIO JOEL TOLENTINO",1,103.3148930867513,35.707401275634766,115.9518330891927,83.55467224121094,8.465440114339193,394.11693318684894,0.9730774164199829,22.490299224853516,1.0200456380844116,3,Mimaropa Region
PALAWAN,2010.0,"MITRA, ABRAHAM KAHLIL BLANCO",0,120.58379872639973,41.383819580078125,122.33366839090984,83.6813227335612,21.276256561279297,189.06110636393228,0.6597995758056641,174.05575561523438,1.942945122718811,3,MIMAROPA Region
PALAWAN,2013.0,"ALVAREZ, JOSE CHAVES",0,125.74700355529785,11.228529135386148,219.26321919759116,136.1826629638672,40.82955423990885,184.6808319091797,0.8346503973007202,192.8206787109375,1.6426746845245361,3,MIMAROPA Region
PALAWAN,2016.0,"ALVAREZ, JOSE CHAVES",1,236.70821126302084,57.69544347127279,497.88868204752606,88.8456236521403,25.733765125274658,150.1580549875895,0.8741233348846436,255.15089416503906,1.6880892515182495,3,MIMAROPA Region
PALAWAN,2019.0,"ALVAREZ, JOSE CHAVES",1,397.9299723307292,22.064910888671875,827.2711181640625,207.10480244954428,43.90027395884196,363.94825744628906,0.8504881858825684,447.1081237792969,1.7428120374679565,3,MIMAROPA Region
PALAWAN,2022.0,"SOCRATES, VICTORINO DENNIS MACALINAO",0,,,,296.52134195963544,27.1273930867513,731.6586507161459,0.8804879784584045,560.4593505859375,2.4549529552459717,3,MIMAROPA Region
PAMPANGA,1992.0,"GUIAO, BREN Z.",0,0.0,0.0,76.2481689453125,,,,0.5932043790817261,57.7888069152832,2.038760185241699,3,Central Luzon
PAMPANGA,1998.0,"LAPID, MANUEL M.",0,51.264933268229164,2.1253137588500977,253.2574005126953,0.0,0.0,119.90495300292969,0.6520459055900574,167.72052001953125,1.4000585079193115,3,Central Luzon
PAMPANGA,2001.0,"LAPID, MANUEL M.",1,142.166748046875,29.061787287394207,408.0194600423177,0.0,0.0,158.88142903645834,0.8264197707176208,82.5462875366211,1.0859500169754028,3,Central Luzon
PAMPANGA,2004.0,"LAPID, MARK TADEO",1,198.4662322998047,43.94257418314616,438.6738993326823,135.07123311360678,21.287789980570476,425.9344177246094,0.8445298671722412,88.21368408203125,1.9779908657073975,3,Central Luzon
PAMPANGA,2007.0,"PANLILIO, EDDIE TONGOL",0,105.81957753499348,35.55921490987142,109.24274444580078,183.8307139078776,41.230136235555015,411.859375,0.8051050305366516,187.8902587890625,2.9790115356445312,3,Central Luzon
PAMPANGA,2010.0,"PINEDA, LILIA GARCIA",0,99.89847310384114,68.31329600016277,219.5006357828776,165.10468546549478,37.89214070638021,233.3376668294271,0.7874587774276733,296.9084777832031,1.52792227268219,3,Central Luzon
PAMPANGA,2013.0,"PINEDA, LILIA GARCIA",1,251.13026428222656,49.73259178797404,421.13405354817706,64.00852711995442,55.06347846984863,190.40833791097006,0.6982240676879883,543.6710815429688,1.2742724418640137,3,Central Luzon
PAMPANGA,2016.0,"PINEDA, LILIA GARCIA",1,103.18867492675781,56.250091552734375,425.52513631184894,258.7200164794922,48.595595836639404,339.50940958658856,0.674868643283844,889.4696655273438,1.0,3,Central Luzon
PAMPANGA,2019.0,"PINEDA, DENNIS GARCIA",1,105.86993551254272,8.658341024070978,435.4076741536458,111.54323323567708,62.72987620035807,402.35817464192706,0.6554137468338013,1289.1622314453125,1.3736177682876587,3,Central Luzon
PAMPANGA,2022.0,"PINEDA, DENNIS GARCIA",1,,,,87.60841004053752,22.517855896304052,433.4785563151042,0.691158652305603,1859.235595703125,1.6963412761688232,3,Central Luzon
PANGASINAN,1992.0,"AGBAYANI, AGUEDO F.",0,0.0,0.0,158.53179550170898,,,,0.8663389086723328,18.501501083374023,2.371370553970337,3,Ilocos Region
PANGASINAN,1995.0,"ORBOS, OSCAR MUÑOZ",0,0.0,0.0,278.13267008463544,0.0,0.0,85.28475634256999,0.8964877724647522,41.806636810302734,1.0234448909759521,3,Ilocos Region
PANGASINAN,1998.0,"AGBAYANI, VICTOR AGUEDO E.",0,64.15817260742188,28.45550537109375,463.2149149576823,0.0,0.0,263.254150390625,0.811479926109314,78.14905548095703,1.9131697416305542,3,Ilocos Region
PANGASINAN,2001.0,"AGBAYANI, VICTOR AGUEDO E.",1,210.32683308919272,87.54589589436848,681.4818725585938,0.0,0.0,347.7502746582031,0.5984382033348083,119.114990234375,1.3386191129684448,3,Ilocos Region
PANGASINAN,2004.0,"AGBAYANI, VICTOR AGUEDO E.",1,233.04359436035156,117.59889475504558,822.2354736328125,199.28051249186197,85.86912027994792,658.892822265625,0.8583929538726807,151.87277221679688,1.0762492418289185,3,Ilocos Region
PANGASINAN,2007.0,"ESPINO, AMADO JR. TOTAAN",0,302.9529215494792,165.45123291015625,484.1460774739583,232.03274536132812,110.87400817871094,788.3128051757812,0.8110953569412231,277.6832580566406,2.2740659713745117,3,Ilocos Region
PANGASINAN,2010.0,"ESPINO, AMADO JR. TOTAAN",1,507.2041931152344,276.16306559244794,588.7669372558594,244.3946533203125,140.50321451822916,500.220947265625,0.8076544404029846,303.1714172363281,1.3772025108337402,3,Ilocos Region
PANGASINAN,2013.0,"ESPINO, AMADO JR. TOTAAN",1,465.3255805969238,172.4039942820867,1175.036153157552,447.23870849609375,229.2923787434896,832.1815999348959,0.6746156811714172,884.272705078125,1.3491699695587158,3,Ilocos Region
PANGASINAN,2016.0,"ESPINO, AMADO III IGNACIO",1,654.6061604817709,278.9290364583333,1132.9002685546875,378.6816800435384,188.89377089341482,748.3320007324219,0.7826811075210571,707.482666015625,1.7139509916305542,3,Ilocos Region
PANGASINAN,2019.0,"ESPINO, AMADO III IGNACIO",1,881.1104438702265,238.8948611021042,1955.6561279296875,586.0899454752604,216.27706909179688,972.4951171875,0.7979565262794495,845.2844848632812,1.7452911138534546,3,Ilocos Region
PANGASINAN,2022.0,"GUICO, RAMON III VELICARIA",0,,,,790.5385037660599,274.3816775083542,1816.9895426432292,0.8509342074394226,815.529296875,1.8076167106628418,3,Ilocos Region
QUEZON,1992.0,"RODRIGUEZ, EDUARDO T.",0,0.0,0.0,32.554073333740234,,,,0.8516122698783875,15.098292350769043,2.709488868713379,3,CALABARZON
QUEZON,1998.0,"ENVERGA, WILFREDO LOPEZ",0,88.49200439453125,11.13766606648763,385.3897196451823,0.0,0.0,20.86606216430664,0.9073373079299927,6.84618616104126,4.45316219329834,3,CALABARZON
QUEZON,2001.0,"ENVERGA, WILFREDO LOPEZ",1,289.40906778971356,90.32595698038737,678.2274169921875,0.0,0.0,198.06341679890951,0.8175306916236877,106.68399810791016,1.717958927154541,3,CALABARZON
QUEZON,2004.0,"ENVERGA, WILFREDO LOPEZ",1,302.48023986816406,127.13638051350911,699.4250691731771,287.635009765625,59.29833221435547,683.8119913736979,0.7552379965782166,246.7879180908203,1.4404557943344116,3,CALABARZON
QUEZON,2007.0,"NANTES, RAFAEL PUCHERO",0,277.0574595133464,91.42979176839192,212.51249186197916,272.3789520263672,118.73166910807292,583.0241495768229,0.738398551940918,346.81048583984375,1.951831579208374,3,CALABARZON
QUEZON,2010.0,"SUAREZ, DAVID CATARINA",0,205.16634114583334,59.97410329182943,193.19296264648438,320.5342051188151,121.65270487467448,413.2315673828125,0.7794147729873657,341.3204345703125,1.8750296831130981,3,CALABARZON
QUEZON,2013.0,"SUAREZ, DAVID CATARINA",1,299.3977305094401,98.80907313028972,509.4111633300781,195.65105183919272,65.09933344523112,284.2596893310547,0.7580967545509338,448.2361755371094,1.8701659440994263,3,CALABARZON
QUEZON,2016.0,"SUAREZ, DAVID CATARINA",1,456.1904296875,133.36764780680338,693.0404866536459,259.9743296305339,67.05558013916016,327.0880482991536,0.7701143622398376,661.3217163085938,1.0306421518325806,3,CALABARZON
QUEZON,2019.0,"SUAREZ, DANILO ETORMA",1,429.61614449818927,189.46291682993373,1342.9446411132812,409.3485616048177,123.2103500366211,618.8801472981771,0.6847583651542664,969.1083374023438,1.5155843496322632,3,CALABARZON
QUEZON,2022.0,"TAN, ANGELINA DE LUNA",0,,,,388.26441923777264,151.86944148813686,1059.5673217773438,0.712360680103302,1810.2030029296875,1.4791938066482544,3,CALABARZON
QUIRINO,1992.0,"BACANI, PEDRO L.",0,0.0,0.0,27.201243082682293,,,,0.9519108533859253,1.619346022605896,3.3199121952056885,3,Cagayan Valley
QUIRINO,1998.0,"BACANI, PEDRO L.",1,16.59143320719401,3.2730077107747397,91.84942626953125,0.0,0.0,38.38456471761068,0.9444255232810974,8.116218566894531,2.5576212406158447,3,Cagayan Valley
QUIRINO,2001.0,"BACANI, PEDRO L.",1,49.38754018147787,3.5473108688990274,141.14632670084634,0.0,0.0,52.38011169433594,0.830630898475647,13.93540096282959,1.2730838060379028,3,Cagayan Valley
QUIRINO,2004.0,"BACANI, PEDRO L.",1,65.94899876912434,1.7290000120798747,183.9723358154297,48.29230626424154,6.578985253969829,148.40067545572916,0.9233716726303101,17.336000442504883,1.1720510721206665,3,Cagayan Valley
QUIRINO,2007.0,"CUA, DAKILA ENRIQUEZ",0,73.97334289550781,1.5616572697957356,55.036303202311196,61.430999755859375,1.7373333374659221,168.45000203450522,0.8996589779853821,23.79199981689453,1.7683782577514648,3,Cagayan Valley
QUIRINO,2010.0,"CUA, JUNIE EVANGELISTA",1,81.83045450846355,4.433884104092916,60.30818462371826,68.07801055908203,1.227745771408081,89.48307037353516,0.8688228726387024,65.88593292236328,1.2087880373001099,3,Cagayan Valley
QUIRINO,2013.0,"CUA, JUNIE EVANGELISTA",1,113.9838981628418,4.474728266398112,157.78504943847656,82.11710611979167,2.616179863611857,88.65899658203125,0.8756004571914673,70.70132446289062,1.0,3,Cagayan Valley
QUIRINO,2016.0,"CUA, JUNIE EVANGELISTA",1,220.8547159830729,6.314419428507487,242.25667317708334,82.00978469848633,5.4881869951883955,93.89821147918701,0.7702033519744873,204.78314208984375,1.0,3,Cagayan Valley
QUIRINO,2019.0,"CUA, DAKILA CARLO ENRIQUEZ",1,197.341064453125,2.680364271004995,334.8406982421875,194.32653299967447,5.506811777750651,215.58164978027344,0.7509022951126099,299.74609375,1.0,3,Cagayan Valley
QUIRINO,2022.0,"CUA, DAKILA CARLO ENRIQUEZ",1,,,,184.98617553710938,3.553946793079376,314.7396952311198,0.7855336666107178,396.0058898925781,1.224722981452942,3,Cagayan Valley
RIZAL,1998.0,"YNARES, CASIMIRO JR. M.",0,30.045697530110676,36.933919270833336,283.8482030232747,0.0,0.0,165.660519917806,0.4993540942668915,285.9148864746094,1.2036999464035034,3,CALABARZON
RIZAL,2001.0,"YNARES, REBECCA ALCANTARA",1,125.21602121988933,165.54625701904297,631.8787027994791,0.0,0.0,148.47154490152994,0.5797005891799927,282.924072265625,1.593270182609558,3,CALABARZON
RIZAL,2004.0,"YNARES, CASIMIRO JR. M.",1,108.01251729329427,132.44542439778647,652.8656005859375,94.30103047688802,98.72225189208984,558.5165812174479,0.5245186686515808,530.1397094726562,1.379407525062561,3,CALABARZON
RIZAL,2007.0,"YNARES, CASIMIRO III ALCANTARA",1,40.10210927327474,99.24028015136719,59.923510233561196,128.8710962931315,189.91631062825522,675.6143391927084,0.5602391362190247,383.81109619140625,1.0557533502578735,3,CALABARZON
RIZAL,2010.0,"YNARES, CASIMIRO III ALCANTARA",1,150.58164978027344,103.58420817057292,226.888453801473,80.20421854654948,117.78317769368489,269.8937021891276,0.6720458269119263,615.4160766601562,1.3883432149887085,3,CALABARZON
RIZAL,2013.0,"YNARES, REBECCA ALCANTARA",1,207.1447982788086,30.24842898050944,308.0020751953125,70.12321472167969,106.77007548014323,252.93307749430338,0.6517213582992554,793.0236206054688,1.2866288423538208,3,CALABARZON
RIZAL,2016.0,"YNARES, REBECCA ALCANTARA",1,470.392822265625,63.82861073811849,585.7926940917969,190.24947357177734,42.0462449391683,198.8636328379313,0.626474142074585,1248.96337890625,1.1519755125045776,3,CALABARZON
RIZAL,2019.0,"YNARES, REBECCA ALCANTARA",1,509.4853976567586,54.456338008244835,823.9631144205729,382.1416422526042,54.44349670410156,461.10467529296875,0.6129523515701294,1861.1453857421875,1.113985538482666,3,CALABARZON
RIZAL,2022.0,"YNARES, NINA RICCI ALCANTARA",1,,,,442.99917125701904,49.5652170976003,744.3095906575521,0.7010630965232849,2215.576904296875,1.1842948198318481,3,CALABARZON
ROMBLON,1995.0,"MADRID, JOSE MENDOZA",0,0.0,0.0,50.97981389363607,0.0,0.0,20.73874161640803,0.8819604516029358,6.929320812225342,1.698991060256958,3,MIMAROPA
ROMBLON,1998.0,"YLAGAN, PERPETUO B. ",0,17.274667104085285,0.3296666741371155,77.78677368164062,0.0,0.0,41.822625478108726,0.9325478076934814,10.139836311340332,2.0231218338012695,3,MIMAROPA
ROMBLON,2001.0,"MADRONA, ELEANDRO JESUS F.",0,77.84500122070312,3.0486667156219482,160.8265635172526,0.0,0.0,69.39851633707683,0.9426321983337402,8.151000022888184,1.4234741926193237,3,MIMAROPA
ROMBLON,2004.0,"YLAGAN, PERPETUO BARREDO",0,80.82850392659505,2.235625227292379,171.50423685709634,70.49033482869466,2.2643333872159324,141.4306640625,0.9540705680847168,11.21500015258789,2.5921123027801514,3,Mimaropa Region
ROMBLON,2007.0,"BELTRAN, NATALIO III FERNANDEZ",0,51.46550226211548,3.3342183033625283,22.36247444152832,72.03859965006511,2.920045534769694,153.18695068359375,0.9494408965110779,15.655357360839844,2.484689712524414,3,Mimaropa Region
ROMBLON,2010.0,"FIRMALO, EDUARDO CHANG",0,8.837380727132162,5.885394255320231,14.508633216222128,82.79616292317708,2.267481724421183,86.93663024902344,0.9506398439407349,21.265544891357422,1.9605973958969116,3,MIMAROPA Region
ROMBLON,2013.0,"FIRMALO, EDUARDO CHANG",1,73.32208824157715,17.03094458580017,26.57377751668294,8.121485551198324,4.921923478444417,18.110939661661785,0.9165908098220825,35.291629791259766,1.2730110883712769,3,MIMAROPA Region
ROMBLON,2016.0,"FIRMALO, EDUARDO CHANG",1,9.457457224527994,4.828221559524536,41.09163157145182,72.83304945627849,18.68497959772746,22.28901155789693,0.9040934443473816,63.72214889526367,1.471177577972412,3,MIMAROPA Region
ROMBLON,2019.0,"RIANO, JOSE RUADO",0,10.791075547536215,6.852732380231221,41.60459327697754,9.786800384521484,3.5806795756022134,36.80885632832845,0.8854045867919922,104.26920318603516,1.8462740182876587,3,MIMAROPA Region
ROMBLON,2022.0,"RIANO, JOSE RUADO",1,,,,8.705620606740316,8.681867778301239,34.096662521362305,0.8853481411933899,170.90895080566406,1.6879054307937622,3,MIMAROPA Region
SAMAR,1992.0,"BOLASTIG, ANTONIO M.",0,0.0,0.0,43.30935923258463,,,,0.8601250052452087,8.713628768920898,2.266296863555908,3,Eastern Visayas
SAMAR,1995.0,"ROÑO, JOSE A.",0,0.0,0.0,83.8196029663086,0.0,0.0,28.374738693237305,0.952387809753418,7.4156341552734375,2.260608434677124,3,Eastern Visayas
SAMAR,1998.0,"ROÑO, JOSE A.",1,15.284666697184244,0.39266665776570636,109.01556650797527,0.0,0.0,69.7363650004069,0.964158296585083,9.218049049377441,3.300283670425415,3,Eastern Visayas
SAMAR,2001.0,"TAN, MILAGROSA TEE",0,94.89067077636719,3.3961379130681357,251.62618509928384,0.0,0.0,102.98826599121094,0.9534562230110168,6.833000183105469,2.1028497219085693,3,Eastern Visayas
SAMAR,2004.0,"TAN, MILAGROSA TEE",1,99.67934672037761,2.6889984210332236,362.5405782063802,79.43502426147461,2.22763462861379,196.29328409830728,0.9780447483062744,9.587331771850586,1.9326212406158447,3,Eastern Visayas
SAMAR,2007.0,"TAN, MILAGROSA TEE",1,93.08266957600911,2.111780524253845,64.04345448811848,95.05480448404948,3.5990713437398276,314.9603983561198,0.986905038356781,7.318241596221924,1.7887035608291626,3,Eastern Visayas
SAMAR,2010.0,"TAN, SHAREE ANN TEE",1,205.14828491210938,4.48004953066508,191.95765813191733,110.4561030069987,2.334845860799154,182.75759887695312,0.7583716511726379,258.7912902832031,2.530317783355713,3,Eastern Visayas
SAMAR,2013.0,"TAN, SHAREE ANN TEE",1,179.8052724202474,5.146444479624431,375.6721700032552,152.04298146565756,3.5376636187235513,196.6276117960612,0.891022264957428,111.53821563720703,1.9857252836227417,3,Eastern Visayas
SAMAR,2016.0,"TAN, SHAREE ANN TEE",1,495.8392333984375,6.8174943923950195,652.5331217447916,149.33777872721353,3.5462257067362466,252.6208152770996,0.9842347502708435,20.182771682739258,1.8011366128921509,3,Eastern Visayas
SAMAR,2019.0,"TAN, MILAGROSA TEE",1,652.1954752604166,15.635189056396484,1065.9251302083333,407.1799011230469,5.783281326293945,532.4171854654948,0.982459306716919,28.581146240234375,1.9638937711715698,3,Eastern Visayas
SAMAR,2022.0,"TAN, SHAREE ANN TEE",1,,,,516.3212890625,11.822443962097168,943.1919352213541,0.976633608341217,64.37943267822266,1.6171852350234985,3,Eastern Visayas
SARANGANI,1992.0,"CHIONGBIAN, PRISCILLA L.",0,0.0,0.0,20.34788640340169,,,,0.7933899760246277,12.276800155639648,1.0,3,Davao Region
SARANGANI,1998.0,"CHIONGBIAN, PRISCILLA L.",1,12.45300038655599,5.471666971842448,103.85959498087566,0.0,0.0,37.4787483215332,0.7541826367378235,51.21102523803711,1.6843167543411255,3,Davao Region
SARANGANI,2001.0,"ESCOBAR, MIGUEL DRACULAN",0,41.81689325968424,10.104910532633463,219.31348673502603,0.0,0.0,55.11056645711263,0.9139354228973389,18.309999465942383,2.3742573261260986,3,SOCCSKSARGEN
SARANGANI,2004.0,"DOMINGUEZ, PAUL RENE GARCIA",0,56.45220692952474,14.344045003255209,303.8258972167969,40.389776865641274,12.30044174194336,210.22451782226562,0.9203813076019287,25.180896759033203,1.7104222774505615,3,SOCCSKSARGEN
SARANGANI,2007.0,"DOMINGUEZ, MIGUEL RENE ALCANTARA",1,80.7965799967448,10.797275225321451,85.03748067220052,46.56588236490885,13.578300793965658,273.8758595784505,0.9406272768974304,24.600088119506836,1.0902403593063354,3,SOCCSKSARGEN
SARANGANI,2010.0,"DOMINGUEZ, MIGUEL RENE ALCANTARA",1,95.20909118652344,8.170793851216635,108.26222515106201,77.56700134277344,11.707638422648111,142.44249471028647,0.9520551562309265,28.70911979675293,1.9515937566757202,3,SOCCSKSARGEN
SARANGANI,2013.0,"SOLON, STEVE CHIONGBIAN",0,156.4546915690104,17.51867389678955,168.16504923502603,94.19361877441406,9.691006342569986,150.64424641927084,0.9509520530700684,31.177133560180664,1.0,3,SOCCSKSARGEN
SARANGANI,2016.0,"SOLON, STEVE CHIONGBIAN",1,166.1325429280599,27.211890538533527,232.1212412516276,134.99998219807944,11.073355356852213,97.33832581837972,0.9634540677070618,34.73426055908203,1.3366949558258057,3,SOCCSKSARGEN
SARANGANI,2019.0,"SOLON, STEVE CHIONGBIAN",1,301.2784016927083,14.786814371744791,458.3400370279948,146.15311686197916,22.771977106730144,215.26146443684897,0.8697985410690308,61.0206298828125,1.1585166454315186,3,SOCCSKSARGEN
SARANGANI,2022.0,"PACQUIAO, ROGELIO DAPIDRAN",0,,,,220.08482869466147,19.889943440755207,375.4677734375,0.9263575673103333,124.63311004638672,1.3824635744094849,3,SOCCSKSARGEN
SIQUIJOR,1998.0,"BALANAY, LUCITO B.",0,12.568519592285156,0.36293919881184894,47.006212870279946,0.0,0.0,23.07420031229655,0.9477888345718384,4.736844062805176,1.8707494735717773,3,Central Visayas
SIQUIJOR,2001.0,"FUA, ORLANDO SR. BONGCAWEL",0,39.10332361857096,0.9304348230361938,78.4349365234375,0.0,0.0,33.64069747924805,0.9305481910705566,8.236506462097168,1.946725845336914,3,Central Visayas
SIQUIJOR,2004.0,"FUA, ORLANDO SR. BONGCAWEL",1,41.43226750691732,0.7468706965446472,92.4992167154948,39.50245157877604,1.001691997051239,76.9096908569336,0.9551367163658142,6.748161792755127,1.9487762451171875,3,Central Visayas
SIQUIJOR,2007.0,"FUA, ORLANDO JR. ANOOS",1,49.396993001302086,0.9398608605066935,39.03880182902018,39.4520009358724,0.846325953801473,84.83728790283203,0.9422022104263306,11.00307559967041,1.2454485893249512,3,Central Visayas
SIQUIJOR,2010.0,"FUA, ORLANDO JR. ANOOS",1,69.82902145385742,2.7647414604822793,53.46674426396688,45.18984858194987,0.8116551637649536,52.06726201375326,0.8746357560157776,37.12607955932617,1.199846863746643,3,Central Visayas
SIQUIJOR,2013.0,"VILLA, ZALDY SAMSON",0,88.07903671264648,3.199385697642962,67.86606725056966,61.096021016438804,2.0808350245157876,72.08519236246745,0.8332116603851318,56.325496673583984,1.780247449874878,3,Central Visayas
SIQUIJOR,2016.0,"VILLA, ZALDY SAMSON",1,130.88955688476562,4.110012531280518,141.66330210367838,94.74869791666667,2.8399952799081802,44.23047081629435,0.8858325481414795,51.45981216430664,1.7745612859725952,3,Central Visayas
SIQUIJOR,2019.0,"VILLA, ZALDY SAMSON",1,164.661376953125,3.3629719416300454,234.7448933919271,105.44241460164388,4.248993078867595,118.20156860351562,0.8802172541618347,70.45529174804688,1.3402745723724365,3,Central Visayas
SIQUIJOR,2022.0,"VILLA, JAKE VINCENT SARMIENTO",1,,,,128.1979726155599,2.9062347412109375,193.74384562174478,0.8988620638847351,96.8011245727539,1.9623792171478271,3,Central Visayas
SORSOGON,1992.0,"FRIVALDO, JUAN G.",0,0.0,0.0,48.73184458414713,,,,0.8468419909477234,8.745189666748047,1.971235990524292,3,Bicol Region
SORSOGON,1998.0,"LEE, RAUL RODRIGUEZA",0,34.37433369954427,4.0523331960042315,150.20599873860678,0.0,0.0,78.28942108154297,0.8686095476150513,21.111509323120117,3.1439216136932373,3,Bicol Region
SORSOGON,2001.0,"LEE, RAUL RODRIGUEZA",1,107.37422180175781,7.258806864420573,221.48674519856772,0.0,0.0,104.64479573567708,0.873069167137146,31.302000045776367,1.4640840291976929,3,Bicol Region
SORSOGON,2004.0,"LEE, RAUL RODRIGUEZA",1,125.67439270019531,4.476297934850057,237.62093607584634,105.52766672770183,8.10099983215332,225.8470001220703,0.8313867449760437,25.418046951293945,1.8124139308929443,3,Bicol Region
SORSOGON,2007.0,"LEE, SALLY ANTE",1,142.38379923502603,5.360053062438965,110.86953226725261,118.53589121500652,6.930613199869792,229.96760050455728,0.8867962956428528,28.02235221862793,2.3094329833984375,3,Bicol Region
SORSOGON,2010.0,"LEE, RAUL RODRIGUEZA",1,184.0515340169271,6.174780209859212,125.22498353322347,136.71422322591147,5.288525740305583,140.96003214518228,0.9117426872253418,52.63381576538086,1.81766676902771,3,Bicol Region
SORSOGON,2013.0,"LEE, RAUL RODRIGUEZA",1,199.28596623738608,17.671552658081055,306.30498758951825,159.82972717285156,4.435712258021037,174.51758321126303,0.8650100231170654,104.57797241210938,2.4103844165802,3,Bicol Region
SORSOGON,2016.0,"RODRIGUEZA, ROBERT ANTE LEE",0,378.13136800130206,11.015924771626791,418.3601582845052,163.90298080444336,16.89880657196045,186.00047079722086,0.7887358665466309,264.4648742675781,2.589865207672119,3,Bicol Region
SORSOGON,2019.0,"ESCUDERO, FRANCIS JOSEPH GUEVARA",0,446.4663899739583,2.6163060665130615,643.1816202799479,370.0182596842448,9.148241678873697,400.69785563151044,0.8285201787948608,263.81927490234375,1.1501529216766357,3,Bicol Region
SORSOGON,2022.0,"HAMOR, JOSE EDWIN BRONDIAL",0,,,,340.5633951822917,7.227366089820862,542.4430440266927,0.856924295425415,343.19873046875,1.3832448720932007,3,Bicol Region
SOUTH COTABATO,1995.0,"DE PEDRO, HILARIO III LUTERO",0,0.0,0.0,72.97077178955078,0.0,0.0,24.37570842107137,0.7732878923416138,34.58908462524414,2.172778367996216,3,Davao Region
SOUTH COTABATO,1998.0,"DE PEDRO, HILARIO III LUTERO",1,21.97033945719401,4.40049680074056,165.74319458007812,0.0,0.0,65.20648193359375,0.845607340335846,39.084476470947266,2.376533031463623,3,Davao Region
SOUTH COTABATO,2001.0,"FUENTES, DAISY AVANCE",0,80.44768778483073,17.8064390818278,263.24554951985675,0.0,0.0,114.92613983154297,0.879446268081665,38.891700744628906,1.3230234384536743,3,SOCCSKSARGEN
SOUTH COTABATO,2004.0,"FUENTES, DAISY AVANCE",1,90.30174509684245,21.826473236083984,318.4267222086589,74.57701365152995,14.36592165629069,245.27502950032553,0.8480366468429565,70.838134765625,1.7849094867706299,3,SOCCSKSARGEN
SOUTH COTABATO,2007.0,"FUENTES, DAISY AVANCE",1,124.96717580159505,29.62305450439453,141.03313191731772,79.64517974853516,20.37637774149577,282.7301279703776,0.8404010534286499,96.89523315429688,1.0080065727233887,3,SOCCSKSARGEN
SOUTH COTABATO,2010.0,"PINGOY, ARTHUR YUSAY",0,194.87000528971353,26.889278411865234,175.03003311157227,110.38975779215495,26.041732788085938,193.1722666422526,0.8371477127075195,135.25527954101562,2.6409120559692383,3,SOCCSKSARGEN
SOUTH COTABATO,2013.0,"FUENTES, DAISY AVANCE",0,199.12168884277344,18.33502197265625,279.4518127441406,183.90638732910156,28.298236846923828,242.44335428873697,0.7837666869163513,230.85000610351562,2.848801612854004,3,SOCCSKSARGEN
SOUTH COTABATO,2016.0,"FUENTES, DAISY AVANCE",1,407.4884440104167,29.203335444132488,482.78741455078125,184.55543518066406,23.669788360595703,191.9790382385254,0.7432040572166443,407.91961669921875,1.7853690385818481,3,SOCCSKSARGEN
SOUTH COTABATO,2019.0,"TAMAYO, REYNALDO JR. SUCAYAN",0,340.74973551432294,32.58672332763672,624.1175130208334,320.5070088704427,22.075222651163738,378.1410725911458,0.7306045293807983,578.3519897460938,1.8783122301101685,3,SOCCSKSARGEN
SOUTH COTABATO,2022.0,"TAMAYO, REYNALDO JR. SUCAYAN",1,,,,335.96117146809894,29.550181070963543,618.2906697591146,0.7788853049278259,737.5338745117188,1.918002963066101,3,SOCCSKSARGEN
SOUTHERN LEYTE,1995.0,"TAN, OSCAR MA. KUIZON",0,0.0,0.0,51.22252909342448,0.0,0.0,23.238804817199707,0.8811967372894287,14.229969024658203,1.8810663223266602,3,Eastern Visayas
SOUTHERN LEYTE,1998.0,"LERIAS, ROSETTE YNEGUEZ",0,19.30075963338216,0.7221399943033854,84.77293395996094,0.0,0.0,44.82324727376302,0.9334738254547119,11.161039352416992,1.929768443107605,3,Eastern Visayas
SOUTHERN LEYTE,2001.0,"LERIAS, ROSETTE YNEGUEZ",1,86.85496266682942,1.395700752735138,161.05307006835938,0.0,0.0,70.74203872680664,0.9377598166465759,9.799820899963379,1.0,3,Eastern Visayas
SOUTHERN LEYTE,2004.0,"LERIAS, ROSETTE YNEGUEZ",1,93.50842539469402,2.4033074378967285,185.7855428059896,76.99212265014648,1.4587039351463318,139.25235748291016,0.7205172181129456,35.086639404296875,1.4603047370910645,3,Eastern Visayas
SOUTHERN LEYTE,2007.0,"MERCADO, DAMIAN GAVIOLA",0,70.74514261881511,5.916710376739502,46.54279613494873,90.23477935791016,2.4223382075627646,171.96627298990884,0.8692938685417175,20.69131088256836,1.839807391166687,3,Eastern Visayas
SOUTHERN LEYTE,2010.0,"MERCADO, DAMIAN GAVIOLA",1,0.0,5.6349202791849775,10.162092367808023,103.18238830566406,4.718564033508301,111.7496337890625,0.7803824543952942,132.50025939941406,1.3710535764694214,3,Eastern Visayas
SOUTHERN LEYTE,2013.0,"MERCADO, ROGER GAVIOLA",1,91.07073211669922,5.604576110839844,68.31406784057617,0.0,5.750536600748698,11.354874610900879,0.6949357986450195,231.91744995117188,1.6750093698501587,3,Eastern Visayas
SOUTHERN LEYTE,2016.0,"MERCADO, DAMIAN GAVIOLA",1,2.5,7.9947967529296875,23.84545962015788,90.07073211669922,5.960460027058919,64.23586734135945,0.6732239127159119,357.439453125,1.658758521080017,3,Eastern Visayas
SOUTHERN LEYTE,2019.0,"MERCADO, DAMIAN GAVIOLA",1,14.003865559895834,0.6670645872751871,48.62183507283529,2.5,6.845771948496501,20.86335817972819,0.7434225082397461,322.2841491699219,1.3489116430282593,3,Eastern Visayas
SOUTHERN LEYTE,2022.0,"MERCADO, DAMIAN GAVIOLA",1,,,,8.001932779947916,2.849309245745341,38.70308876037598,0.7902214527130127,406.0773620605469,1.0,3,Eastern Visayas
SULTAN KUDARAT,1992.0,"GUMANA, NESTHUR R.",0,0.0,0.0,26.81987762451172,,,,0.8647829294204712,8.525435447692871,3.94221830368042,3,Davao Region
SULTAN KUDARAT,1998.0,"MANGUDADATU, DATU PAKUNG S.",0,19.21689224243164,1.1438480218251545,95.66421000162761,0.0,0.0,42.65541458129883,0.8856059908866882,27.243318557739258,3.668452501296997,3,Davao Region
SULTAN KUDARAT,2001.0,"MANGUDADATU, DATU PAKUNG S.",1,59.18777211507162,5.451786438624064,176.1280059814453,0.0,0.0,63.703051249186196,0.9538590312004089,15.11185359954834,1.9615414142608643,3,SOCCSKSARGEN
SULTAN KUDARAT,2004.0,"MANGUDADATU, PAX SANDIGAN",1,61.42972056070963,5.6981886227925616,201.02401224772134,57.77377446492513,4.306249777475993,162.8814442952474,0.9480549693107605,21.10057830810547,1.659683346748352,3,SOCCSKSARGEN
SULTAN KUDARAT,2007.0,"MANGUDADATU, SUHARTO TAN",1,80.52234776814778,7.90103006362915,110.61783854166667,61.279649098714195,5.79218848546346,199.1596883138021,0.9510040879249573,25.396316528320312,1.6818861961364746,3,SOCCSKSARGEN
SULTAN KUDARAT,2010.0,"MANGUDADATU, SUHARTO TAN",1,127.45963795979817,20.623799641927082,193.17385864257812,66.51783752441406,7.045712788899739,113.30763244628906,0.613324761390686,465.74310302734375,1.6320862770080566,3,SOCCSKSARGEN
SULTAN KUDARAT,2013.0,"MANGUDADATU, SUHARTO TAN",1,142.70513916015625,8.27933136622111,302.1829427083333,115.4161860148112,18.758152961730957,232.00763956705728,0.9560478329658508,38.92825698852539,1.8090033531188965,3,SOCCSKSARGEN
SULTAN KUDARAT,2016.0,"MANGUDADATU, DATU PAX PAKUNG SANDIGAN",1,228.50354512532553,13.578603426615397,453.1801452636719,140.36023457845053,10.255253632863363,223.46676127115884,0.9642089605331421,44.29084396362305,1.5611213445663452,3,SOCCSKSARGEN
SULTAN KUDARAT,2019.0,"MANGUDADATU, SUHARTO TAN",1,562.8368733723959,33.52083079020182,1225.2527262369792,187.26965840657553,11.99472713470459,370.9882100423177,0.9597938060760498,67.41764831542969,1.1835744380950928,3,SOCCSKSARGEN
SULTAN KUDARAT,2022.0,"MANGUDADATU, DATU PAX ALI SANGKI",1,,,,371.82615152994794,21.284718195597332,925.0860799153646,0.9130010008811951,252.77745056152344,1.3304799795150757,3,SOCCSKSARGEN
SULU,1992.0,"LOONG, TUPAY T.",0,0.0,0.0,1.4264983137448628,,,,0.9489397406578064,0.7227370142936707,2.117029905319214,3,Zamboanga Peninsula
SULU,1998.0,"TAN, ABDUSAKUR M. SAKUR",0,2.397333304087321,0.0,59.08945274353027,0.0,0.0,3.7707183361053467,0.7930184006690979,38.99916076660156,3.4949021339416504,3,Zamboanga Peninsula
SULU,2001.0,"JIKIRI, YUSOP H.",0,3.9594386418660483,0.0,165.1149927775065,0.0,0.0,35.93555736541748,0.943011462688446,0.382999986410141,1.793494701385498,3,Zamboanga Peninsula
SULU,2004.0,"LOONG, BENJAMIN TUPAY",0,5.718844572703044,0.0,154.84499867757162,4.892333348592122,0.0,150.61500295003256,0.9976944923400879,0.7032186985015869,3.556551694869995,3,Zamboanga Peninsula
SULU,2007.0,"TAN, ABDUSAKUR MAHAIL",0,13.546146392822266,0.019747332980235417,32.126416524251304,4.506492296854655,0.0,133.76396687825522,0.9791964888572693,0.9294204711914062,1.9993971586227417,3,Zamboanga Peninsula
SULU,2010.0,"TAN, ABDUSAKUR MAHAIL",1,71.81992975870769,0.700000007947286,114.79553731282552,8.53179931640625,0.019747332980235417,74.12936019897461,0.981096088886261,1.028818964958191,2.0848543643951416,3,BARMM
SULU,2013.0,"TAN, ABDUSAKUR II ABUBAKAR",1,85.97153409322102,8.666666666666666,154.5412572224935,54.78292592366537,0.45000000794728595,100.16261672973633,0.9437949657440186,2.4407894611358643,1.1748971939086914,3,BARMM
SULU,2016.0,"TAN, ABDUSAKUR II ABUBAKAR",1,48.96141688028971,59.60972213745117,219.42090861002603,54.48038673400879,8.916666666666666,131.5959676106771,0.9463692307472229,2.0228404998779297,1.4733787775039673,3,BARMM
SULU,2019.0,"TAN, ABDUSAKUR MAHAIL",1,23.715054829915363,0.0,306.9245300292969,93.78190739949544,24.40842564900716,192.48890177408853,0.9812120795249939,5.602501392364502,1.7228509187698364,3,BARMM
SULU,2022.0,"TAN, ABDUSAKUR MAHAIL",1,,,,23.25632603963216,35.20129648844401,302.5856018066406,0.9912747144699097,7.775575160980225,1.0,3,BARMM
SURIGAO DEL NORTE,1992.0,"MATUGAS, FRANCISCO T.",0,0.0,0.0,52.85839398701986,,,,0.859046459197998,6.625970840454102,3.5553550720214844,3,Northern Mindanao
SURIGAO DEL NORTE,1998.0,"MATUGAS, FRANCISCO T.",1,4.651277860005696,0.49877798557281494,93.47355651855469,0.0,0.0,95.38135019938152,0.9530125856399536,10.418551445007324,1.7887173891067505,3,CARAGA
SURIGAO DEL NORTE,2001.0,"BARBERS, ROBERT LYNDON S.",0,20.24373467763265,3.1100637912750244,134.7474568684896,0.0,0.0,92.4034652709961,0.9606484174728394,10.555216789245605,1.9268696308135986,3,CARAGA
SURIGAO DEL NORTE,2004.0,"BARBERS, ROBERT LYNDON SMITH",1,62.94768142700195,13.201911290486654,207.95299784342447,16.500960032145183,2.546941796938578,122.41113026936848,0.9029608368873596,33.986114501953125,1.8644465208053589,3,CARAGA
SURIGAO DEL NORTE,2007.0,"BARBERS, ROBERT ACE SMITH",1,72.5031140645345,8.755178133646647,82.38783009847005,47.36452039082845,9.403517882029215,183.01103719075522,0.9131675362586975,25.728479385375977,1.8728355169296265,3,CARAGA
SURIGAO DEL NORTE,2010.0,"MATUGAS, SOL FORCADILLA",0,23.00636386871338,5.900842348734538,36.62956237792969,80.02570343017578,11.317510922749838,127.6573994954427,0.6233775615692139,267.94586181640625,1.9961826801300049,3,CARAGA
SURIGAO DEL NORTE,2013.0,"MATUGAS, SOL FORCADILLA",1,111.14349873860677,9.321375370025635,140.16514333089194,33.196988105773926,6.312651793162028,54.48349189758301,0.6929826736450195,43.185935974121094,1.519282341003418,3,CARAGA
SURIGAO DEL NORTE,2016.0,"MATUGAS, SOL FORCADILLA",1,117.66488647460938,39.922159830729164,272.5337727864583,87.19726816813152,8.054444630940756,97.85052808125813,0.7613846063613892,119.46823120117188,1.7681635618209839,3,CARAGA
SURIGAO DEL NORTE,2019.0,"MATUGAS, FRANCISCO TINIO",1,108.9881083170573,20.49334462483724,329.89963785807294,102.05420430501302,15.678492863972982,195.00298055013022,0.78266841173172,156.9879150390625,1.8443201780319214,3,CARAGA
SURIGAO DEL NORTE,2022.0,"BARBERS, ROBERT LYNDON SMITH",0,,,,100.31496683756511,37.6434211730957,355.00267537434894,0.8111057877540588,166.54653930664062,1.9114629030227661,3,CARAGA
SURIGAO DEL SUR,1992.0,"MURILLO, PRIMO T.",0,0.0,0.0,59.37365976969401,,,,0.615635335445404,34.11570358276367,3.5879151821136475,3,Davao Region
SURIGAO DEL SUR,1998.0,"MURILLO, PRIMO T.",1,18.966047922770183,2.8233118057250977,127.55820719401042,0.0,0.0,78.7964375813802,0.8976584672927856,24.18998908996582,1.6925392150878906,3,CARAGA
SURIGAO DEL SUR,2001.0,"PIMENTEL, VICENTE JR. TY",0,65.48572794596355,5.868184248606364,232.19725545247397,0.0,0.0,76.7561747233073,0.9271243810653687,15.397445678710938,2.971220016479492,3,CARAGA
SURIGAO DEL SUR,2004.0,"PIMENTEL, VICENTE JR. TY",1,62.54976272583008,7.800571282704671,258.7516835530599,61.16538619995117,6.8375137646993,232.94910176595053,0.9356095790863037,19.788707733154297,1.360162377357483,3,CARAGA
SURIGAO DEL SUR,2007.0,"PIMENTEL, VICENTE JR. TY",1,100.13257853190105,8.52573331197103,102.78491719563802,60.31242243448893,6.627037525177002,221.51403299967447,0.9287950992584229,25.756025314331055,1.033781886100769,3,CARAGA
SURIGAO DEL SUR,2010.0,"PIMENTEL, JOHNNY TY",1,127.64824930826823,10.025066057840982,126.09638214111328,91.10569254557292,8.74808661142985,165.76468912760416,0.9100350141525269,56.382911682128906,1.4461606740951538,3,CARAGA
SURIGAO DEL SUR,2013.0,"PIMENTEL, JOHNNY TY",1,107.37771987915039,9.8116262058417,208.39393107096353,119.04781341552734,9.688445727030436,164.23125712076822,0.8743805885314941,35.155399322509766,1.0782090425491333,3,CARAGA
SURIGAO DEL SUR,2016.0,"PIMENTEL, VICENTE JR. TY",1,179.04670206705728,22.612804412841797,255.49152628580728,102.8906135559082,8.98478834827741,148.5759251912435,0.9189934134483337,46.795387268066406,1.6824334859848022,3,CARAGA
SURIGAO DEL SUR,2019.0,"PIMENTEL, ALEXANDER TY",1,173.36749267578125,11.813664754231771,341.0608418782552,162.54455057779947,17.673062006632488,239.50748697916666,0.918493926525116,91.9808349609375,3.3307836055755615,3,CARAGA
SURIGAO DEL SUR,2022.0,"PIMENTEL, ALEXANDER TY",1,,,,150.82405598958334,14.815195719401041,303.6368916829427,0.9238770604133606,104.65122985839844,1.8924106359481812,3,CARAGA
TARLAC,1992.0,"COJUANGCO, MARGARITA R.",0,0.0,0.0,68.30980809529622,,,,0.6577835083007812,32.18855667114258,1.7266814708709717,3,Central Luzon
TARLAC,1995.0,"COJUANGCO, MARGARITA REYES DE LOS",1,0.0,0.0,120.80934651692708,0.0,0.0,43.23001225789388,0.765658438205719,55.28956985473633,1.1319248676300049,3,Central Luzon
TARLAC,1998.0,"YAP, JOSE V.",0,7.001448313395183,6.605325698852539,207.4211680094401,0.0,0.0,105.83789571126302,0.7515324950218201,87.34286499023438,1.9044924974441528,3,Central Luzon
TARLAC,2001.0,"YAP, JOSE V.",1,126.05606333414714,10.541444142659506,403.74460856119794,0.0,0.0,138.1412556966146,0.690200686454773,130.08790588378906,2.6944258213043213,3,Central Luzon
TARLAC,2004.0,"YAP, JOSE VILLA AGUSTIN",1,166.61581420898438,9.404329299926758,434.57037353515625,88.38412094116211,13.012107849121094,402.27622477213544,0.8294460773468018,96.9864501953125,1.272507667541504,3,Central Luzon
TARLAC,2007.0,"YAP, VICTOR ARENO",1,228.04546101888022,9.72581704457601,178.10433959960938,139.4224599202474,10.321569124857584,352.6751302083333,0.7936557531356812,155.91043090820312,1.9379427433013916,3,Central Luzon
TARLAC,2010.0,"YAP, VICTOR ARENO",1,320.3478088378906,16.59296194712321,225.5436782836914,217.02486673990884,9.861273447672525,283.1883138020833,0.8066109418869019,185.03948974609375,1.2442328929901123,3,Central Luzon
TARLAC,2013.0,"YAP, VICTOR ARENO",1,281.1745249430339,22.44497553507487,481.3986409505208,281.7109883626302,12.62519105275472,318.42835489908856,0.7255669832229614,383.5094299316406,1.6468478441238403,3,Central Luzon
TARLAC,2016.0,"SULIT, SUSAN YAP",0,421.3372802734375,27.846046765645344,552.0508829752604,302.8028208414714,23.442841211954754,355.05257924397785,0.8544827103614807,233.82437133789062,1.5945651531219482,3,Central Luzon
TARLAC,2019.0,"SULIT, SUSAN YAP",1,292.6287825504939,21.019215748955805,759.2082926432291,404.81360880533856,29.281890233357746,497.6506652832031,0.8220575451850891,393.72235107421875,1.0,3,Central Luzon
TARLAC,2022.0,"SULIT, SUSAN YAP",1,,,,262.83892659346265,15.128968721876541,674.9868774414062,0.871285080909729,450.8349914550781,1.0,3,Central Luzon
TAWI-TAWI,1992.0,"MATBA, HADJARIL D.",0,0.0,0.0,1.0625889798005421,,,,0.996665358543396,0.108365997672081,1.9726433753967285,3,Zamboanga Peninsula
TAWI-TAWI,1998.0,"SAHALI, SADIKUL ADALLA",0,0.2363365093866984,0.0,32.26871911684672,0.0,0.0,13.547865629196167,0.9994672536849976,0.05622899904847145,1.6337659358978271,3,Zamboanga Peninsula
TAWI-TAWI,2001.0,"MATBA, RASHIDIN H.",0,0.7892900109291077,2.3977177143096924,167.89088439941406,0.0,0.0,1.8511470953623455,0.999351978302002,0.10821797698736191,1.9959012269973755,3,Zamboanga Peninsula
TAWI-TAWI,2004.0,"SAHALI, SADIKUL ADALLA",0,2.1666666666666665,1.6666666666666667,179.78866577148438,0.7625298500061035,1.5984784762064617,142.86575063069662,1.0,0.0,1.0,3,Zamboanga Peninsula
TAWI-TAWI,2007.0,"SAHALI, SADIKUL ADALLA",1,4.946757793426514,8.823019663492838,29.10165023803711,1.7630966703097026,2.4659059047698975,175.4139607747396,0.9684736132621765,0.013000000268220901,1.840941071510315,3,Zamboanga Peninsula
TAWI-TAWI,2010.0,"SAHALI, SADIKUL ADALLA",1,10.989787658055624,13.33233642578125,48.46698125203451,4.177508354187012,2.1573219299316406,76.17413330078125,0.9859591722488403,0.7465266585350037,1.9620208740234375,3,BARMM
TAWI-TAWI,2013.0,"SAHALI, NURBERT MAQUISO",1,98.80143038431804,102.35486030578613,70.74063491821289,8.34170413017273,16.6656977335612,53.89977137247721,0.9500133991241455,7.842881202697754,1.9151594638824463,3,BARMM
TAWI-TAWI,2016.0,"MATBA, RASHIDIN HALUN",0,38.902347564697266,48.74400075276693,122.34634653727214,94.54095077514648,94.35386339823405,50.562548319498696,0.9322069883346558,1.5274320840835571,1.787482738494873,3,BARMM
TAWI-TAWI,2019.0,"SALI, YSHMAEL ISMAEL",0,77.84012858072917,55.573333740234375,308.88087463378906,35.79389635721842,43.37466684977213,109.5352300008138,0.9811373949050903,1.6131850481033325,1.7058122158050537,3,BARMM
TAWI-TAWI,2022.0,"SALI, YSHMAEL ISMAIL",1,,,,50.37299474080404,44.48933410644531,235.4964116414388,0.9835532903671265,5.694390773773193,1.720454216003418,3,BARMM
ZAMBALES,1998.0,"MAGSAYSAY, VICENTE PULIDO",0,27.754445393880207,1.579630692799886,117.69217427571614,0.0,0.0,60.56018829345703,0.7957168221473694,24.00072479248047,3.94429349899292,3,Central Luzon
ZAMBALES,2001.0,"MAGSAYSAY, VICENTE PULIDO",1,90.76092783610027,8.526291052500406,204.42015584309897,0.0,0.0,80.71066792805989,0.7936192750930786,33.709259033203125,2.664259433746338,3,Central Luzon
ZAMBALES,2004.0,"MAGSAYSAY, VICENTE PULIDO",1,70.60988871256511,17.399675051371258,186.43713887532553,87.0393803914388,6.412446975708008,196.48279825846353,0.832442581653595,37.58899688720703,1.7512820959091187,3,Central Luzon
ZAMBALES,2007.0,"DELOSO, AMOR DOMINADO",0,99.77395121256511,30.791112263997395,97.08788553873698,74.06165313720703,14.258098602294922,183.3093465169271,0.7976177334785461,90.62521362304688,2.210883140563965,3,Central Luzon
ZAMBALES,2010.0,"EBDANE, HERMOGENES, JR. EDEJER",0,127.80902608235677,41.95508130391439,111.09834436575572,89.15712229410808,27.86717351277669,121.7185567220052,0.8208127021789551,127.7225341796875,1.8233330249786377,3,Central Luzon
ZAMBALES,2013.0,"EBDANE, HERMOGENES, JR. EDEJER",1,250.84369150797525,42.72424062093099,173.1374257405599,127.27147165934245,30.414435704549152,159.97989400227866,0.733111560344696,239.19395446777344,1.827680230140686,3,Central Luzon
ZAMBALES,2016.0,"DELOSO, AMOR DOMINADO",0,190.56602986653647,101.47135416666667,296.1891225179036,237.6170399983724,49.64226404825846,106.35330347220103,0.7851898670196533,243.52830505371094,1.7828880548477173,3,Central Luzon
ZAMBALES,2019.0,"EBDANE JR., HERMOGENES EDEJER",0,309.23221556345624,66.78900655110677,694.7315063476562,178.7101847330729,61.49659729003906,243.1550038655599,0.6383613348007202,411.42828369140625,1.848516821861267,3,Central Luzon
ZAMBALES,2022.0,"EBDANE, HERMOGENES JR. EDEJER",0,,,,220.60024738311768,87.75087229410808,568.3666788736979,0.5762823224067688,741.4381103515625,1.681246042251587,3,Central Luzon
ZAMBOANGA DEL NORTE,1992.0,"AMATONG, ISAGANI S.",0,0.0,0.0,60.52431615193685,,,,0.8500834107398987,8.714653015136719,2.217165470123291,3,Zamboanga Peninsula
ZAMBOANGA DEL NORTE,1998.0,"AMATONG, ISAGANI S.",1,30.8021240234375,2.468517303466797,156.99982452392578,0.0,0.0,95.54235076904297,0.8387917280197144,61.75324249267578,2.7057437896728516,3,Zamboanga Peninsula
ZAMBOANGA DEL NORTE,2001.0,"AMATONG, ISAGANI S.",1,102.11113993326823,6.8342963854471845,221.9239756266276,0.0,0.0,117.68096669514973,0.8040125966072083,98.63258361816406,1.5704436302185059,3,Zamboanga Peninsula
ZAMBOANGA DEL NORTE,2004.0,"YEBES, ROLANDO ENRIQUEZ",0,139.08244832356772,9.480337142944336,370.8409423828125,97.48138682047527,6.621647993723552,232.03848266601562,0.7519811987876892,176.72764587402344,1.94727623462677,3,Zamboanga Peninsula
ZAMBOANGA DEL NORTE,2007.0,"YEBES, ROLANDO ENRIQUEZ",1,140.95674641927084,10.442216237386068,122.72347005208333,126.91333770751953,8.893397649129232,345.4361063639323,0.8387543559074402,131.25596618652344,1.6619292497634888,3,Zamboanga Peninsula
ZAMBOANGA DEL NORTE,2010.0,"YEBES, ROLANDO ENRIQUEZ",1,127.02074432373047,9.368770758310953,113.25015544891357,144.54029337565103,12.542254130045572,167.13739522298178,0.7852247953414917,121.77213287353516,1.8081040382385254,3,Zamboanga Peninsula
ZAMBOANGA DEL NORTE,2013.0,"UY, ROBERTO YU",0,90.59904829661052,12.893421490987143,141.07210795084634,129.03461456298828,8.473799705505371,161.75957234700522,0.9056597948074341,107.5077896118164,1.7053114175796509,3,Zamboanga Peninsula
ZAMBOANGA DEL NORTE,2016.0,"UY, ROBERTO YU",1,213.56583404541016,10.430304845174154,230.2835947672526,88.20618025461833,11.288334051767984,94.15641562143962,0.8705934286117554,228.70547485351562,1.7125251293182373,3,Zamboanga Peninsula
ZAMBOANGA DEL NORTE,2019.0,"UY, ROBERTO YU",1,256.66721598307294,4.620982805887858,385.5867563883464,160.7490666707357,10.495526949564615,177.98013814290366,0.9533529281616211,95.62883758544922,2.1317248344421387,3,Zamboanga Peninsula
ZAMBOANGA DEL NORTE,2022.0,"JALOSJOS, ROSALINA GARCIA",0,,,,225.54681396484375,5.913395086924235,338.0550893147786,0.9535892605781555,157.1841278076172,2.0431129932403564,3,Zamboanga Peninsula
ZAMBOANGA DEL SUR,1992.0,"REAL, ISIDORO JR. E.",0,0.0,0.0,72.03897857666016,,,,0.9404324889183044,5.530501842498779,3.033428430557251,3,Zamboanga Peninsula
ZAMBOANGA DEL SUR,1998.0,"REAL, ISIDORO JR. E.",1,13.290332794189453,9.353000005086264,261.0952657063802,0.0,0.0,130.65074920654297,0.7602819800376892,123.62781524658203,1.8971729278564453,3,Zamboanga Peninsula
ZAMBOANGA DEL SUR,2001.0,"CERILLES, AURORA ENERIO",0,16.976754188537598,4.454901218414307,203.35025533040366,0.0,0.0,180.94123331705728,0.7904239892959595,42.73400115966797,1.8525482416152954,3,Zamboanga Peninsula
ZAMBOANGA DEL SUR,2004.0,"CERILLES, AURORA ENERIO",1,11.553562800089518,6.1439032554626465,294.1040395100911,25.687161763509113,12.411856333414713,276.17645263671875,0.9467992186546326,25.290998458862305,1.8612216711044312,3,Zamboanga Peninsula
ZAMBOANGA DEL SUR,2007.0,"CERILLES, AURORA ENERIO",1,9.394632816314697,6.345867156982422,12.799545605977377,12.996657371520996,5.189492225646973,233.68508911132812,0.8466278910636902,36.340877532958984,1.1854770183563232,3,Zamboanga Peninsula
ZAMBOANGA DEL SUR,2010.0,"CERILLES, ANTONIO HERRERA",1,15.101439158121744,16.815214157104492,54.533644358317055,10.264764149983725,7.94625981648763,128.36199061075845,0.9223116636276245,70.45526885986328,1.5045700073242188,3,Zamboanga Peninsula
ZAMBOANGA DEL SUR,2013.0,"CERILLES, ANTONIO HERRERA",1,53.22429879506429,18.718472798665363,58.0578244527181,11.84039862950643,11.818696022033691,43.54944642384847,0.8352981805801392,137.77232360839844,1.0,3,Zamboanga Peninsula
ZAMBOANGA DEL SUR,2016.0,"CERILLES, ANTONIO HERRERA",1,183.93309879302979,26.953838348388672,264.936767578125,54.32050132751465,16.02111879984538,52.460034688313804,0.7920057773590088,275.5014953613281,1.1537327766418457,3,Zamboanga Peninsula
ZAMBOANGA DEL SUR,2019.0,"YU, VICTOR JO",0,198.6925252278646,26.469650268554688,389.6891377766927,103.08232307434082,29.224908192952473,182.80803553263345,0.9219096899032593,139.03208923339844,1.664717674255371,3,Zamboanga Peninsula
ZAMBOANGA DEL SUR,2022.0,"YU, VICTOR JO",1,,,,184.62857564290366,19.407690684000652,363.31214396158856,0.9219663739204407,233.51837158203125,1.9501608610153198,3,Zamboanga Peninsula
ZAMBOANGA SIBUGAY,2001.0,"HOFER, GEORGE TACAO",0,4.171764691670735,2.601085086663564,178.80982462565103,,,,0.9823884963989258,1.931746482849121,1.8863283395767212,3,Zamboanga Peninsula
ZAMBOANGA SIBUGAY,2004.0,"HOFER, GEORGE TACAO",1,12.331414858500162,3.8642470836639404,207.6372833251953,4.60782527923584,0.7087843219439188,144.70613861083984,0.939633309841156,18.28833770751953,2.5487349033355713,3,Zamboanga Peninsula
ZAMBOANGA SIBUGAY,2007.0,"HOFER, GEORGE TACAO",1,46.38583278656006,5.363768180211385,77.16362762451172,12.925982475280762,4.699082612991333,190.47713724772134,0.9464485049247742,19.721220016479492,1.7924748659133911,3,Zamboanga Peninsula
ZAMBOANGA SIBUGAY,2010.0,"JALOSJOS, ROMMEL APOLINARIO",0,31.4853458404541,11.04969342549642,46.75666745503744,39.14305432637533,5.255226135253906,123.28768412272136,0.8287538886070251,28.541576385498047,1.8954353332519531,3,Zamboanga Peninsula
ZAMBOANGA SIBUGAY,2013.0,"PALMA, WILTER YAP",0,164.15730667114258,15.286967277526855,137.68167368570963,26.952807744344074,7.608882506688436,71.8269780476888,0.9189718961715698,39.42887496948242,1.9581784009933472,3,Zamboanga Peninsula
ZAMBOANGA SIBUGAY,2016.0,"PALMA, WILTER YAP",1,171.4296620686849,20.335960865020752,211.71948750813803,129.2495206197103,10.529762903849283,71.98298327128093,0.9111064672470093,93.56282806396484,1.7196836471557617,3,Zamboanga Peninsula
ZAMBOANGA SIBUGAY,2019.0,"PALMA, WILTER YAP",1,216.4313761393229,0.0,337.95619710286456,149.2102254231771,27.378101984659832,199.35279846191406,0.9433236718177795,76.73149108886719,1.9414104223251343,3,Zamboanga Peninsula
ZAMBOANGA SIBUGAY,2022.0,"HOFER, DULCE ANN KINTANAR",0,,,,180.69542439778647,2.3218814531962075,299.557373046875,0.9469023942947388,118.23590850830078,1.8646903038024902,3,Zamboanga Peninsula
