LGU_clean,election_year,dynasty,ira_share,local_rev_pc,enc_gol,income_class,region,health_mn_percap,educ_mn_percap,pubwelf_mn_percap,socserv_mn_percap,econdev_mn_percap,labor_mn_percap,housing_mn_percap,gov_mn_percap,totexp_mn_percap
ABRA,1992.0,0,0.9713652729988098,1.194074034690857,1.8491697311401367,3,CAR,0.0,0.0,51.18181573513247,0.0,135.51383202060552,0.0,0.0,106.99207672035432,406.2931333802122
ABRA,1995.0,1,0.971737265586853,3.0223870277404785,1.0989365577697754,3,CAR,0.0,0.0,99.238631512366,0.0,172.2171857133763,0.0,0.0,155.2827101631131,668.9123682248928
ABRA,1998.0,1,0.720106303691864,60.83515167236328,1.9435614347457888,3,CAR,121.28881124563202,1.7272099509225163,429.8647564913295,7.770623365643133,237.2843239950283,0.0,0.0,278.88142475809985,1404.5995158468695
ABRA,2001.0,1,0.7494106292724609,12.709433555603027,1.548922419548035,3,CAR,412.89199796582136,6.260876458942574,760.7769951057735,24.486223050502016,259.9126598458339,0.0,0.0,317.1378866708676,1634.0403806574532
ABRA,2004.0,1,0.7019723653793335,28.07851219177246,1.3217536211013794,3,CAR,577.2241079190776,8.678469474370853,998.3656883103562,23.966520868136122,465.0938953764547,0.0,0.0,388.49660460801454,2251.0230591850614
ABRA,2007.0,0,0.6864194273948669,27.39941024780273,1.6443742513656616,3,CAR,488.78764537871797,9.267439654636886,354.37370877591184,46.59701953244699,510.70291073974147,0.0,0.0,702.5310035503143,2036.9929191265828
ABRA,2010.0,1,0.6387047171592712,33.210941314697266,1.0463632345199585,3,CAR,628.795742061082,11.649955461139264,505.3121870375016,99.82464655964266,518.7776798726949,0.0,0.0,1476.0163110215694,2846.0301275977654
ABRA,2013.0,1,0.6478574275970459,40.51002502441406,1.2446894645690918,3,CAR,670.0697859943799,18.47477378832232,970.4107765276004,76.3421321615934,520.2953059916899,0.0,0.0,742.6530641269226,2312.775103068763
ABRA,2016.0,0,0.640135645866394,120.55709838867188,1.939278483390808,3,CAR,1315.415859140692,16.914978452288604,1435.7592166747,103.42838970534089,534.5012020840028,0.0,0.0,1825.0186191222151,3839.430531008997
ABRA,2019.0,1,0.9420928955078124,62.74435806274414,1.325655221939087,3,CAR,847.2077732210264,39.69347933652113,1531.1157432447694,152.51779225642807,1060.6866391841959,0.0,0.0,2098.3145858850025,4741.492411973687
AGUSAN DEL SUR,1995.0,0,0.623515248298645,95.56110382080078,1.8053345680236816,3,Northern Mindanao,0.0,0.0,113.5086292650517,0.0,80.98844179368439,0.0,0.0,112.14005627576361,549.3686684681413
AGUSAN DEL SUR,1998.0,1,0.880763828754425,36.94880294799805,1.8849235773086548,3,CARAGA,37.38443824742556,5.1778759961546195,251.1543691025598,3.469963070414591,81.46859055902283,0.9020766087577965,0.0,233.81465930989296,739.1540344089383
AGUSAN DEL SUR,2001.0,1,0.7959001660346985,24.53556060791016,1.5477304458618164,3,CARAGA,144.54892683658738,10.982811329635808,483.1255801794291,12.33204176763211,107.24166274386499,0.0,0.0,315.2618095052226,886.7708247947153
AGUSAN DEL SUR,2004.0,1,0.8779965043067932,69.8139877319336,1.5462841987609863,3,CARAGA,152.98986336726765,14.806329938065469,673.0947402661593,11.110587825409233,117.75884794429894,0.0,0.0,494.1879450778658,1244.8729630363823
AGUSAN DEL SUR,2007.0,0,0.8353304266929626,107.21936798095705,1.608354926109314,3,CARAGA,206.2699618441557,17.144050795082233,214.9220887674776,64.43735858987522,275.4176119289119,0.0,0.02218101554255054,785.6395287694811,1508.1314705923119
AGUSAN DEL SUR,2010.0,0,0.864841878414154,124.50572204589844,1.4888403415679932,3,CARAGA,221.5540135093472,19.27064189936052,273.6126653511225,126.14675838917778,458.82587669907696,0.0,0.00229528540176869,671.6962098327828,1509.1794672686806
AGUSAN DEL SUR,2013.0,1,0.8488130569458008,173.14195251464844,1.5535906553268433,3,CARAGA,203.73942749005386,12.655076280829263,473.3618311187208,118.87004690613917,385.41772282593325,0.7400647437242404,0.0,463.4414886465092,1330.6234056052413
AGUSAN DEL SUR,2016.0,1,0.8680391311645508,230.2606964111328,1.0,3,CARAGA,411.8166309751267,29.703239988440483,567.8201139397532,126.30023803995437,350.8419128694581,0.0,0.0,697.3572311907132,1618.7700709597568
AGUSAN DEL SUR,2019.0,0,0.8608618974685669,309.9277038574219,2.062760353088379,3,CARAGA,522.4240235194916,28.24365925643411,905.0730969995992,66.10598162447874,336.6775618178248,0.0,0.0,1234.9605415309754,2489.4982933391557
AKLAN,1992.0,0,0.8519683480262756,7.191634178161621,2.226304531097412,3,Western Visayas,0.0,0.0,96.14466885557788,0.0,42.044861645532556,0.0,0.0,62.423140191227986,298.5572985219512
AKLAN,1998.0,0,0.8915022611618042,20.55716133117676,1.6763910055160522,3,Western Visayas,63.149402805943424,4.824936372201724,233.0873241517457,1.2328315876552405,72.05364282494985,0.0,0.0,116.46952608934492,592.9745806792929
AKLAN,2001.0,1,0.8988823890686035,27.644140243530277,1.4459803104400637,3,Western Visayas,218.41220472691646,15.50303686445241,420.1711135532154,1.5894464752432989,85.86623448876875,0.0,0.0,184.6664404234037,693.162603970204
AKLAN,2004.0,0,0.8771908283233643,40.41329956054688,2.6129634380340576,3,Western Visayas,101.9295171755436,13.854601830123256,345.97769402958227,2.8712953150022527,283.30917089093117,0.0,0.0,227.32227136700732,754.5676560546345
AKLAN,2007.0,1,0.7050895690917969,153.78392028808594,2.3545081615448,3,Western Visayas,41.66069705527103,28.17762614035183,51.20716658456556,4.354713503010936,473.8640660050284,0.0,0.0,422.88770107871613,1032.8450520504605
AKLAN,2010.0,1,0.6376474499702454,293.792724609375,1.2888436317443848,3,Western Visayas,93.27208543177228,27.60066657051733,93.32226181166752,11.718871406670173,565.068768611607,0.0,0.0,472.57441217278085,1192.0261432010943
AKLAN,2013.0,0,0.5262776017189026,533.5352172851562,1.8089228868484497,3,Western Visayas,211.8286832706933,35.08192690363373,173.53490555036515,17.23067363035154,821.9582042198341,0.0,0.0,659.0656209270994,1696.531576259563
AKLAN,2016.0,1,0.5633602738380432,642.0301513671875,1.842578768730164,3,Western Visayas,171.96149700358677,55.90183041095349,249.16167220499705,21.298339337337577,1127.4871735589022,0.0,0.0,868.1015571967692,2272.0670227904006
AKLAN,2019.0,1,0.5895368456840515,746.6787109375,1.987940549850464,3,Western Visayas,152.41656296714984,5.726217662016151,174.65609533809484,43.50416962895135,623.7788467909459,1.0976744778280183,0.0,554.7260507778793,1373.74483474696
ALBAY,1992.0,0,0.4875808954238891,48.67290115356445,2.144606113433838,3,Bicol Region,0.0,0.0,40.393672437207215,0.0,39.00855773968277,0.0,0.0,101.90613160598431,260.3590585250689
ALBAY,1998.0,0,0.7964957356452942,60.64497375488281,1.6965761184692385,3,Bicol Region,22.80023935164321,3.0315354960255485,138.52458084791184,4.02112211883474,111.83011660254287,0.0,0.0,105.37042130964083,407.89316770209007
ALBAY,2001.0,1,0.8191326856613159,47.17499923706055,1.5764073133468628,3,Bicol Region,68.23534333829281,12.16334491482727,236.84388897109656,12.385814619252866,119.60561635623418,0.28183609127107445,0.0,143.7775477052698,455.74382880823185
ALBAY,2004.0,0,0.849984347820282,49.51484298706055,2.5834193229675293,3,Bicol Region,67.705557112375,7.5968160981054345,267.69998076962986,13.105551523973554,159.91786789098927,0.0,0.0,179.29205090307568,563.174039866953
ALBAY,2007.0,0,0.8473193645477295,75.20183563232422,1.9087332487106323,3,Bicol Region,81.49923918826143,64.55621887639832,204.24188343908068,87.96483645160018,198.77211511111588,0.0,0.0,238.0841253416696,711.7389968729424
ALBAY,2010.0,1,0.7041335105895996,175.73431396484375,1.0501995086669922,3,Bicol Region,101.68741752322609,104.3248469922079,238.74206017118712,87.14221462829322,119.87381232659115,0.0,0.0,257.4166724231741,688.7404626823267
ALBAY,2013.0,1,0.8563478589057922,150.9659881591797,1.0,3,Bicol Region,131.36169742043955,34.748733305027095,276.38491912504355,71.29972467987317,136.08990059602536,0.0,0.0,316.1463391355654,751.019335590276
ALBAY,2016.0,0,0.8600000143051147,209.1769561767578,1.0968161821365356,3,Bicol Region,222.55158876023728,35.6625836260569,299.89070991183064,40.27608136835674,216.5046212778968,0.0,1.4004540607673719,366.00197363416015,910.9974600364933
ALBAY,2019.0,1,0.8376409411430359,339.4347229003906,2.090888500213623,3,Bicol Region,218.659470826066,14.824872601486772,387.0926916714047,59.001750718046075,235.50947619528864,0.3668971857224748,3.4575669203838144,509.16664537516436,1152.6318433552246
ANTIQUE,1992.0,0,0.8243933320045471,8.781292915344238,3.7661850452423096,3,Western Visayas,0.0,0.0,107.97870179114635,0.0,60.657202382089345,0.0,0.0,56.821715104647396,283.3323426081745
ANTIQUE,1995.0,1,0.8686543107032776,17.666040420532227,1.6241366863250732,3,Western Visayas,0.0,0.0,192.6356392628272,0.0,96.55180778262809,0.0,0.0,79.59906697490202,436.5321027137338
ANTIQUE,1998.0,0,0.8739137649536133,26.322959899902344,2.141839027404785,3,Western Visayas,72.57793335230767,7.272473732869885,304.95009829442654,4.916972315162878,140.32238141058716,0.0,3.4824903529505407,127.48484391765687,570.7253578769672
ANTIQUE,2001.0,0,0.8628294467926025,29.989999771118164,2.294604539871216,3,Western Visayas,215.3823861001002,22.78480922995274,445.9491411052199,8.416907905046633,107.91782760145924,0.0,0.0,199.3650297383814,660.7033507041629
ANTIQUE,2004.0,1,0.8941748738288879,37.57662963867188,1.8180102109909055,3,Western Visayas,153.78932673642797,22.99780420440001,399.61106842072235,4.95911605187523,200.4948770326862,0.0,0.0,217.8648196693284,749.2552026254647
ANTIQUE,2007.0,1,0.886834979057312,51.71942138671875,2.697556972503662,3,Western Visayas,34.525441643890666,19.229082022756856,80.80885821573733,45.9475394176505,487.603022370265,0.0,0.0,482.0668318975582,1133.9275580271296
ANTIQUE,2010.0,0,0.7092499136924744,78.38319396972656,1.7984797954559326,3,Western Visayas,351.8160374933927,18.96269115014612,291.1451990806726,45.54387947964922,199.86534678598548,0.0,0.0,279.86763800956356,896.0558869225144
ANTIQUE,2013.0,1,0.7235366702079773,131.5625762939453,1.9178204536437988,3,Western Visayas,451.7922862770444,21.389419666887726,493.95483066487685,45.23321364603092,264.46232821456033,0.0,0.0,349.1775698937868,1107.5947063715003
ANTIQUE,2016.0,0,0.7388774752616882,175.80023193359375,1.7618800401687622,3,Western Visayas,608.5562513320023,23.86374075105784,668.2596260076022,35.83965419118573,201.29073866988463,0.0,0.0,516.1341131823092,1385.6844908304479
ANTIQUE,2019.0,1,0.6826021671295166,189.3709259033203,1.5032687187194824,3,Western Visayas,706.036145259694,4.657989244228211,1004.1074343861515,35.42386387063719,253.04991232486043,2.195986178357607,0.03296078779080497,882.0978470693609,2139.2551602509247
APAYAO,1998.0,0,0.6521263122558594,71.97232055664062,1.0,3,CAR,135.09905542268046,1.6012149739288357,695.4637940236046,29.49914767028955,487.1355748180924,0.0,63.639155384128514,455.7783048504964,1964.1654375089645
APAYAO,2001.0,0,0.6544384360313416,4.094660758972168,1.2750855684280396,3,CAR,379.58630753798536,2.995648646933221,1292.797118857623,48.407889933212154,207.2702684643249,0.0,105.4358437403094,756.3714087375154,2338.925467891969
APAYAO,2004.0,1,0.8360115885734558,1.9415963888168333,1.0872541666030884,3,CAR,449.9268676566847,0.0,1335.8452064161277,36.59720882996963,214.71261916342604,0.0,0.0,849.3211449027073,2499.209248393004
APAYAO,2007.0,1,0.7319913506507874,2.3564693927764893,1.1084381341934204,3,CAR,536.3863568686659,2.4146743646488167,501.80588609533106,128.11880578655763,500.79552794368294,0.0,0.0,1214.2386831292204,2702.2159654906513
APAYAO,2010.0,1,0.9756720066070556,11.01498317718506,1.1026338338851929,3,CAR,623.3018087838674,16.2733754494516,613.5893103420965,183.13570958567215,672.1457228021674,0.0,0.0,1318.1132622943273,2946.8975073686383
APAYAO,2013.0,1,0.9542116522789,23.898380279541016,1.0714080333709717,3,CAR,680.0349908393898,57.249360796891004,747.0398195667194,138.8005308748228,616.8346772345692,0.0,0.0,1597.6879960503102,3032.4250491442494
APAYAO,2016.0,1,0.8900361061096191,65.60882568359375,1.0,3,CAR,850.3638031351667,217.08744239982073,1373.7734516943074,306.32216451255994,941.2165250159161,0.0,0.0,1865.0931900822022,4193.821023578968
APAYAO,2019.0,0,0.9105358719825744,92.5954818725586,1.0,3,CAR,882.5492155311526,325.5297868019396,2672.1955747904562,666.9663941859735,1039.2656202281598,0.0,0.0,2316.2430687909296,6027.704201947718
AURORA,1992.0,0,0.890955924987793,3.04602599143982,3.433574676513672,3,Central Luzon,0.0,0.0,64.56150193147103,0.0,192.8257236567357,0.0,0.0,131.76678120045352,568.7367161318169
AURORA,1998.0,1,0.7878654599189758,34.87319564819336,1.49442458152771,3,Central Luzon,68.95795238029054,7.934496692852298,370.0476541042645,11.122570994148465,370.7825875361596,0.0,0.0,293.7093055709248,1167.901183554257
AURORA,2001.0,1,0.9289419651031494,8.614999771118164,2.2799367904663086,3,Central Luzon,206.38813424440397,23.298654174386407,614.4030431432225,17.782578761129734,340.15420044428333,2.2478960927926477,0.0,364.6857858321819,1102.0799929319212
AURORA,2004.0,0,0.9330618381500244,13.336186408996582,1.6193301677703855,3,Central Luzon,273.51890489227577,39.86365709335842,934.1150118427366,22.11818021810433,370.67348733567746,2.1860520086741118,0.0,596.428204297408,1750.667927913295
AURORA,2007.0,0,0.8710184693336487,38.95569610595703,1.2859362363815308,3,Central Luzon,371.94011302826164,49.265753087368,474.8849802454638,172.19351698426252,692.5069978953899,0.0,0.0,921.6878043310047,2416.2082288419124
AURORA,2010.0,0,0.8414326906204224,77.56221008300781,1.8008747100830078,3,Central Luzon,525.0183683670898,37.311702170561446,547.8884167955466,134.256972177607,423.2288070995438,5.277147878360629,0.0,863.5163721273583,1988.6056231238065
AURORA,2013.0,0,0.8988403677940369,51.03408432006836,1.7751460075378418,3,Central Luzon,341.98577659811843,125.3362756646198,516.4695341703883,119.30230361507952,237.0983374987585,12.100510918105138,0.0,719.2494105329631,1473.2876333623053
AURORA,2016.0,1,0.9192435145378112,57.50643157958984,1.0,3,Central Luzon,247.41051540931232,36.436867423211986,368.57429693975314,67.26144279836859,197.69857069896634,17.465469854770127,0.0,785.8797606151024,1353.7683783055206
AURORA,2019.0,1,0.9198079109191896,78.49378204345703,1.6806166172027588,3,Central Luzon,409.15465238512104,8.194010176323712,790.6484844387395,189.58457319674199,410.00754069827775,64.12510006100149,0.0,1374.9622710785263,2575.6183731245856
BATAAN,1995.0,0,0.4565132856369018,148.71958923339844,1.686434626579285,3,Central Luzon,0.0,0.0,234.5772802205186,0.0,99.31447850830465,0.0,0.0,174.8817493953855,742.1672538459518
BATAAN,1998.0,1,0.3994871973991394,284.4986877441406,2.009570598602295,3,Central Luzon,37.765609935027044,67.65293618548854,498.5734400889489,5.559343322106723,170.72550633832014,1.7162495444213435,31.852020888008532,317.53996815412626,1194.858046340811
BATAAN,2001.0,1,0.5165744423866272,225.8153381347656,1.0,3,Central Luzon,103.27011065365588,118.24014461344278,524.5476391652581,10.068095166660246,103.10137666937717,4.670780801833614,30.59068898331417,257.7078110349679,791.8554569891683
BATAAN,2004.0,0,0.5811400413513184,191.57720947265625,1.96860933303833,3,Central Luzon,62.77141223109737,227.01083291638147,562.1013733745959,4.754547543018925,136.00987815707623,3.680438969487712,0.0,263.8841557459753,1268.6134342322252
BATAAN,2007.0,1,0.3457219302654266,294.6916198730469,1.677778244018555,3,Central Luzon,24.566205186198143,131.75446655895263,102.89359005660519,5.2375729470957095,163.2760038547529,4.23661588402535,0.0,574.4295577057004,1303.4764323020888
BATAAN,2010.0,1,0.517661452293396,457.1672668457031,1.6286417245864868,3,Central Luzon,38.3109534454814,130.12883610517105,122.21124104809009,7.669622607532178,180.10982553996828,4.593001080127061,0.0,751.5437653238861,1184.7094624500169
BATAAN,2013.0,1,0.519317090511322,532.7914428710938,1.34071946144104,3,Central Luzon,374.0112077832331,145.27186740464236,239.5545118113756,228.08214152821657,78.58568615128233,14.728531847297644,0.0,793.6949465543499,1154.4008964401917
BATAAN,2016.0,1,0.5070974826812744,851.2210693359375,1.0,3,Central Luzon,203.4820229835517,188.54199932258427,419.85308610580614,14.670011932960612,130.69887677454267,13.159042687285845,0.0,1337.8174403743567,1920.4690433852043
BATAAN,2019.0,1,0.3986436426639557,1652.135498046875,1.3886325359344482,3,Central Luzon,254.26243636379343,130.13213312853424,680.3057953380749,143.46352636409142,174.60606038613557,5.605555215528222,1.7700414145969467,1742.8152909584223,2696.073965120656
BATANES,1992.0,0,0.8555715680122375,2.012331962585449,2.201939105987549,3,Cagayan Valley,0.0,0.0,1131.9976433583936,0.0,701.2280745369701,0.0,0.0,653.4212383929348,3101.5815707660404
BATANES,1995.0,1,0.8897088170051575,5.8630690574646,1.905493259429932,3,Cagayan Valley,0.0,0.0,1862.6072286830918,0.0,1139.0536505121215,0.0,0.0,1033.458005782299,4894.504986517744
BATANES,1998.0,0,0.9250254034996032,5.754948139190674,1.4246091842651367,3,Cagayan Valley,359.4132255614735,20.04003725912702,2400.6229708269266,47.06729807105808,1930.9786680235973,0.0,0.0,1882.9163571987524,5657.616150062203
BATANES,2001.0,1,0.9672099947929382,3.3580000400543213,1.949558973312378,3,Cagayan Valley,1056.4200444579449,34.76336533309098,3970.525158440125,136.4309653255156,1423.5699604148135,0.0,0.0,2742.910836033821,6562.388382814168
BATANES,2004.0,1,0.9589953422546388,4.978000164031982,1.6616557836532593,3,Cagayan Valley,1331.3327126918941,34.68170740360778,5130.853624362755,171.67856683370277,1710.3806764658045,0.0,0.0,3593.160863609268,9207.663603173058
BATANES,2007.0,0,0.8807442784309387,7.235000133514404,1.6286531686782837,3,Cagayan Valley,1555.586730860235,48.63646102963542,1351.4527454235324,270.4547933264301,2375.0499245977267,0.0,0.0,5313.845748649825,10205.502691364842
BATANES,2010.0,0,0.9442351460456848,12.578739166259766,2.542309522628784,3,Cagayan Valley,1522.7168015875434,36.40030300646893,1204.7895511776376,290.0756267929598,2175.9320155478936,0.0,0.0,6760.767623716346,10870.4520623521
BATANES,2013.0,1,0.9235260486602784,19.964967727661133,2.3492116928100586,3,Cagayan Valley,6255.895781843916,477.43140134128134,3105.9777888506696,1094.8238072372758,3164.825165219086,0.0,0.0,6062.0253023163705,12451.415991195418
BATANES,2016.0,0,0.9678833484649658,11.126639366149902,3.01999831199646,3,Cagayan Valley,1767.722198620124,43.46467837806978,3636.3088185730776,1825.1219568468134,3909.1653412438063,0.0,0.0,9230.759685519037,16821.412548382374
BATANES,2019.0,1,0.96037358045578,18.171066284179688,1.6165478229522705,3,Cagayan Valley,1557.5259189903447,24.63535024359908,4255.457643188375,1616.3871524477413,4603.24591844453,0.0,0.0,11598.218698272534,20460.87184726198
BATANGAS,1992.0,0,0.6105660200119019,48.14226531982422,2.3084399700164795,3,CALABARZON,0.0,0.0,81.7830205876363,0.0,37.89569820122765,0.0,0.0,28.195907387927303,181.00177264679212
BATANGAS,1998.0,0,0.6480426788330078,205.49691772460935,1.392603874206543,3,CALABARZON,36.412986977477004,19.543878965306455,237.4250607131851,9.450531634858871,58.24407669633571,0.0,28.637576837395695,80.09950629145202,422.36036394458847
BATANGAS,2001.0,1,0.6423088908195496,279.5469970703125,1.1505978107452393,3,CALABARZON,84.0727053174364,50.740024407857284,289.3186493602368,14.541692109066497,94.81176393255033,0.0,10.171823891688906,129.7924044476279,440.87485384654093
BATANGAS,2004.0,0,0.5778478980064392,287.0243835449219,3.085500240325928,3,CALABARZON,112.80426217277028,82.17464593123104,418.90492163011174,2.604396802930207,48.97185606808664,0.0,73.65849217263494,147.6631255345271,495.0683844652822
BATANGAS,2007.0,0,0.6840155720710754,422.6509399414063,1.869047164916992,3,CALABARZON,130.96831789386377,50.87678527055912,205.7846402609775,42.51133068832986,65.66377044287745,0.0,77.96854448958102,195.2386076423698,574.1957345086041
BATANGAS,2010.0,1,0.6321091055870056,772.7985229492188,1.6956557035446167,3,CALABARZON,171.99097012154454,34.11739722751404,244.75977730935213,68.48239247961551,73.56059841841727,0.0,56.85990188917824,229.61028729274412,654.3466192447511
BATANGAS,2013.0,1,0.648764431476593,831.0682373046875,1.0703121423721311,3,CALABARZON,166.3754096478102,24.73408321154177,305.0102829078733,62.66784878149901,89.36148394833725,0.035030676799717046,30.73743982313443,266.0570317818768,674.2000241644886
BATANGAS,2016.0,0,0.7045274376869202,911.8538818359376,3.777630567550659,3,CALABARZON,226.40287142738367,23.889325489230554,376.52839889583777,97.20397078057611,109.40588760954869,0.0,29.032229804981093,365.1366742050043,859.1455049099873
BATANGAS,2019.0,1,0.677118182182312,1422.26220703125,1.0358834266662598,3,CALABARZON,218.4514359254539,16.26284521455955,534.7373700550855,128.79103041613243,177.34152949424706,0.0,26.80879169894796,482.84249722055216,1198.9409234084853
BILIRAN,1995.0,0,0.7665700316429138,18.70088768005371,2.3682844638824463,3,Eastern Visayas,0.0,0.0,219.36984429921125,0.0,106.98738093624144,0.0,0.0,159.40701772737057,620.7299681455968
BILIRAN,1998.0,0,0.926033616065979,7.35607385635376,1.8075308799743648,3,Eastern Visayas,80.25168537515995,4.905823652894555,391.7454081997712,13.45270790119545,144.73903066205995,4.395053900842516,2.0674022333826056,289.03849953966574,864.4026400614143
BILIRAN,2001.0,0,0.8993058204650879,18.27199935913086,2.4747474193573,3,Eastern Visayas,136.47002036480885,9.725870979414163,689.7253800281551,109.18864496541559,133.60367643846283,0.0,0.0,434.34085045027854,1188.463433896925
BILIRAN,2004.0,1,0.9203685522079468,13.767322540283203,1.3806263208389282,3,Eastern Visayas,213.5424719229776,11.433908924647806,592.9820220603891,22.160338253718933,109.8967476790672,0.0,0.0,345.8453138569771,969.353551432113
BILIRAN,2007.0,1,0.9220068454742432,17.150312423706055,1.4619499444961548,3,Eastern Visayas,482.32166960776885,21.008226243906446,492.63722571445476,78.68812248582776,178.35289734565967,0.0,0.0,668.8306877516146,1517.639608332941
BILIRAN,2010.0,1,0.8884276151657104,25.735002517700195,2.639082193374634,3,Eastern Visayas,600.1607521980304,15.829462512585733,473.70887140688467,52.47730686843021,152.0484420595254,0.0,0.0,856.343944435107,1710.998001878426
BILIRAN,2013.0,1,0.9210714101791382,28.010757446289062,1.5919514894485474,3,Eastern Visayas,934.2279857328285,17.36931426875554,833.2809631876596,41.569632404515836,199.92344320655272,0.0,12.41634273166097,800.9658603390254,1867.4449144297178
BILIRAN,2016.0,1,0.8520849943161011,74.6973648071289,1.0,3,Eastern Visayas,848.5587916752844,13.2637303020776,928.8034384450241,66.98094079346575,251.50347481532967,0.0,0.0,912.2244393635331,2099.442128031236
BILIRAN,2019.0,1,0.9105274081230164,58.87771987915039,1.5403302907943726,3,Eastern Visayas,987.5698996716417,5.476775840769176,1494.8219791600009,69.21630983661876,340.4218756120499,0.0,0.0,1331.7584844822886,3172.8937989801075
BOHOL,1992.0,0,0.5190097093582153,68.29270935058594,2.3784992694854736,3,Central Visayas,0.0,0.0,61.673317991422905,0.0,48.014239194109656,0.0,0.0,57.648562007076016,270.0937658781903
BOHOL,1998.0,0,0.5469188690185547,249.85389709472656,1.2497429847717283,3,Central Visayas,44.22224616059706,5.924598958830983,215.56635202031137,16.01116747343873,87.18937424493294,0.0,1.6038378879933715,126.07474960665847,597.2951959708068
BOHOL,2001.0,0,0.581969678401947,291.938232421875,1.8276832103729248,3,Central Visayas,100.51384645452694,14.608553771871371,294.8436635672882,8.319574243858936,67.67673520756489,0.0,0.0,171.40169682270636,486.9469697348372
BOHOL,2004.0,1,0.894680380821228,63.65022277832031,1.8430219888687132,3,Central Visayas,117.2310688974495,14.467634052934082,323.8346313914949,13.76373474034544,83.41642770459498,0.0,0.0,178.37218969749392,546.5621307383161
BOHOL,2007.0,1,0.9104207158088684,68.62179565429688,1.0742270946502686,3,Central Visayas,208.0084097310043,18.804620219636682,188.15761964271317,16.579998042706457,119.83010495689707,1.1344939211139105,0.0,234.33206916317022,652.1677886445792
BOHOL,2010.0,0,0.8827086091041565,130.72073364257812,2.6381771564483643,3,Central Visayas,200.89621689496633,28.58419189962753,148.46801070933085,8.146760360748539,108.70507774867924,0.0,0.0,352.00698448953847,702.100027114391
BOHOL,2013.0,1,0.8557268381118774,184.87249755859372,1.4748986959457395,3,Central Visayas,282.3235527124272,38.10876370720695,341.14468267061363,70.04359063205777,119.58305790016243,0.0,0.001550162656538989,390.52025805344374,853.9334830473956
BOHOL,2016.0,1,0.8377941846847534,297.639404296875,1.744029879570007,3,Central Visayas,374.90625856191446,12.979692256513037,453.48605316764946,55.47343785757592,173.3810253219968,7.934489185773881,2.1921704628863328,422.1535675415015,1049.0206364684452
BOHOL,2019.0,0,0.8532794117927551,342.1945495605469,2.0504369735717773,3,Central Visayas,457.973208129368,13.396261022804262,694.2412634637425,42.65218665405955,224.6554155800925,36.86443038406723,0.0,799.9726905450472,1718.8694138758176
BUKIDNON,1992.0,0,0.8030831813812256,21.653627395629883,3.7809998989105225,3,Northern Mindanao,0.0,0.0,64.19801067314474,0.0,32.978207109957296,0.0,0.0,30.621631773559173,206.9414367080491
BUKIDNON,1995.0,1,0.8235859274864197,49.90812683105469,1.4837123155593872,3,Northern Mindanao,0.0,0.0,77.07025103711008,0.0,44.588385841583325,0.0,0.0,62.58824500810964,383.4215440227986
BUKIDNON,1998.0,1,0.8457029461860657,61.629676818847656,1.4279389381408691,3,Northern Mindanao,27.351561006554782,4.289433893471799,219.19531792869006,2.6352953608734904,52.94851836372734,0.0,0.3276010734148311,128.05786088883386,491.80894681397837
BUKIDNON,2001.0,0,0.8783926963806152,67.63400268554688,1.4090622663497925,3,Northern Mindanao,192.80336181126083,19.323745423403352,434.64110979687035,4.763706270881844,88.31627238085274,0.7871721781040741,1.1554238226125513,215.80769520831728,691.798346102531
BUKIDNON,2004.0,1,0.7137799263000488,122.44554138183594,1.1322662830352783,3,Northern Mindanao,11.013134895418773,16.614861534245215,412.3250030308873,7.925125012573613,364.6507656205362,0.0,0.3730015971340815,376.3988599241302,982.6706436333516
BUKIDNON,2007.0,1,0.7760365605354309,237.0502777099609,1.2196307182312012,3,Northern Mindanao,12.061614165772658,14.537547709219265,25.034360761068456,7.741103105795994,349.993005556364,0.0,0.0,681.6404688419773,1151.34640070668
BUKIDNON,2010.0,0,0.7005079388618469,317.70367431640625,2.0326409339904785,3,Northern Mindanao,8.629087171063494,29.150998653278545,38.952434559690666,11.52643308659747,423.96308493447276,0.0,0.0,641.3144732557012,1129.1898532535029
BUKIDNON,2013.0,0,0.7874874472618103,369.261962890625,1.1814093589782717,3,Northern Mindanao,30.718110021978855,12.192404286557732,278.56464811943994,61.31000100744718,445.6790760630727,0.22698553523265175,0.3691364772421032,880.2514714447143,1605.960515109439
BUKIDNON,2016.0,1,0.7391648888587952,694.400146484375,1.2659451961517334,3,Northern Mindanao,51.75665656952369,3.6084990059768414,164.06818125494488,106.01742283636484,744.7709694030026,0.0,2.685603394804857,681.6520631815383,1590.4912173705281
BUKIDNON,2019.0,1,0.7320636510848999,968.218505859375,1.3021541833877563,3,Northern Mindanao,399.2330844529776,0.05980289818503307,982.5042543208499,210.47013275815314,402.6544095472715,0.0,4.575405524067601,484.6942368143218,1869.8528805533308
BULACAN,1995.0,0,0.6209057569503784,153.95370483398438,1.595966339111328,3,Central Luzon,0.0,0.0,140.2642588187748,0.0,52.75552940033987,0.0,0.0,79.72882554977782,327.60793186963616
BULACAN,1998.0,0,0.6149412393569946,263.6636657714844,1.41185462474823,3,Central Luzon,28.554944837342305,33.37202204368543,204.8689099249997,6.034147406590905,51.76726377438632,0.0,13.918134851656228,112.65162717134517,380.1563692157547
BULACAN,2001.0,1,0.5604851841926575,442.7869873046875,1.0623054504394531,3,Central Luzon,72.48117544717879,67.1486827276073,315.4863591799407,9.69463251004021,52.38518609653964,1.9769010005083667,12.33379124935164,151.85116983423484,472.94498000949653
BULACAN,2004.0,1,0.6426739692687988,445.6539916992188,1.1253411769866943,3,Central Luzon,92.83544001582713,78.14232158919582,363.7856540151636,20.471662266179937,89.57778989782014,7.011300752485588,0.0,165.32493458626234,647.5860856822677
BULACAN,2007.0,0,0.5779701471328735,751.8012084960938,2.601024389266968,3,Central Luzon,141.22995230377958,58.74245986684219,227.84324356941127,84.10865794511955,97.33477988668098,8.89130893091279,0.0,230.32405420316206,685.9861680760497
BULACAN,2010.0,0,0.5938796997070312,1059.966064453125,1.9805206060409544,3,Central Luzon,204.51319761573225,61.543608107265825,293.8333618235427,109.658722004518,71.20539520358072,8.62679647177291,0.0,294.6738901747329,760.6040039962447
BULACAN,2013.0,1,0.6748275756835938,818.2925415039062,1.0,3,Central Luzon,175.10349018138965,37.330001625411235,430.374132704079,108.53497875033281,128.24766483217235,4.363510415119473,0.0,324.42046717768085,903.4891948615171
BULACAN,2016.0,1,0.6466533541679382,1331.8646240234375,1.9236825704574585,3,Central Luzon,332.69736104087116,33.34769658877501,451.19852735342425,79.8940486120141,102.7857264327357,5.25940453644946,0.0,463.7851460824827,1039.1597452265632
BULACAN,2019.0,0,0.6474819183349609,1863.764404296875,1.9756429195404053,3,Central Luzon,433.79250002903024,29.914877919063052,661.0974515050797,59.790293480798645,65.04149846689049,5.505924456537048,0.36776270802658473,595.2033146494821,1342.5187084021302
CAGAYAN,1992.0,0,0.9048543572425842,8.406294822692871,1.7165849208831787,3,Cagayan Valley,0.0,0.0,85.87623735490901,0.0,44.1952283224115,0.0,0.0,53.944226917020245,240.76490915650507
CAGAYAN,1998.0,0,0.8675767183303833,53.183815002441406,2.527106046676636,3,Cagayan Valley,49.07556597519164,4.914927715084634,223.37851414663143,1.656242288386697,96.95828811027971,0.0,0.0,157.04914119275986,545.1288779858473
CAGAYAN,2001.0,0,0.8813786506652832,68.04299926757812,1.7256755828857422,3,Cagayan Valley,140.5977394128894,12.454084868936004,362.9139624138523,6.798263651404116,113.22986901291857,0.0,0.0,203.06388159855544,629.2248455597088
CAGAYAN,2004.0,1,0.8757331371307373,87.12300109863281,1.3018112182617188,3,Cagayan Valley,158.1883038169852,10.587091900236354,412.08403920083657,7.659444004562179,121.03609242743347,0.0,0.0,235.6492016213482,736.0135720918
CAGAYAN,2007.0,0,0.8675515651702881,118.3479995727539,2.027386426925659,3,Cagayan Valley,169.0977748856122,20.031680776376295,140.21381526634272,10.374918642402106,242.9276588374659,0.0,0.0,392.18885334863614,901.0942957280042
CAGAYAN,2010.0,1,0.8368289470672607,171.1717071533203,1.734629511833191,3,Cagayan Valley,199.25272014290374,20.399606480412753,164.63191969224707,27.661081450320566,195.40999417302564,0.0,0.0,480.9379081060736,923.660983635698
CAGAYAN,2013.0,1,0.83774334192276,229.32940673828125,1.5862118005752563,3,Cagayan Valley,212.1935696677558,10.725079671172828,259.71969304159865,45.58237347686476,151.19023308135735,0.0,0.0,454.00141547123894,864.9113415941948
CAGAYAN,2016.0,0,0.9009124040603638,183.43724060058597,2.7374985218048096,3,Cagayan Valley,161.60864767084536,18.399200216671172,187.63771082768238,7.629868704876209,129.96584253404535,0.0,0.0,364.75845186680266,682.3620094210469
CAGAYAN,2019.0,1,0.9182403683662416,178.9674835205078,2.154966115951538,3,Cagayan Valley,192.52288570295767,5.760578530315941,336.38936402276937,68.85375534280311,189.55091486504347,0.0,0.0,725.3135244631156,1251.2537871364552
CAMARINES NORTE,1992.0,0,0.9014827609062196,4.585928916931152,3.4714643955230717,3,Bicol Region,0.0,0.0,78.92115947656136,0.0,36.580712315112365,0.0,0.0,59.93646506730132,267.4901677188183
CAMARINES NORTE,1998.0,0,0.8790405988693237,23.912954330444336,2.62214994430542,3,Bicol Region,55.60581214484171,3.41259769407944,201.96257452403034,4.045748831139544,107.66614142998476,0.0,0.0,177.8488605431164,602.8543200557224
CAMARINES NORTE,2001.0,0,0.9042590856552124,26.489023208618164,2.3366193771362305,3,Bicol Region,167.92618881074696,10.351339779555374,375.44046313704786,13.049042073221216,118.89059559945835,0.0,0.0,184.11390297399961,718.8529803450449
CAMARINES NORTE,2004.0,1,0.79608553647995,35.35765075683594,1.9280264377593996,3,Bicol Region,71.40973674625886,12.269521321111553,276.61278388302384,11.467851305262194,148.31275119671756,0.0,0.0,181.46566809223546,797.9724906360317
CAMARINES NORTE,2007.0,1,0.7575136423110962,121.97943878173828,1.9685388803482056,3,Bicol Region,45.32011097633619,21.84446380568805,77.12831528778275,27.849570658082953,297.3125434536749,0.0,0.0,512.7743508603226,1102.4905853750129
CAMARINES NORTE,2010.0,0,0.8110418319702148,90.13292694091795,2.9553470611572266,3,Bicol Region,192.66819409305074,21.985718890904234,149.80545536490698,21.05692479150724,273.08453115574605,0.0,0.0,695.5416129083474,1222.5724272537097
CAMARINES NORTE,2013.0,1,0.8430761694908142,115.6156234741211,1.8744080066680908,3,Bicol Region,253.10503378413082,30.717960322061515,329.4093506452013,31.69929467963626,244.45228353270542,1.1245446402611672,0.0,718.0930385314188,1340.0782948700562
CAMARINES NORTE,2016.0,1,0.8005216121673584,216.0550842285156,2.245250940322876,3,Bicol Region,504.40130371691913,18.88272363413064,564.2032533887265,37.64516258289721,276.38187226998315,3.2740339503612024,0.0,790.2122988348177,1659.4770751997262
CAMARINES NORTE,2019.0,1,0.773523211479187,331.3607177734375,1.7230253219604492,3,Bicol Region,443.3357361656182,20.074684426841255,847.42698679136,124.52995606775457,317.9581506186765,3.2705142723812535,0.0,957.0092472910582,2181.4853712896074
CAMARINES SUR,1998.0,0,0.9293215274810792,26.903831481933597,2.0232632160186768,3,Bicol Region,25.30913740434391,10.580515206173013,170.3952438731179,3.1897914059590766,111.84191350419067,0.0,10.739941302540013,117.74598082338308,341.63463903128735
CAMARINES SUR,2001.0,1,0.9308177828788756,36.40654373168945,1.3708994388580322,3,Bicol Region,46.08413465685402,23.886680192341206,217.38531395190893,4.236704617532997,83.70807709397272,0.0,15.91456864251393,127.26322644937864,377.7598410217953
CAMARINES SUR,2004.0,1,0.769305408000946,51.06800079345703,2.1571528911590576,3,Bicol Region,42.606555451892866,10.131790441425867,174.07425139594952,3.2826094769934127,37.037348285580066,0.6653000094264934,2.0626546401393893,115.32533789607093,440.0917817559327
CAMARINES SUR,2007.0,1,0.8952274322509766,95.0189971923828,1.4214789867401123,3,Bicol Region,50.196574636706806,24.849699220172912,140.05794783611654,78.40503434471076,165.5073460056788,0.8157782980190892,8.796245464725398,246.5395949619203,697.4211920681417
CAMARINES SUR,2010.0,1,0.6712402105331421,379.9442443847656,1.4768424034118652,3,Bicol Region,65.01230937125916,16.09633085524673,86.29740358630588,40.30661116426166,160.08606423632975,0.38928549035755544,2.733679619971929,310.3770200936176,640.8451881426323
CAMARINES SUR,2013.0,1,0.8825317621231079,163.5443878173828,2.4780516624450684,3,Bicol Region,69.0200444669218,9.898821212241355,108.60909819307608,23.632539052611694,155.07888383586433,0.4076528562739819,0.0,371.03607706635665,662.6196524665287
CAMARINES SUR,2016.0,1,0.9078734517097472,188.20152282714844,1.678781032562256,3,Bicol Region,78.62745374226644,18.651582709962398,171.30360564037045,71.96979509485374,228.04799818695702,2.054777432003631,0.0,498.70993197073886,912.248444880619
CAMARINES SUR,2019.0,1,0.8923344016075134,291.6818542480469,2.013798475265503,3,Bicol Region,73.98763383384616,32.157552150662575,234.24824950897462,57.54075757059907,204.54605860948118,3.8639488137943436,0.6519635839220564,582.743885194072,1076.282486925176
CAMIGUIN,1995.0,0,0.9395381808280944,3.482151985168457,1.931020736694336,3,Northern Mindanao,0.0,0.0,342.02095905289144,0.0,196.67395597328456,0.0,0.0,198.1293632360692,1107.7282295198456
CAMIGUIN,1998.0,0,0.9199127554893494,7.096455097198486,1.5236729383468628,3,Northern Mindanao,177.25178074024532,10.707762485377062,722.8196208975215,20.328488721408423,264.71268467698275,0.0,0.1254271523779803,393.10661913512126,1732.2972313736072
CAMIGUIN,2001.0,1,0.9278233051300048,8.600000381469727,1.4880746603012085,3,Northern Mindanao,539.9571851911436,7.080515737254206,997.2473259644182,15.778161670231615,264.8052078191493,0.0,0.0,434.4314536615097,1630.5328589033365
CAMIGUIN,2004.0,1,0.9428590536117554,8.006624221801758,1.2554914951324463,3,Northern Mindanao,671.4556597890692,12.173281083265083,1203.2003543196129,17.76051829231257,325.9534961447615,0.0,0.0,501.81089642422705,2058.2413499969043
CAMIGUIN,2007.0,1,0.9214934706687928,14.29979133605957,1.6389076709747314,3,Northern Mindanao,819.0970700257927,19.777313069888326,637.2518893206262,33.90306153193661,495.40056667365656,0.0,0.0,1019.1339327284546,2616.3617350971176
CAMIGUIN,2010.0,1,0.909134328365326,23.90211296081543,1.3177186250686646,3,Northern Mindanao,923.8512161619449,19.275120249233456,707.0627774325947,71.32792189207531,896.1274807354373,0.0,0.0,1189.5774614843137,3100.1768127696546
CAMIGUIN,2013.0,1,0.8974552154541016,28.99473571777344,1.373879075050354,3,Northern Mindanao,1440.2823008820194,37.53400752295594,1062.6010385383295,90.62748726751195,799.2364586349893,0.0,0.0,1314.0992021924478,3185.3038702829576
CAMIGUIN,2016.0,1,0.9133106470108032,36.38302612304688,1.0,3,Northern Mindanao,1087.372032027076,36.47549947814477,1351.9817858279719,217.56194894839837,922.5813570541775,10.572342956376394,0.0,1424.5465127422112,3824.5663601894435
CAMIGUIN,2019.0,1,0.9007886052131652,55.33708953857422,1.1405048370361328,3,Northern Mindanao,337.7826151272819,38.53563610197862,1293.1570639897302,361.99530604495675,1049.4845320761406,12.987993552404673,0.0,2370.043892027945,4952.003977052958
CAPIZ,1992.0,0,0.8857605457305908,6.079748153686523,2.226090669631958,3,Western Visayas,0.0,0.0,110.43574557884014,0.0,58.774177438127964,0.0,0.0,105.28759269948422,349.05372969510245
CAPIZ,1995.0,1,0.8792374134063721,41.13315200805664,1.5678362846374512,3,Western Visayas,0.0,0.0,153.57286238539305,0.0,72.98514355393999,0.0,0.0,124.62477565926991,458.28021587401076
CAPIZ,1998.0,0,0.9368405342102052,14.879905700683594,1.8942924737930296,3,Western Visayas,51.36705053954966,1.9115750843470656,236.73034846863473,1.679351758700223,61.42977367424223,0.0,16.370260933672032,102.17598754489497,456.4695629331915
CAPIZ,2001.0,1,0.9444586038589478,18.43877601623535,1.569429874420166,3,Western Visayas,111.34630644444603,5.252458942415914,277.4230431980625,4.149529481786485,26.228339011206156,12.537939294026746,0.0,144.13681330396597,303.6665124565719
CAPIZ,2004.0,1,0.9139352440834044,25.88405990600586,1.0102546215057373,3,Western Visayas,110.4436404464333,8.910978505648616,391.38008703885146,4.305614581237688,105.89027467121987,0.0,0.0,267.71985528441786,526.0781744249136
CAPIZ,2007.0,0,0.838913083076477,64.7996597290039,1.0177510976791382,3,Western Visayas,96.48722804630538,6.188660354000715,103.09755268457336,9.143762187974364,160.28978823854348,0.0,0.0,479.8573733329323,757.6108172727764
CAPIZ,2010.0,1,0.8129146099090576,87.08859252929688,1.6610671281814575,3,Western Visayas,177.843274747544,11.659381270969325,125.51199656045154,16.536992822588687,207.62185935504408,0.0,0.0,558.3384531450464,983.6065239172202
CAPIZ,2013.0,1,0.891202449798584,74.88628387451172,1.2846393585205078,3,Western Visayas,217.00081883420705,11.794812344134774,357.9681953165641,23.863983399217396,156.99746063992143,0.0,0.0,477.50770838920005,993.436166322755
CAPIZ,2016.0,0,0.8388988971710205,196.4537353515625,1.07429301738739,3,Western Visayas,655.671330978893,15.869395445854272,775.6944218468624,104.15370925070421,145.31428727810697,0.0,0.0,549.2842492904201,1470.2929650200888
CAPIZ,2019.0,0,0.7730719447135925,383.7723388671875,2.2805771827697754,3,Western Visayas,591.0239796971977,1.0884511910974437,997.9028171468102,100.18645579432787,160.7921667723547,0.0,0.0,761.5587034343556,1923.7861923999717
CATANDUANES,1995.0,0,0.8726366758346558,13.842881202697754,1.7233964204788208,3,Bicol Region,0.0,0.0,279.78316630084163,0.0,112.03007793270758,0.0,0.0,167.57660762231572,673.036845125669
CATANDUANES,1998.0,0,0.9285526871681212,11.319071769714355,2.38455867767334,3,Bicol Region,113.56845841857488,3.7424815684294153,438.85195691149386,1.5667677385408774,166.46257690999428,0.0,0.0,262.6196950254044,820.3551847011742
CATANDUANES,2001.0,0,0.9454360604286194,11.017999649047852,1.7479709386825562,3,Bicol Region,361.08905980101883,12.756452660762553,719.9907229402736,4.446600475025957,127.85101171238985,0.0,0.0,341.6986061728662,1021.9673404686821
CATANDUANES,2004.0,1,0.9578397870063782,10.331881523132324,2.1901228427886963,3,Bicol Region,393.98785432724003,13.83509344474684,783.8767978628719,4.48675582134495,141.36437020973545,0.0,0.0,371.5670737222439,1155.5091036946328
CATANDUANES,2007.0,0,0.9581193327903748,12.750835418701172,1.8814964294433596,3,Bicol Region,446.91591145866903,15.237312061387154,353.943032450728,26.147440748620447,328.7361672194019,0.0,7.27253439342868,637.1247037905446,1533.911310812148
CATANDUANES,2010.0,1,0.7762653231620789,91.96952056884766,1.6604204177856443,3,Bicol Region,346.75228497320234,20.383171629302314,287.5755565352652,48.35324384859957,461.52531753810564,0.0,0.0,895.7253013545791,1776.2628106919915
CATANDUANES,2013.0,0,0.7886252403259277,110.04376983642578,1.9531975984573364,3,Bicol Region,523.664159322447,24.394672221837794,508.40247320525384,82.85115159073463,489.9435991238098,0.0,3.578602137347302,950.8783296432032,1984.0723311659879
CATANDUANES,2016.0,0,0.8075154423713684,148.50962829589844,2.5462870597839355,3,Bicol Region,581.5708523425318,36.02555011764629,687.0962894143114,69.49990507469559,601.4110993879392,0.0,0.0,1232.6307265501,2556.98014283208
CATANDUANES,2019.0,1,0.8152198791503906,167.81297302246094,1.7535829544067385,3,Bicol Region,516.6243194232464,31.88544449088053,884.0678783369073,86.0542129666872,713.0216522470266,10.50565575067236,0.0,1722.5726121136931,3338.482085331919
CAVITE,1992.0,0,0.5668178200721741,49.424922943115234,1.4935847520828247,3,CALABARZON,0.0,0.0,57.705318887945396,0.0,25.334829760631507,0.0,0.0,51.93994404237623,194.5434741149792
CAVITE,1995.0,0,0.5460777878761292,159.4860076904297,1.8437299728393557,3,CALABARZON,0.0,0.0,85.77490087071084,0.0,37.9501083419898,0.0,0.0,92.20676884102109,312.388344056169
CAVITE,1998.0,0,0.6307280659675598,199.6623077392578,1.6382964849472046,3,CALABARZON,25.937293937803247,25.09352113443501,195.22544265850757,5.661628515634105,71.15594123120069,0.0,12.044997705873186,135.91651193949767,455.3359907119872
CAVITE,2001.0,0,0.5396614670753479,314.5010070800781,1.753517508506775,3,CALABARZON,103.26159468903401,72.88536182221073,347.449036435373,20.180879162851944,67.48777701936837,0.0,0.058190131932573774,151.06301633686178,510.21857622162173
CAVITE,2004.0,1,0.6244834065437317,423.8820495605469,1.3586769104003906,3,CALABARZON,108.07588365898668,84.60925147949817,324.61715905971346,16.53942325044348,64.27902376748472,0.09253570798258677,0.5273064588724462,114.77276056074881,561.874918392432
CAVITE,2007.0,1,0.5119641423225403,684.8209228515625,1.0357224941253662,3,CALABARZON,114.07700481539725,55.48271944084234,125.39651075153517,18.262193134229825,61.01701369358312,0.45400650662091985,0.9423646513381158,273.26498654381936,593.8383394009848
CAVITE,2010.0,0,0.5106795430183411,1477.89697265625,2.3028836250305176,3,CALABARZON,116.73390571991358,54.460987047728565,132.2276456996102,24.23107235334705,55.37320596580553,0.09815162033345175,0.7254438214246957,268.8653363577817,530.4117251181654
CAVITE,2013.0,1,0.7227306962013245,681.3848266601562,1.833876729011536,3,CALABARZON,161.8464170968795,24.131446474370428,186.3058380545325,18.25414394074993,47.44647498124368,0.20776589509320031,0.759295302457737,258.2196737620079,498.3483034172841
CAVITE,2016.0,1,0.7566080093383789,793.1228637695312,1.0644922256469729,3,CALABARZON,129.15210296273509,15.495660909273216,202.49505338079584,57.15200852585119,57.53246210246288,0.04977711780490655,0.6455038618736046,290.7404751062408,553.2428290355798
CAVITE,2019.0,1,0.795315682888031,932.5206909179688,1.6359776258468628,3,CALABARZON,115.9810121010537,24.813443433898694,258.97464927065494,57.15222551164504,64.99496687902273,0.07823339190298867,0.2523541860328323,345.98173876989097,673.2646839153558
CEBU,1992.0,0,0.1892821639776229,449.39007568359375,2.3585801124572754,3,Central Visayas,0.0,0.0,38.95342158183889,0.0,22.2402196599825,0.0,0.0,28.937186593473044,138.99909124061102
CEBU,1998.0,0,0.5109679698944092,480.1828308105469,1.719089388847351,3,Central Visayas,46.19884082796078,4.798905009171535,291.73334390958854,0.5339335064212601,85.5562150448309,0.0,34.41827988937665,154.45016384192834,622.123824347448
CEBU,2001.0,1,0.7074779868125916,186.5747985839844,1.9077348709106443,3,Central Visayas,187.41739324004672,29.50372682482678,829.5667800224209,3.1055101713958413,251.11870733408728,0.0,47.2314711899392,562.3087085324793,1705.80806508082
CEBU,2004.0,1,0.6718324422836304,279.5914611816406,2.685720682144165,3,Central Visayas,218.819435265491,56.87442831976049,1201.4222968330446,7.833351460919854,321.9133948055958,0.0,5.897042668854307,911.9980666452062,2223.2671521827
CEBU,2007.0,1,0.8081352114677429,279.5380859375,1.4354225397109983,3,Central Visayas,271.4820504457335,55.07350946061727,256.9221819789403,29.414391145058893,228.8249800336108,0.0,20.696568744735483,960.1864479080313,1838.7253248205925
CEBU,2010.0,1,0.7815812826156616,310.1748962402344,1.8867355585098269,3,Central Visayas,389.7380169307859,67.04147237755095,361.6126024269886,63.24902311955975,174.3600389926584,0.0,60.65818501039179,1216.9848964460634,1972.0330495267872
CEBU,2013.0,0,0.7207145690917969,520.8530883789062,1.8429441452026367,3,Central Visayas,506.24326577837945,46.135043924656294,651.4087675525581,71.57147935435287,349.32583387092814,0.0,0.7586763415056283,1440.5069504820183,2441.241461486567
CEBU,2016.0,1,0.774225115776062,661.6959838867188,2.210371971130371,3,Central Visayas,618.055219913691,71.44005723841263,856.8415873050966,153.0032942014885,328.0093187573241,0.0,14.343026878864105,1386.2422643189536,2573.9295960489444
CEBU,2019.0,0,0.7755300998687744,974.8298950195312,1.7345911264419556,3,Central Visayas,572.6168860445345,48.11984745870402,868.4215855767075,43.95372558270122,249.81485355850003,0.0,0.0,1757.436457130661,2876.6479203099925
COTABATO,1992.0,0,0.8607189059257507,12.547261238098145,2.311136484146118,3,SOCCSKSARGEN,0.0,0.0,242.5704945586903,0.0,196.03987413044638,0.0,0.0,368.9435694387766,1216.1175275496712
COTABATO,1998.0,0,0.8603567481040955,45.75394821166992,2.381886959075928,3,SOCCSKSARGEN,191.32234526950216,18.307071591796817,952.9103452600572,4.752926047615594,872.3642534838592,0.0,0.0,934.0338604803044,3236.027264254761
COTABATO,2001.0,1,0.878527045249939,57.548919677734375,1.439916729927063,3,SOCCSKSARGEN,610.6960412171915,77.58314260164117,1758.3519821518069,54.477784124075555,726.4745236879357,0.0,0.0,1015.5950782479607,3091.8157404485582
COTABATO,2004.0,1,0.8558908104896545,94.87240600585938,1.3322768211364746,3,SOCCSKSARGEN,644.635287937957,77.5396051950604,1999.0282409356446,14.229547768652736,827.5557215160616,0.0,0.0,1262.6237803758495,3969.5499986029618
COTABATO,2007.0,0,0.8017151355743408,123.99810028076172,1.9399405717849727,3,SOCCSKSARGEN,827.0784009301958,75.71568766869233,804.0141383071025,129.17444458267667,751.8616161111972,0.0,0.0,1584.8108488855,3763.573603137754
COTABATO,2010.0,0,0.7812338471412659,176.8765869140625,1.8598088026046755,3,SOCCSKSARGEN,931.2374075157016,98.77261264589714,721.9423842847851,42.36193317003312,749.3868395079216,0.0,0.0,2092.9649136148246,3947.7042432013
COTABATO,2013.0,0,0.8182457685470581,286.13690185546875,1.8363280296325684,3,SOCCSKSARGEN,630.24668458745,38.310634101395145,800.604533044046,25.49328127711439,401.80919989344414,0.0,14.956413804366854,1765.9715123222472,3012.5460442051535
COTABATO,2016.0,1,0.8308954238891602,369.79730224609375,1.377271294593811,3,SOCCSKSARGEN,861.9912901096178,22.63596427091292,1207.5332184298109,322.82771556231813,779.6379997350834,0.0,0.07825337954754434,1432.922728530827,3507.3463729758637
COTABATO,2019.0,0,0.8526214361190796,426.5332946777344,2.0544233322143555,3,SOCCSKSARGEN,871.371601048863,17.13723374062797,1820.6907232315746,295.8415303028459,719.208892016643,0.0,0.0,1796.657614282024,4396.656312242642
DAVAO DEL NORTE,1992.0,0,0.6558577418327332,51.55832290649414,1.119122862815857,3,Davao Region,0.0,0.0,62.080749519606016,0.0,134.46278320908536,0.0,0.0,94.68915044312863,443.9775919032218
DAVAO DEL NORTE,1998.0,0,0.7927250266075134,92.91939544677734,1.052706241607666,3,Davao Region,30.1249633657125,6.256966413103217,163.78410120877777,3.5577870828437836,120.07734350512385,0.0,0.0,169.326654420311,628.3417343424859
DAVAO DEL NORTE,2001.0,1,0.7862313985824585,66.19203186035156,1.4738372564315796,3,Davao Region,60.504383087062905,16.773723627136196,299.73260573965945,9.1923556537309,82.92273775690587,0.0,0.0,213.26214127652054,541.8024076832176
DAVAO DEL NORTE,2004.0,0,0.7893928289413452,101.12712097167967,1.2000830173492432,3,Davao Region,62.42437026018966,17.481948687801736,322.3337461188408,13.209778735679222,96.94184541169221,0.0,1.444444846433633,227.77320982362852,573.7211196128975
DAVAO DEL NORTE,2007.0,0,0.8835328221321106,65.21575164794922,1.5088207721710205,3,Davao Region,109.67748146149556,16.49475670839152,141.48566791816876,48.512265959734016,151.59072943198015,0.0,0.0,356.3996727364026,743.2965891090926
DAVAO DEL NORTE,2010.0,1,0.8827711939811707,91.3570556640625,1.0,3,Davao Region,108.51954675292608,21.59778798638708,129.46385272165608,31.968691147212223,207.78641587599472,0.0,0.0,456.54508421688377,855.5622041592059
DAVAO DEL NORTE,2013.0,1,0.8517435193061829,129.49290466308594,1.0,3,Davao Region,85.4835801221123,36.18565924598524,101.72367241492644,24.12927979077056,282.42178045742844,0.0,0.9068990752767984,480.2987394746531,888.5819243220814
DAVAO DEL NORTE,2016.0,1,0.8182401061058044,223.403076171875,1.3880412578582764,3,Davao Region,56.920283932130964,32.75521902411995,129.6298838956075,39.9543803268944,353.45310580384853,0.0,0.0,680.8815480664107,1187.6796359147331
DAVAO DEL NORTE,2019.0,0,0.8592935800552368,262.55194091796875,1.6063530445098877,3,Davao Region,36.74365554330795,22.64528064182052,183.7239457056345,33.90960567598706,511.17045701268376,0.0,0.0011311759535852053,1008.5571205861306,1731.415468349973
DAVAO OCCIDENTAL,2016.0,0,0.9666942954063416,10.668035507202148,1.0,3,Davao Region,121.78694036886817,4.123850530103876,155.67658966498544,29.765804917835954,164.9759216924977,0.0,0.0,598.7529835234077,950.3874814737477
DAVAO OCCIDENTAL,2019.0,1,0.7980939745903015,222.4078826904297,1.0,3,Davao Region,211.1758432957482,16.470544067113305,375.64126156811125,19.289059828304588,232.33521578708758,0.0,0.0,1108.986444108964,1901.2073903909275
DAVAO ORIENTAL,1992.0,0,0.8985520005226135,6.093739032745361,2.406208276748657,3,Davao Region,0.0,0.0,94.40337227293172,0.0,80.06700841983067,0.0,0.0,68.87909198347063,330.40896821772236
DAVAO ORIENTAL,1995.0,1,0.883496880531311,15.36031436920166,1.5985519886016846,3,Davao Region,0.0,0.0,163.50223716529374,0.0,115.07492022620998,0.0,0.0,132.38327995811832,537.1554164858428
DAVAO ORIENTAL,1998.0,1,0.8421716690063477,45.3671989440918,1.882380485534668,3,Davao Region,60.23924278086112,8.067349783396349,296.55840285641625,8.388173933031174,182.6248476784532,0.0,1.4436891310036473,189.09077777881316,707.5707651286934
DAVAO ORIENTAL,2001.0,0,0.9220080971717834,21.06800079345703,1.9812471866607664,3,Davao Region,148.14246458632795,17.880003584012545,478.15294023804876,16.46822989151844,173.77899450504472,0.0,0.46336205843084793,295.198878359093,854.7769281854683
DAVAO ORIENTAL,2004.0,1,0.9342241883277892,26.102895736694336,1.942529320716858,3,Davao Region,142.59209383686192,19.09822723454804,452.04791236618786,9.82984862213128,97.52728646267767,0.0,0.0,280.5277362334595,937.4680035646442
DAVAO ORIENTAL,2007.0,0,0.9062950611114502,40.11040115356445,1.6147819757461548,3,Davao Region,271.4216672188354,17.78506219816378,278.95753010841366,44.96036175075032,164.23782998530712,0.0,0.0,660.5491439171196,1311.6027387716715
DAVAO ORIENTAL,2010.0,1,0.9048047065734864,71.7266616821289,1.036037802696228,3,Davao Region,285.6691669306463,24.597108170880503,276.15002878801795,66.13527556377959,97.73723727476904,0.0,0.0,996.6266971484944,1496.9935923100102
DAVAO ORIENTAL,2013.0,1,0.9094245433807372,77.60697937011719,1.0,3,Davao Region,364.1086913421567,20.258238538305314,438.0797602815618,57.12809545810459,116.57587092207113,0.0,0.0,1345.5082057016953,1919.7366129081693
DAVAO ORIENTAL,2016.0,0,0.8444353938102722,202.27639770507807,1.7393094301223757,3,Davao Region,614.0789354929625,21.79771877154763,844.7162459143426,208.83958938900992,286.34303861571226,0.0,0.0,1151.7020959922036,2292.4083105274576
DAVAO ORIENTAL,2019.0,1,0.8516219854354858,252.63743591308597,1.0,3,Davao Region,725.2709585080397,25.49380509433257,1274.1540167752291,159.48551767150823,250.62825485034713,0.0,0.0,1455.6767461216934,3021.3330337750235
DINAGAT ISLANDS,2007.0,0,0.995835781097412,0.8058562874794006,1.0,3,CARAGA,225.8739487381034,5.162249285344366,231.08751252797023,46.105924355105515,152.53705188670946,3.8809784663718845,7.551093819429912,994.3415706374415,1525.832680125354
DINAGAT ISLANDS,2010.0,0,0.9394258856773376,17.26447868347168,1.1483700275421145,3,CARAGA,139.22455775181496,9.40983614183229,103.01896021849207,46.76724369948604,162.6544357227644,5.147901445801056,0.0,663.1322461071504,1026.348015148765
DINAGAT ISLANDS,2013.0,1,0.8937294483184814,16.01873016357422,1.9732733964920044,3,CARAGA,557.2523663783322,24.972011200911975,592.6632167029835,214.1411323022408,449.56377448339936,17.217103357342683,0.0,1654.259709852579,2696.4867510957183
DINAGAT ISLANDS,2016.0,1,0.8509113192558289,28.31975555419922,1.0,3,CARAGA,426.95316781655316,17.384645466354737,854.2264612612186,383.02629998468313,392.8257288930241,26.862342688988242,0.0,2072.193520646423,3319.2456808450556
DINAGAT ISLANDS,2019.0,0,0.8950247168540955,19.84276962280273,1.898690938949585,3,CARAGA,553.3483921198655,0.29793731656964134,1272.4248900958773,301.8646050976597,613.7159972224007,40.32815860645591,0.0,2948.990521023876,4835.131229421986
EASTERN SAMAR,1995.0,0,0.8982605934143066,15.413583755493164,2.404783248901367,3,Eastern Visayas,0.0,0.0,222.3998385499807,0.0,103.72126882822369,0.0,0.0,94.86744776308096,527.5742897102785
EASTERN SAMAR,1998.0,0,0.94769686460495,11.35768222808838,2.7696468830108643,3,Eastern Visayas,82.58760928255145,6.013848758533976,543.2039855440505,11.536366637280624,126.98248059783955,0.1340810230308955,1.9059302239833131,331.4441360659501,905.6797006119524
EASTERN SAMAR,2001.0,0,0.9416776299476624,24.424999237060547,2.7935311794281006,3,Eastern Visayas,294.79689512766976,5.842699791370581,549.1327590003525,5.360538133276383,126.7868469234717,0.0,0.0,243.13261298163553,868.2843951915369
EASTERN SAMAR,2004.0,0,0.9607707858085632,13.609763145446776,2.129591703414917,3,Eastern Visayas,341.84639917208773,13.476618595410638,708.2077364450396,11.133672493908943,138.7861897702529,0.0,43.307964034343875,298.4430742538347,1004.501776735795
EASTERN SAMAR,2007.0,1,0.9521766304969788,21.77134895324707,1.1878955364227295,3,Eastern Visayas,384.56906333387025,17.85817270102798,302.34133282416593,31.831669709072404,171.61969702682424,0.0,41.96593239193423,436.79661304152194,1117.229360444105
EASTERN SAMAR,2010.0,0,0.8703451156616211,38.87152862548828,4.795588493347168,3,Eastern Visayas,473.9256916491718,0.0,373.63112912349237,59.05223819784305,338.93286835103106,0.0,0.0,616.9184711415777,1488.830187708976
EASTERN SAMAR,2013.0,1,0.9222053289413452,49.94269180297852,1.8818917274475095,3,Eastern Visayas,356.7405143398121,43.38258376491198,497.6726528865467,16.717622870368913,195.69774485571978,0.0,13.237912526879914,651.2046128444074,1344.5749993300642
EASTERN SAMAR,2016.0,1,0.93889319896698,63.29902267456055,1.594263792037964,3,Eastern Visayas,595.8253636716116,2.5989375260384815,620.7627114769175,20.33906850005005,203.24046222603963,0.0,1.9993498254018391,955.6646260468276,1779.6678214321348
EASTERN SAMAR,2019.0,0,0.9456518292427064,72.82909393310547,1.7856383323669434,3,Eastern Visayas,422.9284844976368,0.0,629.6071053907488,10.54820649691738,223.3974194530606,0.0,0.0,1615.368676876,2468.373185663551
GUIMARAS,1995.0,0,0.7226625680923462,22.646240234375,1.1891032457351685,3,Western Visayas,0.0,0.0,738.2853796980966,0.0,664.0554539552364,0.0,0.0,499.4656194390942,2795.3647510871115
GUIMARAS,1998.0,0,0.6747187376022339,132.45654296875,1.9025139808654783,3,Western Visayas,64.84172423611393,9.724859479399624,372.7617474864211,8.570085820353967,203.35671026197784,0.0,0.0,290.35385178321144,833.4200248712066
GUIMARAS,2001.0,1,0.9120551347732544,10.934209823608398,1.5918983221054075,3,Western Visayas,185.84444497318276,23.04276932069406,659.6686180619047,18.94653486887769,305.5112830590061,0.0,0.0,431.83485888494874,1219.4514452230023
GUIMARAS,2004.0,1,0.889297604560852,19.28990936279297,1.3830084800720217,3,Western Visayas,277.9131494122788,29.475839588879747,851.5729064946744,22.22873664299345,341.42723638348843,0.0,0.0,521.9552057122837,1482.7863442874113
GUIMARAS,2007.0,1,0.8991344571113586,22.34255027770996,1.5115505456924438,3,Western Visayas,174.09564328885094,57.98180370446585,129.63185258046772,34.956094617580504,677.1115476015641,0.0,0.0,882.9748635725954,1964.2408042204866
GUIMARAS,2010.0,1,0.8089619874954224,37.32798767089844,1.2375012636184692,3,Western Visayas,69.57270389734958,39.26732425322882,137.28988578881624,56.00280540716667,834.9851640728243,0.0,0.0,1212.1822149387394,2245.4057467964903
GUIMARAS,2013.0,0,0.7757851481437683,58.02500534057617,1.9156628847122192,3,Western Visayas,756.5748005649768,76.70444979097097,283.79732993329793,107.9550497153127,1104.0370099823965,0.0,0.0,1177.309784794805,2566.477590865795
GUIMARAS,2016.0,1,0.7977750897407532,94.97110748291016,1.7795804738998413,3,Western Visayas,259.13052120594574,67.68323894741593,420.2813740793513,93.46762737629945,1265.5950227642231,0.0,0.0,1505.6760386478934,3195.4060317706494
GUIMARAS,2019.0,1,0.7795288562774658,138.0446319580078,1.0648852586746216,3,Western Visayas,309.5619491937385,18.807687499701494,580.2866271295431,110.78454556025449,1464.7925952057728,1.0315032514226588,2.0630065028453175,2158.4224654204286,4242.580122037466
IFUGAO,1992.0,0,0.974745512008667,0.8526059985160828,1.7874637842178345,3,CAR,0.0,0.0,144.69318747518489,0.0,100.17639726927908,0.0,0.0,129.0478892596383,453.4853245998011
IFUGAO,1995.0,0,0.9569740891456604,3.5618529319763184,2.561061143875122,3,CAR,0.0,0.0,314.17015526959483,0.0,164.22145335229752,0.0,0.0,160.13935183817043,714.164734600709
IFUGAO,1998.0,1,0.9521404504776,6.243690967559815,2.690244436264038,3,CAR,129.21467085941768,2.154056182578687,511.21239403307004,6.330947079854265,211.30813357606746,0.0,0.0,253.4577209575541,969.5354273699755
IFUGAO,2001.0,0,0.9455792903900146,9.686285018920898,3.5346357822418213,3,CAR,403.63810557575806,7.857711404386403,812.3838505234061,18.699603053853625,202.17209634404077,0.0,0.0,382.1884292806197,1237.724305903403
IFUGAO,2004.0,0,0.9282533526420592,17.21381950378418,2.6385433673858643,3,CAR,458.6411438037876,13.208174583697275,931.3244697388333,19.443672166225838,240.7553237404434,0.0,0.0,440.03147365945415,1446.7982769100204
IFUGAO,2007.0,0,0.85911625623703,46.6835823059082,2.874173641204834,3,CAR,753.4420246657711,29.658749523095505,635.362536214789,18.133651360961846,345.8672215751352,0.0,0.0,556.639609519564,1787.7818312081179
IFUGAO,2010.0,0,0.8819307684898376,54.427345275878906,1.9082390069961548,3,CAR,792.2430818415642,35.4433864744075,621.076864084844,85.50128441591745,549.9803983784668,0.0,0.0,699.1938131020938,2162.357758445395
IFUGAO,2013.0,0,0.84408038854599,82.93611907958984,2.5018579959869385,3,CAR,969.3770742923404,41.15770154850014,1024.793691705086,126.85919153004798,333.6828220339265,0.0,0.0,703.3994465087012,2061.875960247714
IFUGAO,2016.0,0,0.8502879738807678,113.65756225585938,4.4955267906188965,3,CAR,1030.2903764984696,49.58821664691741,1151.4240821719513,71.54547654439818,322.7851094884903,0.0,0.0,848.7386678196101,2322.947797069221
IFUGAO,2019.0,0,0.8598321676254272,137.110107421875,2.722928047180176,3,CAR,1086.664147534302,21.112517423032713,1740.998203687567,70.52587660447608,389.19730358001044,0.0,0.0,1251.3315151593765,3389.6098716616953
ILOCOS NORTE,1995.0,0,0.7432383298873901,21.49197196960449,1.1754006147384644,3,Ilocos Region,0.0,0.0,123.24117013990639,0.0,53.84623260640207,0.0,0.0,86.08130088231131,397.9839079087533
ILOCOS NORTE,1998.0,0,0.7350660562515259,35.371036529541016,1.2433576583862305,3,Ilocos Region,68.40243238313089,8.386175216016875,310.5529500628503,2.123198317174656,85.6138742269152,0.0,0.6472880279045881,199.79561692578798,686.3875975047182
ILOCOS NORTE,2001.0,1,0.8434240221977234,49.506778717041016,1.0,3,Ilocos Region,197.81615788772893,21.462163096045256,462.4731804281226,3.4826047235954767,82.50321805751206,0.0,0.7007707157091903,239.0114867615327,758.3877396540088
ILOCOS NORTE,2004.0,1,0.7706103324890137,61.61214447021485,1.0,3,Ilocos Region,231.14703328688313,36.44466723373879,614.6165933421952,4.590325994234188,97.42658496308582,0.0,0.0,342.4345780076253,1018.4499491772649
ILOCOS NORTE,2007.0,0,0.7283114194869995,108.6959457397461,1.573630928993225,3,Ilocos Region,267.28800834315075,39.09498365794521,245.7082583929516,36.232302519221705,182.24516768143275,0.0,0.0,574.5650175939132,1242.6268699134232
ILOCOS NORTE,2010.0,0,0.6054667830467224,77.7029800415039,1.4436179399490356,3,Ilocos Region,306.13647415305775,49.70835840614031,651.9034938139231,406.2686043843901,174.19402507584087,0.0,26.860911828765527,607.0697674179243,1662.0579110088254
ILOCOS NORTE,2013.0,1,0.6920392513275146,148.06185913085938,1.0,3,Ilocos Region,434.2863517305327,51.08321390983159,717.4570021338952,366.3262459970347,177.94797864240076,0.0,1.5024624794309007,816.3603439480461,1755.5825187036794
ILOCOS NORTE,2016.0,1,0.5614835023880005,290.7229309082031,1.0,3,Ilocos Region,450.03662230548304,167.79833829436916,741.3683878514685,110.50059593622423,182.44519535609177,4.750261256299404,8.282571125158363,765.1362480026361,1714.3693343053503
ILOCOS NORTE,2019.0,0,0.6505955457687378,322.1867980957031,1.0,3,Ilocos Region,541.9417843465897,248.3945839943882,1204.3540395257169,99.87405843079655,919.4169780152993,0.0,0.0,792.9976920349532,2997.8855547347916
ILOCOS SUR,1995.0,0,0.3152544796466827,14.511091232299805,1.2464162111282349,3,Ilocos Region,0.0,0.0,166.94384317081483,0.0,124.59868677388177,0.0,0.0,100.40526705105205,735.7764388559802
ILOCOS SUR,1998.0,1,0.3208858966827392,23.837114334106445,1.705718159675598,3,Ilocos Region,65.88346723095218,12.977167333352973,280.9745188716963,1.2128985312176854,231.35987278046204,0.0,0.5723678813367143,134.3763413147958,852.4414346456768
ILOCOS SUR,2001.0,0,0.5452238917350769,19.9222469329834,1.5215556621551514,3,Ilocos Region,171.3356803770734,17.823353958945635,406.3394097887472,3.57281038759712,156.37893639092775,0.0,0.5363353580171303,213.07121953727344,998.6497460654125
ILOCOS SUR,2004.0,0,0.5733758807182312,18.08108711242676,1.7260069847106934,3,Ilocos Region,164.13470851097998,15.289233869558947,458.23634566660024,3.680582438520161,48.445647932467345,0.0,0.0,275.1318204607823,918.952964295602
ILOCOS SUR,2007.0,0,0.7697772979736328,41.236793518066406,1.998765468597412,3,Ilocos Region,259.9758841971499,17.79569166043664,257.90229801066687,42.59688418402023,630.05591726148,0.0,0.0,386.73164029605397,1440.558723493963
ILOCOS SUR,2010.0,0,0.3381574153900146,54.68659210205078,1.5406821966171265,3,Ilocos Region,289.29721424823776,17.235922180528288,280.9620810002529,103.8566212291903,1256.4115586447608,0.0,0.0,445.76750769080644,2112.5697811620116
ILOCOS SUR,2013.0,1,0.2773579657077789,240.96389770507807,1.4784131050109863,3,Ilocos Region,373.2722799405595,67.18066554869223,794.097965838647,317.0074128476648,405.82253571012694,0.0,0.5670109242184629,558.115277866181,1758.0357719046247
ILOCOS SUR,2016.0,1,0.2957525551319122,475.7435302734375,1.0,3,Ilocos Region,477.78365173212984,30.503652372234992,850.8803175902505,342.5930208260462,1102.7001848864184,0.0,0.0,643.4135251008379,2596.9939908767037
ILOCOS SUR,2019.0,1,0.307373434305191,592.341796875,1.212921380996704,3,Ilocos Region,518.5591601291092,26.345088422356284,1320.735851789907,462.0078411888126,1531.5478313977778,0.0,0.0,624.6218166177655,3476.9056300849707
ILOILO,1992.0,0,0.808413028717041,23.036964416503903,2.9214587211608887,3,Western Visayas,0.0,0.0,60.77572332214676,0.0,18.463625419922295,0.0,0.0,26.157989651933395,140.06650353114475
ILOILO,1998.0,1,0.8107560276985168,93.94796752929688,1.9725514650344849,3,Western Visayas,102.6878171600742,23.936744760822187,482.6391987752294,7.635134060131072,107.26481596281785,0.0,0.4615338749684294,219.9287922297878,806.4245484748325
ILOILO,2001.0,0,0.6710363030433655,93.45075988769533,1.42376708984375,3,Western Visayas,427.74972805467223,131.25686704901344,1191.305371486108,13.512492666232886,493.360821531014,0.0,0.0,618.7862932818812,1970.6428733408281
ILOILO,2004.0,1,0.8238518834114075,146.99002075195312,1.6140446662902832,3,Western Visayas,694.113421583791,186.7299706484873,1705.0459976876798,14.824688850277179,296.963464103712,0.0,0.0,809.3778913366551,2319.8047075991158
ILOILO,2007.0,1,0.8288923501968384,182.0357818603516,1.4936670064926147,3,Western Visayas,803.7209547815015,138.81673419060738,706.0039917758935,55.449967433193954,299.8144389950744,0.0,0.0,917.4048308890079,2316.8388570108436
ILOILO,2010.0,0,0.8524417281150818,212.8842010498047,2.0682828426361084,3,Western Visayas,576.1274492111943,149.48769688958785,666.2489814810378,64.21853858718649,1129.350549956255,0.0,0.0,1554.903278994056,3474.0835083554316
ILOILO,2013.0,1,0.8715732097625732,207.5853729248047,1.7634073495864868,3,Western Visayas,545.708272745836,85.90352532961326,843.5560218716117,64.12514900407858,1683.2027055302267,1.6215695394682241,0.0,1199.6642147804996,3732.2008416500853
ILOILO,2016.0,1,0.7195809483528137,764.5997924804688,1.0420681238174438,3,Western Visayas,636.8451488206965,149.97734435755322,872.2422165660089,81.98509054321447,2331.4974563419373,3.434630018332903,0.0,1390.6355443650564,4609.954652482801
ILOILO,2019.0,1,0.7093033790588379,1035.39794921875,1.857167601585388,3,Western Visayas,606.0322159795182,27.923942735643415,921.1106796346442,45.28384540419762,3104.432794023128,0.0,0.0,2287.7343595246966,6313.2776322764
ISABELA,1998.0,0,0.922227382659912,32.68082046508789,1.0841083526611328,3,Cagayan Valley,42.55317239640629,2.9996490712219157,228.17087222272662,2.354423983077865,119.0470857634418,0.0,14.726314925496665,147.69058243655272,526.6470276344919
ISABELA,2001.0,1,0.8812887668609619,51.933929443359375,1.0,3,Cagayan Valley,89.19411628986171,14.894611661655864,464.74007841723227,6.204927331879457,46.759221411037394,0.0,108.03084629163719,246.4155797679175,602.1965981285074
ISABELA,2004.0,0,0.8158565163612366,53.85100173950195,1.8398189544677732,3,Cagayan Valley,116.29918423230295,11.112079314045976,424.78855877923417,6.579815583986097,38.463619180098846,0.0,78.87079900772672,211.9266960343255,583.4360356228535
ISABELA,2007.0,1,0.8924449682235718,98.86599731445312,1.903098702430725,3,Cagayan Valley,113.35577993300049,9.763558324017922,92.05600946653729,12.815526628353576,55.5192866509383,0.0,26.760708954758652,467.26134657488524,730.8247500511359
ISABELA,2010.0,0,0.8529566526412964,179.31951904296875,2.004737138748169,3,Cagayan Valley,142.31816307849354,11.621622698887329,118.52792191430234,14.480672971085522,61.98596096581178,0.0,0.0,883.9074087806995,1114.5004084446293
ISABELA,2013.0,1,0.7136505246162415,376.1438293457031,1.1680564880371094,3,Cagayan Valley,156.14883082105493,12.786377445921724,198.62364320785608,19.58619296157595,122.26372712670971,0.0,0.0,829.190674553207,1150.0780252243544
ISABELA,2016.0,1,0.8069027066230774,439.2332153320313,1.3344266414642334,3,Cagayan Valley,181.27790457399823,12.119364305948347,215.82749282667592,22.430219220488645,120.63993402968072,0.0,0.0,1008.3392923227866,1344.8067443857599
ISABELA,2019.0,0,0.7973107695579529,518.9617309570312,1.0370993614196775,3,Cagayan Valley,210.90060532732352,14.050861625190045,320.95037255993026,18.09410020249535,107.76093958881313,0.0,0.0,1372.622816624603,1803.002927165051
KALINGA,1998.0,0,0.9432870745658876,8.826355934143066,1.8728306293487549,3,CAR,156.54036755664097,0.9932952972314336,633.3493566761925,7.682274826623441,182.13431528370631,0.0,0.0,269.6281052293761,1231.8358775987003
KALINGA,2001.0,0,0.9322813153266908,15.018516540527344,3.9348535537719727,3,CAR,409.86788293489457,15.699165056519034,797.6665133208861,34.55974835981474,161.20877165031348,0.0,0.0,337.53972808257697,1226.867914786643
KALINGA,2004.0,0,0.9597660899162292,9.342228889465332,1.9613717794418333,3,CAR,469.82832736535215,7.017486383571113,923.5150259717747,22.129164763513764,194.64188365902538,0.0,0.0,424.54006946504336,1406.3970347860536
KALINGA,2007.0,0,0.9443575143814088,17.09775733947754,1.4607882499694824,3,CAR,574.5228613611902,9.384389307902307,444.73433177332,28.208332443182908,220.9287370276754,0.0,0.0,582.5428212831315,1523.6994618220763
KALINGA,2010.0,0,0.9312463998794556,31.612293243408203,3.543321132659912,3,CAR,668.793371199234,10.564602542872208,573.7893972292013,84.28739352235709,361.4500633203759,0.0,0.0,713.5902417865798,1838.6830855310773
KALINGA,2013.0,1,0.8598915934562683,82.4619140625,1.529922604560852,3,CAR,737.231713337468,7.17114076150096,1029.4832851382955,70.6754443380176,342.62429799630945,0.0,0.0,908.2791456468316,2280.3867470990294
KALINGA,2016.0,1,0.835228681564331,139.45745849609375,2.198122501373291,3,CAR,1689.549142933649,30.3144849447592,1869.7655423459305,149.9019199849895,385.0701165800242,0.0,0.0,1068.6244303739477,3323.460089299903
KALINGA,2019.0,0,0.8022496700286865,221.81700134277344,2.879493236541748,3,CAR,1178.1634624670355,35.1076571780766,1815.4991667811066,140.75960036660467,462.82853900533183,0.0,0.0,1565.0076388424527,3872.3778880389323
LA UNION,1998.0,0,0.6801099181175232,30.11680030822754,1.625519037246704,3,Ilocos Region,66.84597987563235,8.002556232381822,334.3553938630391,2.541429351265869,115.88933732737738,0.0,5.220454498634771,161.38814272097997,586.0058491287623
LA UNION,2001.0,0,0.6055814623832703,46.89480972290039,2.2526254653930664,3,Ilocos Region,223.70122416383228,22.292919968581128,490.1351841456698,3.611486841706166,101.27688268187532,0.0,51.98420806185603,188.54534022418133,618.1730590755277
LA UNION,2004.0,1,0.740028977394104,84.29582214355469,1.4365715980529783,3,Ilocos Region,180.64208607789982,23.870370301638033,527.8680370429652,21.09216673709523,140.76659945550693,0.0,39.635049877064134,262.6283795095675,707.6316006495128
LA UNION,2007.0,1,0.8045307397842407,61.1544189453125,1.7661486864089966,3,Ilocos Region,138.09797721844407,30.84644099219557,138.9384407502057,36.008099238610434,174.6019296408074,0.0,32.655862472658704,567.1735583065112,997.4588369286532
LA UNION,2010.0,1,0.4773634374141693,138.68650817871094,1.343663454055786,3,Ilocos Region,235.7984669818838,98.49757307533912,373.44390974471145,154.84703284381504,270.97249187054814,0.0,1.3281107089179542,563.7205125922076,1325.2348500837006
LA UNION,2013.0,1,0.5598757266998291,389.0271911621094,1.1228760480880735,3,Ilocos Region,403.0493374497072,160.11415913176373,674.8469307270329,338.2227668168079,288.1433341312863,2.101218262786982,89.38032076954156,443.60136993042204,1407.1084889157491
LA UNION,2016.0,1,0.4624620974063873,587.8414306640625,2.344979047775269,3,Ilocos Region,95.16931675933463,79.093845409246,525.009087297075,350.2621763117778,458.98648774697034,0.0,0.48375342213943634,478.165294890897,1471.0555418568188
LA UNION,2019.0,1,0.7087839245796204,499.1969604492188,1.0916768312454224,3,Ilocos Region,93.91865814256941,23.475327878847732,808.4585922747323,452.1476452402891,535.0053188062313,0.0,0.0,621.0402291982421,1997.2393308332535
LAGUNA,1992.0,0,0.4369925856590271,101.2205047607422,2.4073328971862797,3,CALABARZON,0.0,0.0,88.51763716361536,0.0,33.828843701659444,0.0,0.0,53.40865655509475,258.33040861260434
LAGUNA,1998.0,0,0.4513804316520691,481.5347595214844,1.2199312448501587,3,CALABARZON,61.92852761085123,48.26880698357725,324.4885081484456,5.450640258170256,52.7899835774118,0.0,0.7669398450959684,122.69493559308302,591.3557351674817
LAGUNA,2001.0,0,0.4197349548339844,694.9420166015625,1.653680443763733,3,CALABARZON,183.3668775862221,114.49231756529706,480.2545774450481,19.16348517021834,70.52176356232908,0.0,1.5692134943324298,161.6626894771731,584.8769708418964
LAGUNA,2004.0,1,0.516912579536438,653.4221801757812,2.8829970359802246,3,CALABARZON,168.88742534485283,122.59901345060867,453.16339085840724,15.889216128657925,79.73991841782025,0.0,1.4752220415191868,144.3125182962587,609.3780627957547
LAGUNA,2007.0,1,0.628127932548523,527.7815551757812,1.9181621074676516,3,CALABARZON,215.45595879194957,59.7274293203088,213.04453388414026,31.25197491018629,121.98825881980072,0.0,3.502266656134119,134.9804260057573,616.2097478203383
LAGUNA,2016.0,0,0.8281526565551758,455.0810241699219,2.1099679470062256,3,CALABARZON,285.3354615368664,29.914706462348626,445.2314972307984,127.28286178847198,89.82627362660901,1.0339277167467187,1.664534632120295,265.42383428007895,821.0753610384193
LAGUNA,2019.0,1,0.8584033846855164,496.3993225097656,1.5182489156723022,3,CALABARZON,333.62003048476095,23.113539686789096,703.7793912161533,148.38057372002606,58.94368961046391,7.436338982295058,1.497530211574403,391.6515995091465,1171.6534762331944
LANAO DEL SUR,1995.0,0,0.925251603126526,10.626611709594728,2.8763082027435303,3,SOCCSKSARGEN,0.0,0.0,11.95946986326865,0.0,30.404881634408063,0.0,0.0,73.11253946776382,367.361406784482
LANAO DEL SUR,1998.0,1,0.9637888669967652,9.534987449645996,2.5878188610076904,3,SOCCSKSARGEN,0.0,0.022087506434116107,47.86755902174245,0.0,128.90247212108636,0.0,0.0,100.31902207861106,521.2347845417065
LANAO DEL SUR,2001.0,0,0.9596648812294006,15.933329582214355,4.715619087219238,3,SOCCSKSARGEN,0.0,0.0,145.41501683512377,0.0,209.24200137812122,0.0,0.0,145.41501683512377,540.7546100331889
LANAO DEL SUR,2004.0,1,0.9757038950920104,13.238386154174805,1.0,3,SOCCSKSARGEN,3.499922731312583,0.0,189.99365891411406,21.70318445563942,292.3342334842598,0.0,0.0,164.79055844640186,649.7441889631912
LANAO DEL SUR,2007.0,1,0.9784079194068908,17.036277770996094,3.202834129333496,3,SOCCSKSARGEN,8.762961784168766,0.08816523863135811,58.17600958353251,59.97098283998171,433.7598594920309,0.0,0.0,276.1569197112876,833.3351517193597
LANAO DEL SUR,2010.0,1,0.9601007103919984,39.0385627746582,1.0,3,BARMM,46.8533313074522,4.359962185919623,188.24099428229349,163.6259005145675,519.0108874590984,0.0,9.328801301742905,469.9835651149376,1238.7124397106647
LANAO DEL SUR,2013.0,1,0.9523837566375732,57.1329460144043,1.5108381509780884,3,BARMM,46.83363954056271,10.286482199698042,242.0058056246416,123.83437952581858,618.5430595780456,0.0,22.64539113817756,536.0081975467253,1404.6069207970602
LANAO DEL SUR,2016.0,1,0.9809017777442932,12.07552433013916,1.95146119594574,3,BARMM,46.13425241168233,1.5786313788213313,251.29461320653732,203.58173446589052,525.4301789636119,0.0,0.0,617.3655138274079,1439.2185448091202
LANAO DEL SUR,2019.0,1,0.988890826702118,20.994535446166992,1.4918150901794434,3,BARMM,41.696457026696564,0.2974402354894569,340.76706537249163,130.65605043517922,796.8575119234036,0.0,0.0,577.7084513520014,1743.8034584828008
MARINDUQUE,1998.0,0,0.7974205613136292,28.69479179382324,2.297147274017334,3,MIMAROPA,93.5539024352186,3.3127503655093786,348.4718653913435,4.759206860896788,176.5783905440106,0.0,0.3263637254615963,200.53827969762798,799.9814647825567
MARINDUQUE,2001.0,1,0.9005821347236633,13.597999572753906,1.7699594497680664,3,MIMAROPA,283.1554091134802,13.003796171047576,579.9032711590002,12.5398633510102,202.46616291445116,0.0,0.15363006416754177,271.0505770718262,879.9853870602516
MARINDUQUE,2004.0,1,0.9349819421768188,13.529999732971191,1.7590981721878052,3,Mimaropa Region,313.32495435098366,26.06713997682632,692.54337678777,15.656469082865527,246.43227028436303,0.0,0.0,337.4948197522474,958.4323193584855
MARINDUQUE,2007.0,0,0.9274016618728638,19.388017654418945,3.9718427658081055,3,Mimaropa Region,377.33898178235523,27.871273375247167,304.86357662872916,18.319530676215063,262.87774742263923,0.0,0.0,406.3228135908342,1098.9193350767628
MARINDUQUE,2010.0,0,0.931434690952301,25.43022918701172,2.5732240676879883,3,MIMAROPA Region,403.7060644319216,14.347167396024123,302.6223774430594,18.79981097252691,267.1918649061366,0.0,8.581615628852976,456.0163489340837,1182.0643769613434
MARINDUQUE,2013.0,1,0.907071590423584,39.53919982910156,1.9513205289840696,3,MIMAROPA Region,589.8582446818327,28.66031330113613,517.2285030639265,61.204441772923964,286.0405550103209,0.0,99.72836866843197,541.5610923546753,1347.8345372700373
MARINDUQUE,2016.0,1,0.9348075985908508,37.20413589477539,1.9344409704208372,3,MIMAROPA Region,514.5022487932459,18.01252499109444,573.8560502482112,41.34129232751197,278.3269181688054,0.0,0.0,568.6445889407345,1444.4208718379339
MARINDUQUE,2019.0,0,0.9273678064346312,42.31381607055664,1.5162943601608276,3,MIMAROPA Region,515.0460042198852,0.0,836.0145791478318,58.0523914641917,411.90576473788417,0.0,0.0,799.6434026323792,2076.619296568013
MASBATE,1998.0,0,0.9786728620529176,5.172222137451172,2.295135259628296,3,Bicol Region,40.531963667821614,1.7853457421987358,178.1514286894166,0.5863707127732515,75.52216596464339,0.0,0.0,98.4405331907052,466.56831110405545
MASBATE,2001.0,1,0.932056188583374,9.560999870300291,1.854174852371216,3,Bicol Region,132.7859963199449,5.8616750874669155,264.79074452552896,2.940555711328941,116.27966103734964,0.0,0.0,123.20251241492069,543.9660330612096
MASBATE,2004.0,1,0.9199740290641784,12.829280853271484,1.9847451448440552,3,Bicol Region,143.0244279381608,4.946003610643801,305.1097409172727,3.030178643255713,134.42472059746706,0.0,8.029430610817132,146.0796956200503,599.3088490937172
MASBATE,2007.0,1,0.979110836982727,11.295599937438965,1.9657288789749143,3,Bicol Region,170.7027503302999,4.695043009506092,129.98158045584972,4.151797237120913,175.76185028735955,0.0,1.1988139492323537,261.65379291141824,679.0442883866059
MASBATE,2010.0,0,0.8981742262840271,55.16423797607422,1.928680777549744,3,Bicol Region,199.72421844969324,12.635151968922305,165.88581301309557,28.892705352874003,198.5303985084426,0.0,2.4636059957213408,195.19535111086984,646.7535566266238
MASBATE,2013.0,1,0.9197323322296144,64.8031997680664,2.1052446365356445,3,Bicol Region,231.52569911232018,9.680223955233362,257.3859989558142,41.49271046095721,164.73206488577748,0.0,3.598528177822228,231.90673478131302,656.0676045496155
MASBATE,2016.0,0,0.9151967167854308,111.47235870361328,3.0260770320892334,3,Bicol Region,294.6369255029441,24.53051733357054,348.5625227430332,27.89855492882941,499.5283883029735,0.0,1.4965407711403733,376.5189785936467,1224.6098726040204
MASBATE,2019.0,1,0.9444982409477234,90.19286346435548,1.4588489532470703,3,Bicol Region,428.5011384645018,4.844402522051998,581.0221131165486,21.614253769695996,985.4272866773409,0.38090931152515817,1.7565679717232336,668.740246667383,2374.2276385740092
MISAMIS OCCIDENTAL,1995.0,0,0.8940363526344299,14.753026962280272,2.000195026397705,3,Northern Mindanao,0.0,0.0,132.56755581714344,0.0,68.26299210827327,0.0,0.0,100.47387226409728,381.44551233113043
MISAMIS OCCIDENTAL,1998.0,0,0.939146101474762,11.34328269958496,2.568877935409546,3,Northern Mindanao,49.260497320130035,2.1093626716619354,239.49321195666,5.6671982732627,84.8828058796637,0.0,0.0,165.88091819418636,507.6727423260615
MISAMIS OCCIDENTAL,2001.0,0,0.9332400560379028,18.36319351196289,1.673944115638733,3,Northern Mindanao,166.66618806536752,5.3590813123458325,414.5502035643347,9.911775475213817,98.00453586428938,0.0,0.0,232.61316725262336,623.0794420485381
MISAMIS OCCIDENTAL,2004.0,1,0.8528263568878174,51.58687973022461,1.0875309705734253,3,Northern Mindanao,203.2570851297303,6.753358185068713,499.3927162055547,9.800680233409683,104.50923010535386,0.0,0.0,279.581590796201,750.372614138153
MISAMIS OCCIDENTAL,2007.0,1,0.867624819278717,58.41878509521485,1.0564576387405396,3,Northern Mindanao,147.32286508923514,7.804130788002011,88.95914010985325,9.95479988255416,181.1170951092491,0.0,0.0,426.4426788627018,834.4681837671391
MISAMIS OCCIDENTAL,2010.0,0,0.8152714371681213,122.25872802734376,2.0169878005981445,3,Northern Mindanao,17.876158076326355,5.595641599121991,35.68538860331739,12.213589487890044,312.65473174060503,0.0,0.0,559.0520621519594,908.5929039149015
MISAMIS OCCIDENTAL,2013.0,1,0.768388569355011,139.50244140625,1.0885968208312988,3,Northern Mindanao,41.455636667073215,19.882132648649538,65.3017274930634,16.95538744034081,498.3272601633987,0.0,0.0,884.5699348712582,1464.482040912108
MISAMIS OCCIDENTAL,2016.0,1,0.7380130290985107,217.86050415039065,1.0265381336212158,3,Northern Mindanao,32.553915688533706,11.432132982327778,69.74927749238742,25.763230660058603,571.4614066113326,0.0,0.0,625.8921769786774,1282.2835728102878
MISAMIS OCCIDENTAL,2019.0,0,0.7138082385063171,236.35134887695312,1.666811466217041,3,Northern Mindanao,23.437299686429036,16.278913792732965,104.55685024221926,42.285366180159116,673.5622151431727,0.0,0.0,1334.5589284256027,2115.3765217651553
MOUNTAIN,1992.0,0,0.9757289886474608,0.7177510261535645,4.34503984451294,3,CAR,0.0,0.0,221.88268235744005,0.0,110.90871786821167,0.0,0.0,91.06970106701365,615.5724534341866
MOUNTAIN,1998.0,0,0.9394943714141846,8.169371604919434,2.6943976879119877,3,CAR,118.56883693635395,1.6730965169625842,529.8031934259507,7.1898277013447,237.16291343043505,0.0,0.0,287.4966851285897,1227.406669664246
MOUNTAIN,2001.0,0,0.9704232215881348,5.636686325073242,3.5303256511688232,3,CAR,351.18825461324946,4.021458552761005,809.4704032426381,10.51864094114152,260.60228597515,0.0,3.9384104846122403,439.803647199167,1252.312762894496
MOUNTAIN,2004.0,0,0.9685150980949402,6.750462532043457,3.100672960281372,3,CAR,451.0498364098156,7.16068695913414,1008.4863123651135,12.645934480729741,276.1365893717066,0.0,0.0,537.6298676496734,1700.6439227627488
MOUNTAIN,2007.0,1,0.8943670392036438,26.786102294921875,2.394178628921509,3,CAR,532.764915835322,7.750437201259294,393.9338268880029,20.259891708048,322.9130291200886,0.0,0.0,759.4733007565502,1785.7419519993264
MOUNTAIN,2010.0,0,0.8619825839996338,46.76750946044922,3.718463659286499,3,CAR,697.0784711578918,13.574109221599228,479.17632413216984,40.13780678415231,495.42719438498716,0.0,0.0,986.1236663773298,2260.3225928200213
MOUNTAIN,2013.0,1,0.8539222478866577,71.80812072753906,1.8782466650009155,3,CAR,1072.6405878690891,70.98444647634105,888.6959368372841,150.23806940639162,600.5374325585911,0.0,10.930908555698021,1110.2366569476517,2675.313918032298
MOUNTAIN,2016.0,1,0.8676007986068726,86.07402801513672,1.0,3,CAR,1229.4658531072903,59.02442617414089,1429.8341664052643,141.3438543751526,678.9494042196615,0.0,0.0,1277.7696651873862,3511.487780632191
MOUNTAIN,2019.0,0,0.8737343549728394,108.47956085205078,2.7424516677856445,3,CAR,1115.786797980644,18.037162695324785,1897.4509971337434,357.89434935972037,926.8279505936113,0.0,0.0,1825.23273505532,4739.945089180115
NORTHERN SAMAR,1992.0,0,0.920442759990692,4.0774922370910645,1.855614185333252,3,Eastern Visayas,0.0,0.0,92.96351187944266,0.0,42.73466382366574,0.0,0.0,51.04663397996205,295.4058900885905
NORTHERN SAMAR,1995.0,1,0.9434801340103148,7.958703994750977,1.892725944519043,3,Eastern Visayas,0.0,0.0,156.0120740460687,0.0,46.48570543860996,0.0,0.0,60.465630180475266,415.7325130032026
NORTHERN SAMAR,1998.0,0,0.9213255047798156,18.185266494750977,1.9489609003067017,3,Eastern Visayas,102.29126195400109,10.909398973689584,554.0004350935313,13.584023707190045,111.0432152981932,0.0,17.75499970596855,350.25726981460286,801.6120008982897
NORTHERN SAMAR,2001.0,0,0.9133970141410828,55.39099884033203,1.7866246700286863,3,Eastern Visayas,245.84268295203847,5.24252543009575,447.62045602562057,7.311881448056005,75.00943379297436,0.0,0.0,189.22338169374203,695.4974392236164
NORTHERN SAMAR,2004.0,1,0.9058064818382264,17.207345962524414,1.3513929843902588,3,Eastern Visayas,237.58411095029524,8.374607665376029,457.85562707106,9.247577996479151,77.50115479927163,0.0,0.0,202.6493342167931,816.5082075245916
NORTHERN SAMAR,2007.0,1,0.9438857436180116,26.422178268432617,1.967009663581848,3,Eastern Visayas,313.7094240645863,10.38993247076059,247.48982463994548,12.218974115851898,94.12193053282662,0.0,0.0,450.91690602551483,997.4169379586006
NORTHERN SAMAR,2010.0,1,0.9358619451522828,37.95840072631836,1.7437686920166016,3,Eastern Visayas,356.7564308741736,38.68627842112446,295.0903636356755,48.20043128250444,145.4335935228589,0.3375116607013726,0.009681733575158613,416.09209604525483,1013.7097417982852
NORTHERN SAMAR,2013.0,0,0.8033385872840881,86.18958282470703,1.7491358518600464,3,Eastern Visayas,482.74625350101707,9.514619351112154,554.5073051088318,73.49602713678418,453.2047899844155,0.0,0.0,573.4799791909236,1581.403664015381
NORTHERN SAMAR,2016.0,1,0.8551880717277527,172.33981323242188,1.4435067176818848,3,Eastern Visayas,534.8985747970337,7.904714457386309,558.4640879387072,15.660830536613975,150.84942975078212,0.0,0.0,586.9422953045997,1355.2260692713746
NORTHERN SAMAR,2019.0,0,0.8272238969802856,273.5960998535156,1.0,3,Eastern Visayas,515.5278188859315,21.081972373141493,895.8178060066397,113.67788433806227,153.08837539241418,0.0,0.0,707.5251678815938,1794.5694863111987
NUEVA ECIJA,1992.0,0,0.8725196719169617,12.231049537658691,1.8398724794387815,3,Central Luzon,0.0,0.0,61.979868882858646,0.0,37.146813235984254,0.0,0.0,48.76435518478967,195.35390368421875
NUEVA ECIJA,1995.0,1,0.7102370262145996,103.13671112060548,1.689039707183838,3,Central Luzon,0.0,0.0,96.35284703172383,0.0,39.04753632577233,0.0,0.0,40.287571058293814,294.3558947708323
NUEVA ECIJA,1998.0,1,0.7749524712562561,112.08242797851562,1.3558059930801392,3,Central Luzon,28.01084247161088,2.249347509576652,163.65290327876923,5.849742872891752,31.244580810374497,0.0,25.06602311917412,62.32779457218014,455.9448623771967
NUEVA ECIJA,2001.0,1,0.5507910251617432,45.99145126342773,1.5053324699401855,3,Central Luzon,83.92706195124845,12.519590610907265,240.2108697965594,34.68924995467295,50.56969811615272,0.0,15.745433664234795,93.32952607432303,429.7265363516594
NUEVA ECIJA,2004.0,1,0.91871178150177,60.24300003051758,1.8561081886291504,3,Central Luzon,84.97250310523158,19.0224941172064,306.87517011257995,30.562705775990793,58.29746471560973,0.0,0.0,172.31746675393603,535.3718232566337
NUEVA ECIJA,2007.0,0,0.8623324632644653,144.5579071044922,1.7235323190689087,3,Central Luzon,40.220765896431516,34.83457701072221,59.09498667473453,24.34065779068229,131.33890527126582,0.0,0.0,191.6616203560617,453.4021074009154
NUEVA ECIJA,2010.0,1,0.8564136624336243,203.6690826416016,1.6281083822250366,3,Central Luzon,19.885794219778763,34.750335229408996,70.19306363505625,32.20196235584219,203.76029449961135,0.0,0.0,232.50339937573347,526.7951297820373
NUEVA ECIJA,2013.0,1,0.8283519148826599,280.22515869140625,1.607040286064148,3,Central Luzon,42.08826403436898,33.0958868526074,111.43526345297101,66.55986931500583,267.0360502331478,0.0,0.6555498511933038,323.70112896300043,708.6774945797728
NUEVA ECIJA,2016.0,1,0.855406641960144,342.8161926269531,1.6171320676803589,3,Central Luzon,137.44231331096324,35.79941769535829,241.2209853256804,67.979250242326,143.99546224940383,0.0,0.0,542.193077737362,927.4095229827133
NUEVA ECIJA,2019.0,1,0.8158972263336182,629.265380859375,2.080053329467773,3,Central Luzon,138.05472512726936,28.198027267828078,446.66760131003315,182.33349039521943,260.37934950585196,0.0,0.0,692.052791265667,1420.08558087606
NUEVA VIZCAYA,1992.0,0,0.9213277101516724,3.43045711517334,2.0651931762695312,3,Cagayan Valley,0.0,0.0,114.07100161959869,0.0,95.89044924750873,0.0,0.0,90.73987922855322,394.6418509268508
NUEVA VIZCAYA,1995.0,0,0.8324307203292847,24.65494155883789,1.4872779846191406,3,Cagayan Valley,0.0,0.0,98.88326454626673,0.0,139.33191300434956,0.0,0.0,170.7218498093434,487.77389160042065
NUEVA VIZCAYA,1998.0,1,0.9150257110595704,15.674226760864258,1.02028489112854,3,Cagayan Valley,43.383836731854466,3.1296825451876,247.77774412579396,2.9445768119998545,166.5161275437977,0.0,0.0,254.96673625345073,678.9800634109221
NUEVA VIZCAYA,2001.0,1,0.912870228290558,23.757286071777344,1.0268067121505735,3,Cagayan Valley,53.637778315873334,15.478188118124402,359.7825061553903,8.554955955861805,185.26412952971168,0.0,0.0,282.11157670361087,662.9705223975759
NUEVA VIZCAYA,2004.0,0,0.9087201356887816,30.722999572753903,2.6435279846191406,3,Cagayan Valley,19.957279549606078,75.74267288100204,445.97373953112975,12.124131925891525,227.4620304040773,0.0,0.0,338.1496512485634,910.7789250885215
NUEVA VIZCAYA,2007.0,1,0.8263524174690247,84.41100311279297,1.7361165285110474,3,Cagayan Valley,24.774420540860593,78.38900424658932,75.4725863947185,23.179243351312643,381.76562416499974,0.0,0.0,616.7316464015164,1271.7677804806312
NUEVA VIZCAYA,2010.0,1,0.7627009749412537,180.43133544921875,1.5202264785766602,3,Cagayan Valley,179.17472343621213,90.50014029735078,132.41655300443202,47.097072559144586,468.84456824235576,0.0,0.0,687.4620404026396,1473.0773265003431
NUEVA VIZCAYA,2013.0,0,0.746862530708313,219.23545837402344,2.7071568965911865,3,Cagayan Valley,434.14960520314,36.99206568010531,584.5425880811022,25.83170881245945,247.38621740386512,0.0,0.0,921.5023479131579,1753.8606333425594
NUEVA VIZCAYA,2016.0,1,0.758289098739624,272.0356750488281,1.8333913087844849,3,Cagayan Valley,615.9721237155405,56.379595347987234,745.1660225755072,72.81431453753027,300.7655443674122,0.0,0.0,1196.4421059663866,2247.094852377266
NUEVA VIZCAYA,2019.0,1,0.7119178175926208,330.82379150390625,1.7368649244308472,3,Cagayan Valley,617.4852420931289,42.993866976815866,1023.1028746035015,76.69693337151209,455.2289393120229,0.0,1.0237447353926983,1450.118130078307,2943.117318022122
OCCIDENTAL MINDORO,1992.0,0,0.8287541270256042,10.724699020385742,2.0600411891937256,3,MIMAROPA,0.0,0.0,124.26496533567352,0.0,93.80289603496195,0.0,0.0,63.70946494893616,335.9722568782631
OCCIDENTAL MINDORO,1998.0,0,0.9270753264427184,16.181543350219727,1.362130880355835,3,MIMAROPA,77.97975716996497,2.7440155866061424,379.7509510836748,4.04936350795319,152.52241752288754,0.0,7.275076212278255,264.5786745996782,794.6683290531411
OCCIDENTAL MINDORO,2001.0,0,0.7997915744781494,22.52913475036621,1.980870246887207,3,MIMAROPA,230.73177001713873,29.27805982930417,675.8237516173235,10.783614101214408,169.7823969456699,0.0,39.13999601136913,365.89030816007704,982.6380535692576
OCCIDENTAL MINDORO,2004.0,0,0.8913493752479553,43.92481994628906,1.70815908908844,3,Mimaropa Region,217.7331324514052,22.892297722539382,764.6616802353628,11.47124907031787,238.1214362143718,0.0,45.51507117748549,467.04991879974807,1031.475208642135
OCCIDENTAL MINDORO,2007.0,1,0.9176064729690552,30.816211700439453,1.7217122316360474,3,Mimaropa Region,279.77129863266686,25.15174750220011,296.5069352341913,53.157021039971156,293.2732468928141,0.0,40.891359872045086,687.7592488821238,1386.4505302436528
OCCIDENTAL MINDORO,2010.0,1,0.9485328793525696,36.32841873168945,1.4786726236343384,3,MIMAROPA Region,342.33300818115976,22.97988816223484,401.3882883989455,75.44258455473552,285.3636868792373,0.0,117.7084616725688,928.5218373124787,1772.3524002531115
OCCIDENTAL MINDORO,2013.0,0,0.7382725477218628,271.1439819335937,1.769038200378418,3,MIMAROPA Region,409.3909584189112,36.09050035944625,682.5734415796358,72.13027090543541,264.20017583575674,28.448761779414234,140.46496460549454,970.7295637121211,1931.7832638678567
OCCIDENTAL MINDORO,2016.0,1,0.9149248600006104,89.32392120361328,1.569866418838501,3,MIMAROPA Region,559.2984499423424,56.780899744944215,770.979127606955,82.86525498778367,407.9141903410502,0.0,72.03450045480305,1219.5031416855386,2438.84385241962
OCCIDENTAL MINDORO,2019.0,0,0.8432806134223938,114.9465789794922,1.7445002794265747,3,MIMAROPA Region,676.3611709418042,30.65208364457256,1156.9893812984938,76.33949678097727,426.81928326856786,0.0,39.04177855152543,1429.8357028078321,3042.658992627099
ORIENTAL MINDORO,1992.0,0,0.880303144454956,6.831480979919434,1.771195888519287,3,MIMAROPA,0.0,0.0,68.97890040281493,0.0,55.96918915472046,0.0,0.0,50.29738058652803,300.22448333063926
ORIENTAL MINDORO,1998.0,1,0.8845112323760986,30.111717224121094,1.8169503211975095,3,MIMAROPA,39.01080082270677,2.9837379795402943,197.5800646820304,2.0964322501729833,132.7934822302145,0.0,1.8032177431875511,156.96807872321622,502.37943326058337
ORIENTAL MINDORO,2001.0,0,0.90856671333313,31.68000030517578,1.6344726085662842,3,MIMAROPA,117.6973389095529,14.242868464517901,373.7133350245957,7.022240987538347,140.56970155446723,0.0,5.696971249519325,229.0539226746805,570.3740844082533
ORIENTAL MINDORO,2004.0,1,0.910920798778534,39.31510925292969,1.7733666896820068,3,Mimaropa Region,116.85542188794115,21.762104121101856,434.3965810335838,10.675602993718844,176.62434790529917,0.0,3.614606534720157,281.48884861860085,621.4485379232094
ORIENTAL MINDORO,2007.0,0,0.925552487373352,41.74712371826172,1.440738320350647,3,Mimaropa Region,227.64382344308055,35.31835068161714,254.7556358564666,38.95387543566415,169.45067590776338,1.1669615960684088,6.386090355787187,306.50733501629475,791.8594708959831
ORIENTAL MINDORO,2010.0,0,0.8936991691589355,60.16930389404297,1.999191403388977,3,MIMAROPA Region,253.84154637293676,34.33806750680471,260.11305748410547,70.0486180949848,140.05004140903682,2.4707860006085847,7.754896788720148,360.50551935327803,875.3242402585188
ORIENTAL MINDORO,2013.0,1,0.8392800092697144,107.8924331665039,1.0,3,MIMAROPA Region,189.94327786066464,28.244316035021534,324.73843096925424,31.216003119990745,132.11181900251952,7.295321573233175,10.777694934856523,376.27041346599685,842.0459349320338
ORIENTAL MINDORO,2016.0,1,0.8620331287384033,184.06430053710935,1.3868430852890017,3,MIMAROPA Region,331.64670818042595,87.2834124538535,467.9951498130892,39.566726871391786,148.6589206400938,0.0,9.498315291436636,447.0369196576832,1073.7888736260063
ORIENTAL MINDORO,2019.0,0,0.6624671220779419,249.73703002929688,1.774128556251526,3,MIMAROPA Region,304.7775339917079,80.88341139800042,579.3778421470882,33.68566873415616,197.8181060477337,0.0,2.6478997614204522,566.9941043470047,1348.9774898074095
PANGASINAN,1992.0,0,0.8663389086723328,18.501501083374023,2.371370553970337,3,Ilocos Region,0.0,0.0,78.28701260267319,0.0,29.913815601878277,0.0,0.0,34.60342858042088,166.08161037719043
PANGASINAN,1995.0,0,0.8964877724647522,41.806636810302734,1.023444890975952,3,Ilocos Region,0.0,0.0,127.67679855079545,0.0,38.59337943593272,0.0,0.0,57.54408539596686,279.6166098160753
PANGASINAN,1998.0,0,0.811479926109314,78.14905548095703,1.9131697416305544,3,Ilocos Region,27.514247093991568,12.20315002977668,198.649822926746,1.3551001341228985,58.2429372409748,0.27423078207380125,15.252371403262378,82.69952699618207,366.1985811829416
PANGASINAN,2001.0,1,0.5984382033348083,119.114990234375,1.3386191129684448,3,Ilocos Region,85.35045958349286,35.52605409155905,276.5447953853302,4.633813265146007,85.73577975634193,0.8850998680598671,48.21663712214717,101.93274209743264,395.855471911852
PANGASINAN,2004.0,1,0.8583929538726807,151.87277221679688,1.0762492418289185,3,Ilocos Region,91.21672655066888,46.02995527499852,321.8351852342706,6.563114631388427,84.81181941071584,0.9051280198427847,60.93343433419276,116.18682200600533,437.3661173870543
PANGASINAN,2007.0,0,0.8110953569412231,277.6832580566406,2.274065971374512,3,Ilocos Region,114.52086419966741,62.543110919222364,183.01466415184058,7.994090507814247,99.25817208528582,1.0626932067496748,59.090102069124285,144.76865491879522,506.1894056848079
PANGASINAN,2010.0,1,0.8076544404029846,303.1714172363281,1.3772025108337402,3,Ilocos Region,182.45660867886045,99.3441637003736,211.7971817506982,9.445882993539085,142.50137060793355,1.470303023625084,52.22318071017844,228.20464141337658,782.5332598007562
PANGASINAN,2013.0,1,0.6746156811714172,884.272705078125,1.3491699695587158,3,Ilocos Region,161.23656993544512,59.7384494648982,407.1531993625293,11.185847815493526,202.9469597504637,1.274450083349165,40.60308688559185,250.6251024091436,873.5758011294736
PANGASINAN,2016.0,1,0.7826811075210571,707.482666015625,1.7139509916305542,3,Ilocos Region,218.346249356999,93.03778764106927,377.8829767694211,27.548925359189592,85.61904281587562,1.4892506049304695,37.46077085848293,197.96623359120184,674.8689419127809
PANGASINAN,2019.0,1,0.7979565262794495,845.2844848632812,1.7452911138534546,3,Ilocos Region,282.2355726095742,76.52233427228295,626.4319427076866,85.49527416655268,109.6455495702945,1.7469098741753877,25.574572578314715,332.713631283647,1091.6941470851975
QUEZON,1992.0,0,0.8516122698783875,15.098292350769045,2.709488868713379,3,CALABARZON,0.0,0.0,17.327316353023946,0.0,10.955568027463551,0.0,0.0,15.266816263293132,63.73326977701131
QUEZON,1998.0,0,0.9073373079299928,6.84618616104126,4.45316219329834,3,CALABARZON,42.1377213701793,5.303483321853202,183.5131290838271,0.5577601853638143,43.964362454020865,0.0,18.28117022402402,57.225712807353496,325.9411469218655
QUEZON,2001.0,1,0.8175306916236877,106.68399810791016,1.717958927154541,3,CALABARZON,128.85175519416936,40.21525028708729,301.96287133528875,2.6998654364115566,44.669055318378476,0.0,41.66150526154766,88.53449657140077,393.2280356880905
QUEZON,2004.0,1,0.7552379965782166,246.7879180908203,1.4404557943344116,3,CALABARZON,122.82183956599314,51.623617255914375,284.0009439025278,3.3794201707584586,82.83208618804758,0.0,0.0,106.17606587722547,392.35179975716784
QUEZON,2007.0,0,0.738398551940918,346.8104858398437,1.951831579208374,3,CALABARZON,103.4008693998195,34.12259671514375,79.31198263150245,7.0215709617254225,122.18683081411103,0.0,0.0,172.05064421161526,457.1689656799514
QUEZON,2010.0,0,0.7794147729873657,341.3204345703125,1.875029683113098,3,CALABARZON,74.28933459794379,21.716214276548467,69.95385580235664,10.732798709901338,194.20097439512708,0.0,0.01422543401156511,209.98157634025776,526.3631074688434
QUEZON,2013.0,1,0.7580967545509338,448.2361755371094,1.8701659440994265,3,CALABARZON,104.45233020103288,34.471997886896496,177.7207293779667,13.325974114067362,188.72582709903838,0.0,0.0,179.14861273073825,554.8058243940119
QUEZON,2016.0,1,0.7701143622398376,661.3217163085938,1.0306421518325806,3,CALABARZON,155.11920072135,45.34922607659587,235.65572480529985,26.490249330837656,283.1981135727287,0.0,8.697049973634236,311.30838884371855,841.9158383393861
QUEZON,2019.0,1,0.6847583651542664,969.1083374023438,1.5155843496322632,3,CALABARZON,145.37330451496723,64.11037074685156,454.4249622819453,86.45978469360263,381.96242564792107,0.0,80.02677699840726,318.79894400676744,1174.7298282571385
QUIRINO,1992.0,0,0.9519108533859252,1.619346022605896,3.3199121952056885,3,Cagayan Valley,0.0,0.0,225.4644029750185,0.0,136.7693125229244,0.0,0.0,251.06099894593788,808.9694327845982
QUIRINO,1998.0,1,0.9444255232810974,8.116218566894531,2.5576212406158447,3,Cagayan Valley,117.1772621393633,23.115669256548294,648.6880406852564,11.083681278588866,294.889273496872,0.0,74.45863697933383,411.19348289178333,1619.7918546670717
QUIRINO,2001.0,1,0.830630898475647,13.93540096282959,1.2730838060379028,3,Cagayan Valley,327.67120473749844,23.535321291957988,936.4626532196505,14.13118137306132,435.38328540087963,0.0,0.0,571.1249460807719,1665.621565102044
QUIRINO,2004.0,1,0.92337167263031,17.336000442504883,1.1720510721206665,3,Cagayan Valley,419.6125048368839,11.001077188021,1170.5574624788171,17.107130867699688,426.0939644342766,0.0,0.0,722.8367288541306,1946.8619753497678
QUIRINO,2007.0,0,0.8996589779853821,23.79199981689453,1.7683782577514648,3,Cagayan Valley,452.13216120963153,9.544998898574265,336.3871597231905,17.299073673588158,498.2381981985154,0.0,0.0,1241.8318831381205,2327.309877310022
QUIRINO,2010.0,1,0.8688228726387024,65.88593292236328,1.20878803730011,3,Cagayan Valley,462.8785905471222,25.080516014237077,341.13665462037864,23.994019130792683,422.5255355319101,0.0,0.0,1665.885124632206,2600.3690448318043
QUIRINO,2013.0,1,0.8756004571914673,70.70132446289062,1.0,3,Cagayan Valley,619.1109514626759,24.30477742206037,857.0197515519424,130.30820887026795,305.97806479538076,0.0,0.0,1980.3547640468762,3163.6033851224565
QUIRINO,2016.0,1,0.7702033519744873,204.78314208984372,1.0,3,Cagayan Valley,1150.53426150183,32.894728381292445,1262.0269453021244,78.59795541900188,371.63973785973064,0.0,0.0,2234.5232944086943,3900.5249334784257
QUIRINO,2019.0,1,0.7509022951126099,299.74609375,1.0,3,Cagayan Valley,982.477720633738,13.344400400103329,1667.0302600021482,246.2727088827984,569.3995315104092,0.0,0.0,2700.3478713712084,4959.43773765705
RIZAL,1998.0,0,0.4993540942668915,285.9148864746094,1.2036999464035034,3,CALABARZON,19.392748700409857,23.83869484882807,183.20749134803017,28.154518858860683,50.87475308816691,0.0,0.0,130.1897494370292,486.6203903487173
RIZAL,2001.0,1,0.5797005891799927,282.924072265625,1.593270182609558,3,CALABARZON,69.88615997650973,92.39546256807235,352.667140190041,52.80398237965576,66.13595275556803,0.0,0.0,137.58153952395705,571.607230265615
RIZAL,2004.0,1,0.5245186686515808,530.1397094726562,1.379407525062561,3,CALABARZON,52.81262541042459,64.75907386781424,319.2180616758719,57.94184240208632,58.96505985754205,0.0,0.0,143.7045212390087,448.2789834907187
RIZAL,2007.0,1,0.5602391362190247,383.8110961914063,1.0557533502578735,3,CALABARZON,17.44562852217838,43.17251868622934,26.068536499060205,23.019833233232063,92.18219922713962,0.0,0.05929983703561527,205.47772774452804,411.4281985706303
RIZAL,2010.0,1,0.6720458269119263,615.4160766601562,1.3883432149887085,3,CALABARZON,60.60013915595106,41.68647002244528,91.3090797803774,31.285440159370562,66.98916091108775,0.0,0.0,335.2342357309936,537.6994113135386
RIZAL,2013.0,1,0.6517213582992554,793.0236206054688,1.2866288423538208,3,CALABARZON,76.03116606541575,11.102491330434365,113.05018094708856,4.974362319054985,32.35578913904569,0.0,0.2679270231987018,275.4795355456447,424.5719582201325
RIZAL,2016.0,1,0.626474142074585,1248.96337890625,1.1519755125045776,3,CALABARZON,158.19977420728057,21.46646659721504,197.01038695965892,9.275797888515436,38.27106086611952,0.0,8.068345486951552,257.93793321066863,494.4096316080312
RIZAL,2019.0,1,0.6129523515701294,1861.1453857421875,1.113985538482666,3,CALABARZON,157.20201085393242,16.802534239469693,254.23429023111393,13.692433608374571,58.485504480685755,0.0,13.980287950197246,244.57720095821102,557.2969721294702
ROMBLON,1995.0,0,0.8819604516029358,6.929320812225342,1.698991060256958,3,MIMAROPA,0.0,0.0,208.37514977738385,0.0,68.75803389395634,0.0,0.0,68.44604670645575,392.8161591323018
ROMBLON,1998.0,0,0.9325478076934814,10.139836311340332,2.023121833801269,3,MIMAROPA,67.35398468036863,1.285371462481511,303.2908901410606,1.1112159757678066,132.60930862343446,0.0,0.0,154.5876449507289,615.9906682119738
ROMBLON,2001.0,0,0.9426321983337402,8.151000022888184,1.4234741926193235,3,MIMAROPA,292.03619484742177,11.437099531465314,603.3422429631174,8.493415486500416,137.91295983432443,0.0,0.0,291.3755478558143,883.3661036266279
ROMBLON,2004.0,0,0.9540705680847168,11.21500015258789,2.592112302780152,3,Mimaropa Region,295.89441062740093,8.184105567686638,627.8372432950023,9.412135449578086,136.70977012506867,0.0,0.0,314.3465752126949,1032.8961492538433
ROMBLON,2007.0,0,0.949440896511078,15.655357360839844,2.484689712524414,3,Mimaropa Region,183.95384225165841,11.917541670643192,79.93049547680742,8.642817085226463,269.75276419558986,0.0,0.0,404.57513267765813,1046.111611939691
ROMBLON,2010.0,0,0.9506398439407348,21.265544891357425,1.960597395896912,3,MIMAROPA Region,31.125209478153636,20.72832830387853,51.099331582510224,17.786488680640865,650.9675035669369,0.0,0.0,564.1458912823015,1286.3737616037806
ROMBLON,2013.0,1,0.9165908098220824,35.291629791259766,1.2730110883712769,3,MIMAROPA Region,253.49860372844321,58.88158365665184,91.87429951632981,125.41995453609486,765.2846790512235,0.0,0.0,615.6436636471686,1472.8026554033868
ROMBLON,2016.0,1,0.9040934443473816,63.72214889526367,1.471177577972412,3,MIMAROPA Region,31.94851603675133,16.31035808688595,138.81285625400503,90.5539829357766,858.1452746463426,0.0,0.0,744.3085894351872,1741.2667289265626
ROMBLON,2019.0,0,0.8854045867919922,104.26920318603516,1.8462740182876587,3,MIMAROPA Region,35.29445709039196,22.41328659785278,136.0764759461587,135.50451003675008,1074.2992993026405,5.377389832118363,32.70707997077295,1176.0708235485504,2386.4466840552154
SARANGANI,1992.0,0,0.7933899760246277,12.276800155639648,1.0,3,Davao Region,0.0,0.0,59.69986305277749,0.0,28.043480635150168,0.0,0.0,41.70762847929508,234.0744558649776
SARANGANI,1998.0,1,0.7541826367378235,51.21102523803711,1.6843167543411257,3,Davao Region,31.672871832728152,13.916598516903003,264.1557486804259,3.787959659034578,140.60303096324142,0.0,0.44424593746640206,260.07054491030186,658.7562316369688
SARANGANI,2001.0,0,0.9139354228973388,18.309999465942383,2.374257326126098,3,SOCCSKSARGEN,99.58957256990047,24.065482687884664,522.3089211128236,11.541261097072638,158.39529388424748,0.0,6.641430613591058,380.4711771726889,722.4698517604692
SARANGANI,2004.0,0,0.9203813076019288,25.180896759033203,1.7104222774505615,3,SOCCSKSARGEN,126.09294312579357,32.03918764499769,678.6324868703108,12.976021228519048,127.75043179522818,0.0,11.212954573579847,496.31138029742067,953.596366755101
SARANGANI,2007.0,1,0.9406272768974304,24.60008811950684,1.0902403593063354,3,SOCCSKSARGEN,169.9141981029892,22.706534876620776,178.83275922938233,14.108109416455278,187.59855511970773,0.0,41.55042142995903,540.6812876379997,1011.4646393522107
SARANGANI,2010.0,1,0.9520551562309264,28.70911979675293,1.95159375667572,3,SOCCSKSARGEN,190.836495972218,16.377487154275443,217.00011455322465,26.258232101773924,189.52640379117273,0.28254525587262563,49.68255388243485,557.2386790986467,1033.4496681895987
SARANGANI,2013.0,0,0.9509520530700684,31.177133560180664,1.0,3,SOCCSKSARGEN,297.3755547118697,33.29798113197672,319.6335903890533,61.72291188501551,173.21528966365167,0.3349584342944181,2.483781960013262,634.0502920372643,1129.276606018223
SARANGANI,2016.0,1,0.9634540677070618,34.73426055908203,1.3366949558258057,3,SOCCSKSARGEN,303.6059030333808,49.729513884432194,424.1997252395433,63.05342105038228,220.1908288416291,0.7573183580246163,7.053580622977526,741.1414459544065,1393.8929472379439
SARANGANI,2019.0,1,0.8697985410690308,61.0206298828125,1.1585166454315186,3,SOCCSKSARGEN,541.8588578471001,26.5945593897667,824.3392409619175,57.01947022988274,293.62075628461895,0.28569466006600036,1.2566505417679945,980.7126404873655,2102.0428819357016
SIQUIJOR,1998.0,0,0.9477888345718384,4.736844062805176,1.8707494735717771,3,Central Visayas,160.18770541726556,4.6257156251988105,599.1013758428363,3.9107582357504502,437.28639583022334,0.0,0.0,361.9216954573243,1401.8564346973474
SIQUIJOR,2001.0,0,0.9305481910705566,8.236506462097168,1.946725845336914,3,Central Visayas,474.15784862882975,11.282237241099004,951.0838802875929,13.931175807544948,448.59654607362955,0.0,0.0,451.7125983730598,1597.5135635127858
SIQUIJOR,2004.0,1,0.9551367163658142,6.748161792755127,1.9487762451171875,3,Central Visayas,486.9686597272904,8.778245651778839,1087.1772726956913,15.089168281663081,393.8855165621589,0.0,0.0,576.3412062740301,1785.152601463239
SIQUIJOR,2007.0,1,0.9422022104263306,11.00307559967041,1.2454485893249512,3,Central Visayas,563.2817492593887,10.717382524735658,445.16565173636104,39.877265236937184,557.8131392700953,0.0,0.0,725.5854636443768,2056.8598258553557
SIQUIJOR,2010.0,1,0.8746357560157776,37.12607955932617,1.199846863746643,3,Central Visayas,766.7957465339141,30.35975512795423,587.1208163745732,98.46841260325132,762.429184759657,0.0,0.0,946.2874613207642,2627.786853018318
SIQUIJOR,2013.0,0,0.8332116603851318,56.325496673583984,1.780247449874878,3,Central Visayas,936.8435929817488,34.02993611400262,721.8504272701225,78.12517998907717,419.3459041103142,0.0,0.0,698.3268773650125,1841.5451780148103
SIQUIJOR,2016.0,1,0.8858325481414795,51.45981216430664,1.7745612859725952,3,Central Visayas,1342.9225401704964,42.16859312541699,1453.460811067615,68.3697006025916,566.3060272469643,0.0,0.0,949.1924170447866,2968.959385821593
SIQUIJOR,2019.0,1,0.8802172541618347,70.45529174804688,1.3402745723724363,3,Central Visayas,1615.7084973931144,32.99852365581207,2303.3896958176706,109.37704117690845,721.4135223791209,0.0,0.0,1495.6730933580084,4545.813487712504
SORSOGON,1992.0,0,0.8468419909477234,8.745189666748047,1.971235990524292,3,Bicol Region,0.0,0.0,87.52721464235024,0.0,39.734022664021865,0.0,0.0,49.181682237358885,218.3508255090937
SORSOGON,1998.0,0,0.8686095476150513,21.11150932312012,3.1439216136932373,3,Bicol Region,54.815473108633014,6.462105222878424,239.52792675427548,2.263358090475841,119.00089633995356,0.0,0.621386974795877,116.18493852586323,532.7459508621866
SORSOGON,2001.0,1,0.873069167137146,31.302000045776367,1.4640840291976929,3,Bicol Region,162.93921883826332,11.01516081178387,336.1037373785491,5.964748230178654,136.26464695363637,0.0,1.554244853784844,154.6303659108301,600.0583545577454
SORSOGON,2004.0,1,0.8313867449760437,25.418046951293945,1.8124139308929443,3,Bicol Region,183.64638954565183,6.541157164983799,347.2324477022875,16.525978971590884,121.62001925706157,0.0,3.871628191907784,136.64729789279693,665.1164099489378
SORSOGON,2007.0,1,0.8867962956428528,28.02235221862793,2.309432983398437,3,Bicol Region,200.6329665001008,7.552849076178697,156.22622287624384,18.079950214457817,104.2894720176462,0.0,0.9437676593112966,222.47545576205485,634.9972899095853
SORSOGON,2010.0,1,0.9117426872253418,52.63381576538086,1.81766676902771,3,Bicol Region,248.46881309297163,8.335927858729967,169.0532121575546,12.909233488318574,97.42798844339013,0.0,2.748584231945656,319.88246780940085,722.6522163819313
SORSOGON,2013.0,1,0.8650100231170654,104.57797241210938,2.4103844165802,3,Bicol Region,258.1201754322569,22.888637661674597,396.7338926324727,22.513020799840678,113.53837520868606,0.0,4.853932381723491,401.73032629396465,965.267469298606
SORSOGON,2016.0,0,0.7887358665466309,264.4648742675781,2.589865207672119,3,Bicol Region,472.6109231200458,13.768353582667046,522.8912418681109,36.51196198684202,136.11406420086618,0.0,0.0,478.86460491927835,1194.2828149088432
SORSOGON,2019.0,0,0.8285201787948608,263.8192749023437,1.1501529216766355,3,Bicol Region,543.4679124975847,3.1847378175668637,782.9224783320108,52.609029491275074,179.7964331919229,0.5104520362947523,0.2840284963681563,458.63029709794586,1446.9654030306483
SOUTHERN LEYTE,1995.0,0,0.8811967372894287,14.229969024658203,1.88106632232666,3,Eastern Visayas,0.0,0.0,161.2977787017602,0.0,86.17224121285948,0.0,0.0,88.38075110445831,486.16680670422954
SOUTHERN LEYTE,1998.0,0,0.933473825454712,11.161039352416992,1.929768443107605,3,Eastern Visayas,56.25042880777729,2.104615834319529,247.06353413643234,2.0266572860205563,105.5606549699702,0.0,0.0,108.94173572052063,510.5562750565715
SOUTHERN LEYTE,2001.0,1,0.937759816646576,9.79982089996338,1.0,3,Eastern Visayas,238.2565525793314,3.8286223327806392,441.7933999234721,5.946792694781392,145.2404856311914,0.0,0.0,193.7614306270298,770.4848910608523
SOUTHERN LEYTE,2004.0,1,0.7205172181129456,35.086639404296875,1.4603047370910645,3,Eastern Visayas,247.5762699812767,6.363083204334369,491.892484663352,7.15937281160072,122.70818317735188,0.0,0.0,230.79375550991216,963.0099795895436
SOUTHERN LEYTE,2007.0,0,0.8692938685417175,20.69131088256836,1.839807391166687,3,Eastern Visayas,181.00469651504326,15.138175236702603,119.08188149058002,10.2124876649868,213.15677866142613,0.0,0.0,675.6180900187472,1220.3749521322043
SOUTHERN LEYTE,2010.0,1,0.7803824543952942,132.50025939941406,1.3710535764694214,3,Eastern Visayas,0.0,14.117759764654686,25.460161217346485,15.658302772158342,463.78952564115406,0.0,0.0,1079.4708090599347,1644.9568720556265
SOUTHERN LEYTE,2013.0,1,0.6949357986450195,231.91744995117188,1.6750093698501587,3,Eastern Visayas,220.6679740984336,13.580108859504042,165.5276794468496,22.24289604983447,558.1112390168577,0.0,0.0,693.8614594111442,1506.8859586721906
SOUTHERN LEYTE,2016.0,1,0.6732239127159119,357.439453125,1.658758521080017,3,Eastern Visayas,5.905773153111185,18.88618241121305,56.3303500993301,28.936985538305738,667.4429738767341,2.6014068376961847,0.0,805.7667137575794,1611.9044607894264
SOUTHERN LEYTE,2019.0,1,0.7434225082397461,322.2841491699219,1.3489116430282593,3,Eastern Visayas,32.71866991371159,1.558531531799813,113.60018885805813,54.455725244749985,531.5197049361416,1.466474614563647,0.0,495.0929962627851,1186.5330447394063
SULTAN KUDARAT,1992.0,0,0.8647829294204712,8.525435447692871,3.94221830368042,3,Davao Region,0.0,0.0,55.45923980484486,0.0,60.154119120498684,0.0,0.0,45.0694470617519,208.8282134493365
SULTAN KUDARAT,1998.0,0,0.8856059908866882,27.243318557739254,3.668452501296997,3,Davao Region,34.26828280725742,2.0397526824798597,170.59200631984288,3.584578175345287,111.01830928572207,0.0,0.0,129.70591636347402,508.50164379807603
SULTAN KUDARAT,2001.0,1,0.9538590312004088,15.11185359954834,1.9615414142608645,3,SOCCSKSARGEN,98.73816036576446,9.094773200961383,293.82006921443025,11.005331796444057,147.662412295827,0.0,0.0,174.9818005368072,622.6620443260992
SULTAN KUDARAT,2004.0,1,0.9480549693107604,21.10057830810547,1.659683346748352,3,SOCCSKSARGEN,96.24683402520846,8.927805785478757,314.9603248278947,11.110936881784074,194.91810905131138,0.0,0.0,198.67475261801587,653.4339787218283
SULTAN KUDARAT,2007.0,1,0.9510040879249572,25.396316528320312,1.6818861961364746,3,SOCCSKSARGEN,118.92906080705723,11.6695813140143,163.37918616266558,70.10266982353103,283.74891923998626,0.0,0.0,723.0188969429953,1256.499640485788
SULTAN KUDARAT,2010.0,1,0.613324761390686,465.74310302734375,1.6320862770080566,3,SOCCSKSARGEN,170.60882863682298,27.605619749677185,258.5694285171313,129.61768952778388,247.79739244639376,0.0,0.0,500.068622868025,1109.046931729016
SULTAN KUDARAT,2013.0,1,0.9560478329658508,38.92825698852539,1.8090033531188965,3,SOCCSKSARGEN,181.53749875034472,10.5322703610712,384.4117731648305,162.699433283304,280.12818181642996,0.0,0.0,439.46405000059843,1123.722599693509
SULTAN KUDARAT,2016.0,1,0.964208960533142,44.29084396362305,1.5611213445663452,3,SOCCSKSARGEN,278.49766324624704,16.549455818664875,552.3310871011047,257.2839746227182,366.03252294157465,0.0,0.0,612.2972437803928,1559.3229572390178
SULTAN KUDARAT,2019.0,1,0.9597938060760498,67.41764831542969,1.1835744380950928,3,SOCCSKSARGEN,665.5588227385737,39.63863373817087,1448.8705353388573,443.3134288097524,447.47633540282243,0.0,0.0,833.9642066648473,2781.034326568558
SULU,1992.0,0,0.9489397406578064,0.7227370142936707,2.117029905319214,3,Zamboanga Peninsula,0.0,0.0,2.934452329019583,0.0,93.37032440341454,0.0,0.0,60.88139414310247,170.22065336690693
SULU,1998.0,0,0.7930184006690979,38.99916076660156,3.4949021339416504,3,Zamboanga Peninsula,4.0890502784113165,0.0,100.78687964671266,0.0,64.17246505176166,0.0,0.0,87.52300742580128,369.53827914627846
SULU,2001.0,0,0.943011462688446,0.382999986410141,1.793494701385498,3,Zamboanga Peninsula,6.067868727406427,0.0,253.0399361431663,30.880533573467115,79.93423342612299,0.0,0.0,216.09153043209608,452.26194055207156
SULU,2004.0,0,0.997694492340088,0.7032186985015869,3.556551694869995,3,Zamboanga Peninsula,7.613982127667107,0.0,206.15826107902288,0.0,44.693501958304545,0.0,0.0,198.54428635798217,489.1166932759351
SULU,2007.0,0,0.9791964888572692,0.9294204711914062,1.9993971586227417,3,Zamboanga Peninsula,15.942832385305195,0.02324117949349206,37.81046350259666,24.994779413470127,223.06437808533536,0.0,0.0,298.2021050153111,638.3339886697127
SULU,2010.0,1,0.981096088886261,1.028818964958191,2.0848543643951416,3,BARMM,99.9873724522236,0.9745367580605132,159.81781357505398,93.6303562291642,292.78099538278775,0.0,0.0,435.26104555647504,924.4808208050254
SULU,2013.0,1,0.9437949657440186,2.4407894611358643,1.1748971939086914,3,BARMM,109.91629288278945,11.080503351468707,197.58402906854158,27.98991828345694,371.36228921791206,0.0,0.0,447.10787207688327,1016.3756768419596
SULU,2016.0,1,0.9463692307472228,2.0228404998779297,1.4733787775039673,3,BARMM,56.944699272173025,69.3292375323691,255.19804064034184,108.61333023620473,284.8025863339367,0.0,20.31077359959499,468.2190885780666,1008.2197332991183
SULU,2019.0,1,0.981212079524994,5.602501392364502,1.7228509187698364,3,BARMM,24.57435617192141,0.0,318.045763458454,156.74640528402983,245.2250175919953,0.0,0.0,491.7583464987187,1055.0291591725331
SURIGAO DEL NORTE,1992.0,0,0.859046459197998,6.625970840454102,3.5553550720214844,3,Northern Mindanao,0.0,0.0,164.16333470715819,0.0,88.80128348961073,0.0,0.0,63.95336985414683,380.6927359599805
SURIGAO DEL NORTE,1998.0,1,0.9530125856399536,10.418551445007324,1.7887173891067505,3,CARAGA,12.872110340980392,1.3803357828072942,258.6820159286784,4.794251010564838,160.19007502697875,0.0,0.0,172.94105605917494,767.3556834276642
SURIGAO DEL NORTE,2001.0,0,0.9606484174728394,10.555216789245604,1.9268696308135984,3,CARAGA,53.348034243446435,8.195908130507341,355.0981109814736,17.833856284504193,97.32076426101685,0.0,0.0,275.7203083437748,668.120375952652
SURIGAO DEL NORTE,2004.0,1,0.9029608368873596,33.986114501953125,1.8644465208053589,3,CARAGA,159.57666172413377,33.46774471045595,527.1750196210548,18.298226037047595,188.47909534300078,0.0,13.679735560884195,302.15266327374206,895.1218997453491
SURIGAO DEL NORTE,2007.0,1,0.9131675362586976,25.728479385375977,1.8728355169296265,3,CARAGA,177.06661830603247,21.381837246492147,201.20700542770143,78.87301533713341,301.10909864818115,0.0,4.366072399897336,350.80134354870665,1005.1888838316196
SURIGAO DEL NORTE,2010.0,0,0.6233775615692139,267.94586181640625,1.9961826801300049,3,CARAGA,51.98144520121056,13.332585494262243,82.76221311452115,35.86294046683804,457.7012698030885,0.0,0.0,687.3969069045544,1274.4100485413119
SURIGAO DEL NORTE,2013.0,1,0.6929826736450195,43.18593597412109,1.519282341003418,3,CARAGA,237.44146130344458,19.913724278395595,299.4418642026541,66.04313827991625,357.69449921079377,10.75546498887666,0.0,637.4470225254286,1309.7501505070006
SURIGAO DEL NORTE,2016.0,1,0.7613846063613892,119.46823120117188,1.768163561820984,3,CARAGA,237.70799388645395,80.65121897708023,550.5759478156224,228.71998281385754,408.9962222796636,3.4967463583583562,0.0,758.41331470939,1741.984316341782
SURIGAO DEL NORTE,2019.0,1,0.78266841173172,156.9879150390625,1.8443201780319212,3,CARAGA,207.70464058423073,39.05529553084662,628.7079092229263,144.16475716956174,535.4175303856368,0.0,0.0,974.6578228052714,2177.039380181927
SURIGAO DEL SUR,1992.0,0,0.615635335445404,34.11570358276367,3.5879151821136475,3,Davao Region,0.0,0.0,131.08620151565344,0.0,59.941088818298574,0.0,0.0,53.365757885473684,371.3011364746741
SURIGAO DEL SUR,1998.0,1,0.8976584672927856,24.18998908996582,1.6925392150878906,3,CARAGA,38.73863420978816,5.766686014267239,260.54087541414333,0.8466826865189612,117.31799294548169,0.0,0.0,256.1518165796519,670.4303030833729
SURIGAO DEL SUR,2001.0,0,0.9271243810653688,15.397445678710938,2.971220016479492,3,CARAGA,128.881730687213,11.549107960988136,456.98482833129066,2.322027535283357,111.18117357685139,6.966433823716157,0.4165787993011221,306.84895335682523,731.4995478584954
SURIGAO DEL SUR,2004.0,1,0.9356095790863036,19.788707733154297,1.360162377357483,3,CARAGA,118.68922228942728,14.801714644636505,490.9856528410214,1.9401041035645998,102.89078457430655,0.0,0.0,355.55462228406833,760.9224757246474
SURIGAO DEL SUR,2007.0,1,0.9287950992584229,25.75602531433105,1.033781886100769,3,CARAGA,183.4259235758452,15.617699352577988,188.28455875896776,42.28877349646805,210.47699182456856,0.0,0.0,545.3761088424955,1071.4657640898497
SURIGAO DEL SUR,2010.0,1,0.9100350141525269,56.382911682128906,1.4461606740951538,3,CARAGA,227.44819635163498,17.863019708600355,224.6830241690201,61.858040114027204,313.7366092124678,0.0,0.0,626.3300080383059,1253.5500275938589
SURIGAO DEL SUR,2013.0,1,0.8743805885314941,35.155399322509766,1.0782090425491333,3,CARAGA,185.18585183015108,16.92133488039013,359.4005133005579,94.08027957909819,407.7729046511121,0.0,0.0,852.2346506999511,1619.4080774234958
SURIGAO DEL SUR,2016.0,1,0.9189934134483336,46.795387268066406,1.6824334859848022,3,CARAGA,297.2958153113192,37.54714298995236,424.2276497437236,89.38468088567629,303.79591775467685,0.0,0.0,1043.918749557649,1782.9303160230677
SURIGAO DEL SUR,2019.0,1,0.918493926525116,91.9808349609375,3.330783605575561,3,CARAGA,274.20545014469064,18.68499804545605,539.4364320008339,101.0952435429473,291.62452575788944,0.0,0.0,1398.11742121244,2277.692638679266
TARLAC,1992.0,0,0.6577835083007812,32.18855667114258,1.7266814708709717,3,Central Luzon,0.0,0.0,78.33458225830397,0.0,30.663362987432453,0.0,0.0,38.785153354846095,235.00996880250406
TARLAC,1995.0,1,0.765658438205719,55.28956985473633,1.1319248676300049,3,Central Luzon,0.0,0.0,127.73109452947958,0.0,71.1776008971236,0.0,0.0,68.71287460897989,321.93488910822254
TARLAC,1998.0,0,0.7515324950218201,87.34286499023438,1.9044924974441528,3,Central Luzon,6.866899654936292,6.478389431999821,203.43510132117328,1.4491317140802251,57.56117233629162,0.0,20.31250349355961,133.836416938274,407.9242168401044
TARLAC,2001.0,1,0.690200686454773,130.08790588378906,2.6944258213043213,3,Central Luzon,115.25280840859378,9.638021448467034,369.1428939293336,3.456521059301804,22.946119068033525,0.8608700989395239,35.2164472506988,204.7182209766415,499.580307193983
TARLAC,2004.0,1,0.8294460773468018,96.9864501953125,1.272507667541504,3,Central Luzon,142.57824274054929,8.047571907281265,371.8751458251771,6.233050961753822,42.16673552798798,0.0,19.18475953348849,195.8315308832074,499.3542586974951
TARLAC,2007.0,1,0.7936557531356812,155.91043090820312,1.937942743301392,3,Central Luzon,183.39751853021735,7.821645314424645,143.23413312456674,8.296133149594116,52.185589370235064,0.0,17.82389292369204,268.67436090835685,550.2310139793128
TARLAC,2010.0,1,0.8066109418869019,185.03948974609372,1.2442328929901123,3,Central Luzon,251.60049074635626,13.032077178790496,177.1415273504535,4.532473559164511,39.982377016624106,0.0,14.857393072443742,374.12165761556975,701.9260602196464
TARLAC,2013.0,1,0.7255669832229614,383.5094299316406,1.6468478441238403,3,Central Luzon,211.58246943856327,16.889735480699834,362.2501478656911,3.159436988314185,41.72035921267787,0.0,24.947613596791015,449.099651228918,853.0701382134985
TARLAC,2016.0,0,0.8544827103614807,233.82437133789065,1.5945651531219482,3,Central Luzon,302.35623258963784,19.982627189104644,396.1577410521528,37.097224810164505,70.06524839618295,0.0,36.72165863040829,465.86565127227766,934.4921160827635
TARLAC,2019.0,1,0.8220575451850891,393.7223510742188,1.0,3,Central Luzon,198.26198560817414,14.240948597035228,514.3791471150496,115.62078638861706,92.52942307476329,8.400791170108045,28.180028832665425,549.1583236577413,1169.7440537138584
TAWITAWI,1992.0,0,0.996665358543396,0.108365997672081,1.9726433753967283,3,Zamboanga Peninsula,0.0,0.0,5.1145366776660115,0.0,27.762085103351865,0.0,0.0,152.238807485173,255.27895629708152
TAWITAWI,1998.0,0,0.9994672536849976,0.0562289990484714,1.6337659358978271,3,Zamboanga Peninsula,0.8047487119768099,0.0,109.87811495486788,0.0,84.23211487898274,0.0,8.737864449355463,274.0692353935904,456.7716703448319
TAWITAWI,2001.0,0,0.999351978302002,0.1082179769873619,1.9959012269973757,3,Zamboanga Peninsula,2.3173051110890115,7.039546221772167,492.91692424441516,4.652466056277543,110.61650095673592,0.0,77.30555171732256,401.60207806235576,695.7827861995329
TAWITAWI,2004.0,0,1.0,0.0,1.0,3,Zamboanga Peninsula,5.478624034543025,4.214326180417712,454.6128486618818,1.877060828911728,113.92841082888303,0.0,93.62378716301947,349.4190590458047,741.1162156980188
TAWITAWI,2007.0,1,0.9684736132621764,0.0130000002682209,1.840941071510315,3,Zamboanga Peninsula,10.98434935233468,19.59164656395935,64.62064776424596,18.396684608322193,127.66483928157518,0.0,58.77258910257292,517.5221743674759,805.0763795972291
TAWITAWI,2010.0,1,0.9859591722488404,0.7465266585350037,1.9620208740234373,3,BARMM,29.981687786265514,36.37249059004569,132.224747652529,53.95766219083291,305.54894963472043,0.0,52.481651176064446,786.9009346546344,1284.6486699514476
TAWITAWI,2013.0,1,0.9500133991241456,7.842881202697754,1.9151594638824463,3,BARMM,259.2879928416504,268.6133812338731,185.6470819191571,98.48074868071157,151.5910211682657,23.941206649485373,0.0,1188.2691666144533,1526.3079661308595
TAWITAWI,2016.0,0,0.9322069883346558,1.5274320840835571,1.787482738494873,3,BARMM,97.1036104505567,121.66922453784198,305.38701949660964,83.86849356630516,372.9508334646281,0.0,2.7456947109567897,1303.5320809841262,1981.8699466411144
TAWITAWI,2019.0,0,0.9811373949050904,1.6131850481033323,1.7058122158050537,3,BARMM,180.87052995797782,129.13106014082592,717.7203905946296,220.7434733125788,470.7344971752799,0.0,0.0,1782.7896497224172,2971.244572947886
ZAMBOANGA DEL NORTE,1992.0,0,0.8500834107398987,8.714653015136719,2.217165470123291,3,Zamboanga Peninsula,0.0,0.0,81.87401303930167,0.0,67.67732770494231,0.0,0.0,37.42541002420449,267.81655485370317
ZAMBOANGA DEL NORTE,1998.0,1,0.8387917280197144,61.75324249267578,2.705743789672852,3,Zamboanga Peninsula,38.399130972195834,3.0773500934814697,195.72211383600535,1.833823936565254,170.75967700052826,0.2977665479860684,0.0,113.59023080762788,539.8346981221245
ZAMBOANGA DEL NORTE,2001.0,1,0.8040125966072083,98.63258361816406,1.570443630218506,3,Zamboanga Peninsula,122.26749550426935,8.183360827512042,265.73093503755774,10.19994969471775,285.528138421529,0.0,0.0,125.08013243683676,624.2750123915588
ZAMBOANGA DEL NORTE,2004.0,0,0.7519811987876892,176.72764587402344,1.94727623462677,3,Zamboanga Peninsula,159.64620191274514,10.882033182233851,425.6708785239804,6.09809481131506,412.28952419620856,0.0,0.0,249.04454679322316,996.5890387632289
ZAMBOANGA DEL NORTE,2007.0,1,0.8387543559074402,131.25596618652344,1.6619292497634888,3,Zamboanga Peninsula,155.36909434930067,11.50989733387057,135.27152748461077,25.512059458842653,416.4030971513378,0.35635979002575985,0.0,249.2917306730359,953.966848374889
ZAMBOANGA DEL NORTE,2010.0,1,0.7852247953414917,121.77213287353516,1.8081040382385252,3,Zamboanga Peninsula,132.58991867796087,9.779540810995181,118.21556377411783,21.844793926728705,421.2315317283581,0.0,0.0,297.0252156777316,894.6281951988215
ZAMBOANGA DEL NORTE,2013.0,0,0.905659794807434,107.5077896118164,1.7053114175796509,3,Zamboanga Peninsula,91.510991935646,13.023202917339601,142.49209871134437,14.347795799364787,313.9178473522016,0.0,0.0,492.8160570516088,972.2960286420063
ZAMBOANGA DEL NORTE,2016.0,1,0.8705934286117554,228.7054748535156,1.7125251293182373,3,Zamboanga Peninsula,209.66493408086208,10.23978946623899,226.07733550917027,6.172609153304454,259.6865626971944,0.0,0.0,751.6261082040761,1262.6875718818796
ZAMBOANGA DEL NORTE,2019.0,1,0.9533529281616212,95.62883758544922,2.1317248344421387,3,Zamboanga Peninsula,246.73784363673718,4.442216465551265,370.67003061434554,37.53138010064236,145.27603909477563,0.0,0.0,1028.207170041242,1578.0913994395394
ZAMBOANGA SIBUGAY,2001.0,0,0.9823884963989258,1.931746482849121,1.8863283395767207,3,Zamboanga Peninsula,8.273511834615382,5.1585144028663,354.6185630123235,21.83626061060736,205.00487002774543,0.0,0.0,319.3502813260233,665.9366810425134
ZAMBOANGA SIBUGAY,2004.0,1,0.939633309841156,18.28833770751953,2.5487349033355717,3,Zamboanga Peninsula,23.47907512401223,7.357545635775161,395.3424185041993,17.384894720298593,190.83558660708746,0.0,0.0,347.12091285970007,794.7087674246842
ZAMBOANGA SIBUGAY,2007.0,1,0.9464485049247742,19.72122001647949,1.7924748659133911,3,Zamboanga Peninsula,84.9268065943837,9.820405832832376,141.27719792252404,60.138251047335,317.21516359552834,0.0,0.0,467.48687810481647,1047.8556322107036
ZAMBOANGA SIBUGAY,2010.0,0,0.8287538886070251,28.541576385498047,1.895435333251953,3,Zamboanga Peninsula,53.85010020858086,18.898540967352368,79.96898749760544,41.35724422094113,264.7962976631069,0.0,0.0,489.6902514648646,937.8904596465404
ZAMBOANGA SIBUGAY,2013.0,0,0.9189718961715698,39.42887496948242,1.9581784009933472,3,Zamboanga Peninsula,267.46547001138015,24.907425510600635,224.32808085767238,285.230961525688,165.20776090698294,0.0,0.0,475.96407362404113,901.069726922797
ZAMBOANGA SIBUGAY,2016.0,1,0.9111064672470092,93.56282806396484,1.7196836471557615,3,Zamboanga Peninsula,267.66178099606185,31.751561764246002,330.56831830711207,31.154968846215024,156.03289087102047,0.0,0.0,538.0875639829626,1059.4707555701114
ZAMBOANGA SIBUGAY,2019.0,1,0.9433236718177797,76.73149108886719,1.9414104223251345,3,Zamboanga Peninsula,326.6899545014684,0.0,510.1242556622294,34.79534451693021,253.93638629676354,0.0,0.0,944.2194441149228,1746.6652194684646
